Time Stamp,Time Zone,Fuel Category,Gen MWh
12/19/2015 00:05,EST,Dual Fuel,2954.0
12/19/2015 00:05,EST,Hydro,2475.0
12/19/2015 00:05,EST,Natural Gas,1335.0
12/19/2015 00:05,EST,Nuclear,5418.0
12/19/2015 00:05,EST,Other Fossil Fuels,36.0
12/19/2015 00:05,EST,Other Renewables,310.0
12/19/2015 00:05,EST,Wind,711.0
12/19/2015 00:10,EST,Dual Fuel,3137.0
12/19/2015 00:10,EST,Hydro,2535.0
12/19/2015 00:10,EST,Natural Gas,1248.0
12/19/2015 00:10,EST,Nuclear,5419.0
12/19/2015 00:10,EST,Other Fossil Fuels,36.0
12/19/2015 00:10,EST,Other Renewables,314.0
12/19/2015 00:10,EST,Wind,703.0
12/19/2015 00:15,EST,Dual Fuel,3280.0
12/19/2015 00:15,EST,Hydro,2457.0
12/19/2015 00:15,EST,Natural Gas,1195.0
12/19/2015 00:15,EST,Nuclear,5420.0
12/19/2015 00:15,EST,Other Fossil Fuels,36.0
12/19/2015 00:15,EST,Other Renewables,313.0
12/19/2015 00:15,EST,Wind,684.0
12/19/2015 00:20,EST,Dual Fuel,3332.0
12/19/2015 00:20,EST,Hydro,2388.0
12/19/2015 00:20,EST,Natural Gas,1189.0
12/19/2015 00:20,EST,Nuclear,5417.0
12/19/2015 00:20,EST,Other Fossil Fuels,36.0
12/19/2015 00:20,EST,Other Renewables,308.0
12/19/2015 00:20,EST,Wind,658.0
12/19/2015 00:25,EST,Dual Fuel,3346.0
12/19/2015 00:25,EST,Hydro,2347.0
12/19/2015 00:25,EST,Natural Gas,1191.0
12/19/2015 00:25,EST,Nuclear,5420.0
12/19/2015 00:25,EST,Other Fossil Fuels,36.0
12/19/2015 00:25,EST,Other Renewables,310.0
12/19/2015 00:25,EST,Wind,663.0
12/19/2015 00:30,EST,Dual Fuel,3287.0
12/19/2015 00:30,EST,Hydro,2390.0
12/19/2015 00:30,EST,Natural Gas,1185.0
12/19/2015 00:30,EST,Nuclear,5419.0
12/19/2015 00:30,EST,Other Fossil Fuels,36.0
12/19/2015 00:30,EST,Other Renewables,309.0
12/19/2015 00:30,EST,Wind,662.0
12/19/2015 00:35,EST,Dual Fuel,3265.0
12/19/2015 00:35,EST,Hydro,2351.0
12/19/2015 00:35,EST,Natural Gas,1178.0
12/19/2015 00:35,EST,Nuclear,5421.0
12/19/2015 00:35,EST,Other Fossil Fuels,36.0
12/19/2015 00:35,EST,Other Renewables,309.0
12/19/2015 00:35,EST,Wind,697.0
12/19/2015 00:40,EST,Dual Fuel,3241.0
12/19/2015 00:40,EST,Hydro,2312.0
12/19/2015 00:40,EST,Natural Gas,1167.0
12/19/2015 00:40,EST,Nuclear,5418.0
12/19/2015 00:40,EST,Other Fossil Fuels,36.0
12/19/2015 00:40,EST,Other Renewables,310.0
12/19/2015 00:40,EST,Wind,713.0
12/19/2015 00:45,EST,Dual Fuel,3228.0
12/19/2015 00:45,EST,Hydro,2221.0
12/19/2015 00:45,EST,Natural Gas,1176.0
12/19/2015 00:45,EST,Nuclear,5418.0
12/19/2015 00:45,EST,Other Fossil Fuels,36.0
12/19/2015 00:45,EST,Other Renewables,312.0
12/19/2015 00:45,EST,Wind,714.0
12/19/2015 00:50,EST,Dual Fuel,3137.0
12/19/2015 00:50,EST,Hydro,2172.0
12/19/2015 00:50,EST,Natural Gas,1149.0
12/19/2015 00:50,EST,Nuclear,5420.0
12/19/2015 00:50,EST,Other Fossil Fuels,36.0
12/19/2015 00:50,EST,Other Renewables,313.0
12/19/2015 00:50,EST,Wind,754.0
12/19/2015 00:55,EST,Dual Fuel,3118.0
12/19/2015 00:55,EST,Hydro,2128.0
12/19/2015 00:55,EST,Natural Gas,1131.0
12/19/2015 00:55,EST,Nuclear,5422.0
12/19/2015 00:55,EST,Other Fossil Fuels,36.0
12/19/2015 00:55,EST,Other Renewables,310.0
12/19/2015 00:55,EST,Wind,787.0
12/19/2015 01:00,EST,Dual Fuel,3136.0
12/19/2015 01:00,EST,Hydro,2067.0
12/19/2015 01:00,EST,Natural Gas,1133.0
12/19/2015 01:00,EST,Nuclear,5422.0
12/19/2015 01:00,EST,Other Fossil Fuels,36.0
12/19/2015 01:00,EST,Other Renewables,311.0
12/19/2015 01:00,EST,Wind,770.0
12/19/2015 01:05,EST,Dual Fuel,3168.0
12/19/2015 01:05,EST,Hydro,1919.0
12/19/2015 01:05,EST,Natural Gas,1138.0
12/19/2015 01:05,EST,Nuclear,5422.0
12/19/2015 01:05,EST,Other Fossil Fuels,37.0
12/19/2015 01:05,EST,Other Renewables,313.0
12/19/2015 01:05,EST,Wind,755.0
12/19/2015 01:10,EST,Dual Fuel,3112.0
12/19/2015 01:10,EST,Hydro,1879.0
12/19/2015 01:10,EST,Natural Gas,1132.0
12/19/2015 01:10,EST,Nuclear,5420.0
12/19/2015 01:10,EST,Other Fossil Fuels,37.0
12/19/2015 01:10,EST,Other Renewables,312.0
12/19/2015 01:10,EST,Wind,757.0
12/19/2015 01:15,EST,Dual Fuel,3104.0
12/19/2015 01:15,EST,Hydro,1887.0
12/19/2015 01:15,EST,Natural Gas,1126.0
12/19/2015 01:15,EST,Nuclear,5420.0
12/19/2015 01:15,EST,Other Fossil Fuels,37.0
12/19/2015 01:15,EST,Other Renewables,311.0
12/19/2015 01:15,EST,Wind,759.0
12/19/2015 01:20,EST,Dual Fuel,3108.0
12/19/2015 01:20,EST,Hydro,1864.0
12/19/2015 01:20,EST,Natural Gas,1125.0
12/19/2015 01:20,EST,Nuclear,5418.0
12/19/2015 01:20,EST,Other Fossil Fuels,36.0
12/19/2015 01:20,EST,Other Renewables,311.0
12/19/2015 01:20,EST,Wind,757.0
12/19/2015 01:25,EST,Dual Fuel,3082.0
12/19/2015 01:25,EST,Hydro,1884.0
12/19/2015 01:25,EST,Natural Gas,1125.0
12/19/2015 01:25,EST,Nuclear,5420.0
12/19/2015 01:25,EST,Other Fossil Fuels,37.0
12/19/2015 01:25,EST,Other Renewables,310.0
12/19/2015 01:25,EST,Wind,747.0
12/19/2015 01:30,EST,Dual Fuel,3097.0
12/19/2015 01:30,EST,Hydro,1810.0
12/19/2015 01:30,EST,Natural Gas,1124.0
12/19/2015 01:30,EST,Nuclear,5424.0
12/19/2015 01:30,EST,Other Fossil Fuels,36.0
12/19/2015 01:30,EST,Other Renewables,311.0
12/19/2015 01:30,EST,Wind,755.0
12/19/2015 01:35,EST,Dual Fuel,3140.0
12/19/2015 01:35,EST,Hydro,1695.0
12/19/2015 01:35,EST,Natural Gas,1126.0
12/19/2015 01:35,EST,Nuclear,5422.0
12/19/2015 01:35,EST,Other Fossil Fuels,36.0
12/19/2015 01:35,EST,Other Renewables,310.0
12/19/2015 01:35,EST,Wind,778.0
12/19/2015 01:40,EST,Dual Fuel,3157.0
12/19/2015 01:40,EST,Hydro,1572.0
12/19/2015 01:40,EST,Natural Gas,1125.0
12/19/2015 01:40,EST,Nuclear,5422.0
12/19/2015 01:40,EST,Other Fossil Fuels,36.0
12/19/2015 01:40,EST,Other Renewables,305.0
12/19/2015 01:40,EST,Wind,820.0
12/19/2015 01:45,EST,Dual Fuel,3131.0
12/19/2015 01:45,EST,Hydro,1505.0
12/19/2015 01:45,EST,Natural Gas,1125.0
12/19/2015 01:45,EST,Nuclear,5423.0
12/19/2015 01:45,EST,Other Fossil Fuels,36.0
12/19/2015 01:45,EST,Other Renewables,306.0
12/19/2015 01:45,EST,Wind,853.0
12/19/2015 01:50,EST,Dual Fuel,3086.0
12/19/2015 01:50,EST,Hydro,1486.0
12/19/2015 01:50,EST,Natural Gas,1125.0
12/19/2015 01:50,EST,Nuclear,5422.0
12/19/2015 01:50,EST,Other Fossil Fuels,36.0
12/19/2015 01:50,EST,Other Renewables,308.0
12/19/2015 01:50,EST,Wind,853.0
12/19/2015 01:55,EST,Dual Fuel,3038.0
12/19/2015 01:55,EST,Hydro,1459.0
12/19/2015 01:55,EST,Natural Gas,1127.0
12/19/2015 01:55,EST,Nuclear,5423.0
12/19/2015 01:55,EST,Other Fossil Fuels,36.0
12/19/2015 01:55,EST,Other Renewables,312.0
12/19/2015 01:55,EST,Wind,836.0
12/19/2015 02:00,EST,Dual Fuel,2997.0
12/19/2015 02:00,EST,Hydro,1476.0
12/19/2015 02:00,EST,Natural Gas,1133.0
12/19/2015 02:00,EST,Nuclear,5422.0
12/19/2015 02:00,EST,Other Fossil Fuels,36.0
12/19/2015 02:00,EST,Other Renewables,312.0
12/19/2015 02:00,EST,Wind,831.0
12/19/2015 02:05,EST,Dual Fuel,3166.0
12/19/2015 02:05,EST,Hydro,1491.0
12/19/2015 02:05,EST,Natural Gas,1140.0
12/19/2015 02:05,EST,Nuclear,5422.0
12/19/2015 02:05,EST,Other Fossil Fuels,36.0
12/19/2015 02:05,EST,Other Renewables,310.0
12/19/2015 02:05,EST,Wind,843.0
12/19/2015 02:10,EST,Dual Fuel,3130.0
12/19/2015 02:10,EST,Hydro,1468.0
12/19/2015 02:10,EST,Natural Gas,1127.0
12/19/2015 02:10,EST,Nuclear,5422.0
12/19/2015 02:10,EST,Other Fossil Fuels,36.0
12/19/2015 02:10,EST,Other Renewables,312.0
12/19/2015 02:10,EST,Wind,858.0
12/19/2015 02:15,EST,Dual Fuel,3128.0
12/19/2015 02:15,EST,Hydro,1470.0
12/19/2015 02:15,EST,Natural Gas,1126.0
12/19/2015 02:15,EST,Nuclear,5425.0
12/19/2015 02:15,EST,Other Fossil Fuels,36.0
12/19/2015 02:15,EST,Other Renewables,310.0
12/19/2015 02:15,EST,Wind,867.0
12/19/2015 02:20,EST,Dual Fuel,3162.0
12/19/2015 02:20,EST,Hydro,1476.0
12/19/2015 02:20,EST,Natural Gas,1126.0
12/19/2015 02:20,EST,Nuclear,5424.0
12/19/2015 02:20,EST,Other Fossil Fuels,36.0
12/19/2015 02:20,EST,Other Renewables,309.0
12/19/2015 02:20,EST,Wind,856.0
12/19/2015 02:25,EST,Dual Fuel,3192.0
12/19/2015 02:25,EST,Hydro,1499.0
12/19/2015 02:25,EST,Natural Gas,1125.0
12/19/2015 02:25,EST,Nuclear,5423.0
12/19/2015 02:25,EST,Other Fossil Fuels,36.0
12/19/2015 02:25,EST,Other Renewables,309.0
12/19/2015 02:25,EST,Wind,840.0
12/19/2015 02:30,EST,Dual Fuel,3191.0
12/19/2015 02:30,EST,Hydro,1498.0
12/19/2015 02:30,EST,Natural Gas,1125.0
12/19/2015 02:30,EST,Nuclear,5423.0
12/19/2015 02:30,EST,Other Fossil Fuels,36.0
12/19/2015 02:30,EST,Other Renewables,312.0
12/19/2015 02:30,EST,Wind,839.0
12/19/2015 02:35,EST,Dual Fuel,3192.0
12/19/2015 02:35,EST,Hydro,1452.0
12/19/2015 02:35,EST,Natural Gas,1127.0
12/19/2015 02:35,EST,Nuclear,5423.0
12/19/2015 02:35,EST,Other Fossil Fuels,36.0
12/19/2015 02:35,EST,Other Renewables,313.0
12/19/2015 02:35,EST,Wind,860.0
12/19/2015 02:40,EST,Dual Fuel,3182.0
12/19/2015 02:40,EST,Hydro,1412.0
12/19/2015 02:40,EST,Natural Gas,1127.0
12/19/2015 02:40,EST,Nuclear,5424.0
12/19/2015 02:40,EST,Other Fossil Fuels,36.0
12/19/2015 02:40,EST,Other Renewables,311.0
12/19/2015 02:40,EST,Wind,878.0
12/19/2015 02:45,EST,Dual Fuel,3181.0
12/19/2015 02:45,EST,Hydro,1386.0
12/19/2015 02:45,EST,Natural Gas,1113.0
12/19/2015 02:45,EST,Nuclear,5424.0
12/19/2015 02:45,EST,Other Fossil Fuels,36.0
12/19/2015 02:45,EST,Other Renewables,311.0
12/19/2015 02:45,EST,Wind,893.0
12/19/2015 02:50,EST,Dual Fuel,3143.0
12/19/2015 02:50,EST,Hydro,1388.0
12/19/2015 02:50,EST,Natural Gas,1119.0
12/19/2015 02:50,EST,Nuclear,5423.0
12/19/2015 02:50,EST,Other Fossil Fuels,36.0
12/19/2015 02:50,EST,Other Renewables,310.0
12/19/2015 02:50,EST,Wind,888.0
12/19/2015 02:55,EST,Dual Fuel,3173.0
12/19/2015 02:55,EST,Hydro,1382.0
12/19/2015 02:55,EST,Natural Gas,1119.0
12/19/2015 02:55,EST,Nuclear,5422.0
12/19/2015 02:55,EST,Other Fossil Fuels,36.0
12/19/2015 02:55,EST,Other Renewables,310.0
12/19/2015 02:55,EST,Wind,883.0
12/19/2015 03:00,EST,Dual Fuel,3160.0
12/19/2015 03:00,EST,Hydro,1272.0
12/19/2015 03:00,EST,Natural Gas,1119.0
12/19/2015 03:00,EST,Nuclear,5422.0
12/19/2015 03:00,EST,Other Fossil Fuels,36.0
12/19/2015 03:00,EST,Other Renewables,313.0
12/19/2015 03:00,EST,Wind,880.0
12/19/2015 03:05,EST,Dual Fuel,3141.0
12/19/2015 03:05,EST,Hydro,1245.0
12/19/2015 03:05,EST,Natural Gas,1129.0
12/19/2015 03:05,EST,Nuclear,5421.0
12/19/2015 03:05,EST,Other Fossil Fuels,36.0
12/19/2015 03:05,EST,Other Renewables,315.0
12/19/2015 03:05,EST,Wind,816.0
12/19/2015 03:10,EST,Dual Fuel,3252.0
12/19/2015 03:10,EST,Hydro,1278.0
12/19/2015 03:10,EST,Natural Gas,1137.0
12/19/2015 03:10,EST,Nuclear,5420.0
12/19/2015 03:10,EST,Other Fossil Fuels,36.0
12/19/2015 03:10,EST,Other Renewables,311.0
12/19/2015 03:10,EST,Wind,800.0
12/19/2015 03:15,EST,Dual Fuel,3172.0
12/19/2015 03:15,EST,Hydro,1312.0
12/19/2015 03:15,EST,Natural Gas,1120.0
12/19/2015 03:15,EST,Nuclear,5420.0
12/19/2015 03:15,EST,Other Fossil Fuels,36.0
12/19/2015 03:15,EST,Other Renewables,313.0
12/19/2015 03:15,EST,Wind,845.0
12/19/2015 03:20,EST,Dual Fuel,3063.0
12/19/2015 03:20,EST,Hydro,1437.0
12/19/2015 03:20,EST,Natural Gas,1120.0
12/19/2015 03:20,EST,Nuclear,5420.0
12/19/2015 03:20,EST,Other Fossil Fuels,36.0
12/19/2015 03:20,EST,Other Renewables,311.0
12/19/2015 03:20,EST,Wind,852.0
12/19/2015 03:25,EST,Dual Fuel,3091.0
12/19/2015 03:25,EST,Hydro,1484.0
12/19/2015 03:25,EST,Natural Gas,1118.0
12/19/2015 03:25,EST,Nuclear,5420.0
12/19/2015 03:25,EST,Other Fossil Fuels,36.0
12/19/2015 03:25,EST,Other Renewables,312.0
12/19/2015 03:25,EST,Wind,841.0
12/19/2015 03:30,EST,Dual Fuel,3088.0
12/19/2015 03:30,EST,Hydro,1541.0
12/19/2015 03:30,EST,Natural Gas,1119.0
12/19/2015 03:30,EST,Nuclear,5422.0
12/19/2015 03:30,EST,Other Fossil Fuels,36.0
12/19/2015 03:30,EST,Other Renewables,310.0
12/19/2015 03:30,EST,Wind,856.0
12/19/2015 03:35,EST,Dual Fuel,3103.0
12/19/2015 03:35,EST,Hydro,1483.0
12/19/2015 03:35,EST,Natural Gas,1118.0
12/19/2015 03:35,EST,Nuclear,5420.0
12/19/2015 03:35,EST,Other Fossil Fuels,36.0
12/19/2015 03:35,EST,Other Renewables,311.0
12/19/2015 03:35,EST,Wind,866.0
12/19/2015 03:40,EST,Dual Fuel,3095.0
12/19/2015 03:40,EST,Hydro,1497.0
12/19/2015 03:40,EST,Natural Gas,1120.0
12/19/2015 03:40,EST,Nuclear,5420.0
12/19/2015 03:40,EST,Other Fossil Fuels,37.0
12/19/2015 03:40,EST,Other Renewables,313.0
12/19/2015 03:40,EST,Wind,863.0
12/19/2015 03:45,EST,Dual Fuel,3073.0
12/19/2015 03:45,EST,Hydro,1463.0
12/19/2015 03:45,EST,Natural Gas,1119.0
12/19/2015 03:45,EST,Nuclear,5420.0
12/19/2015 03:45,EST,Other Fossil Fuels,37.0
12/19/2015 03:45,EST,Other Renewables,311.0
12/19/2015 03:45,EST,Wind,868.0
12/19/2015 03:50,EST,Dual Fuel,3060.0
12/19/2015 03:50,EST,Hydro,1434.0
12/19/2015 03:50,EST,Natural Gas,1121.0
12/19/2015 03:50,EST,Nuclear,5419.0
12/19/2015 03:50,EST,Other Fossil Fuels,37.0
12/19/2015 03:50,EST,Other Renewables,308.0
12/19/2015 03:50,EST,Wind,883.0
12/19/2015 03:55,EST,Dual Fuel,3038.0
12/19/2015 03:55,EST,Hydro,1421.0
12/19/2015 03:55,EST,Natural Gas,1119.0
12/19/2015 03:55,EST,Nuclear,5418.0
12/19/2015 03:55,EST,Other Fossil Fuels,36.0
12/19/2015 03:55,EST,Other Renewables,309.0
12/19/2015 03:55,EST,Wind,887.0
12/19/2015 04:00,EST,Dual Fuel,2962.0
12/19/2015 04:00,EST,Hydro,1493.0
12/19/2015 04:00,EST,Natural Gas,1119.0
12/19/2015 04:00,EST,Nuclear,5418.0
12/19/2015 04:00,EST,Other Fossil Fuels,37.0
12/19/2015 04:00,EST,Other Renewables,310.0
12/19/2015 04:00,EST,Wind,885.0
12/19/2015 04:05,EST,Dual Fuel,2945.0
12/19/2015 04:05,EST,Hydro,1600.0
12/19/2015 04:05,EST,Natural Gas,1118.0
12/19/2015 04:05,EST,Nuclear,5418.0
12/19/2015 04:05,EST,Other Fossil Fuels,36.0
12/19/2015 04:05,EST,Other Renewables,308.0
12/19/2015 04:05,EST,Wind,901.0
12/19/2015 04:10,EST,Dual Fuel,2952.0
12/19/2015 04:10,EST,Hydro,1735.0
12/19/2015 04:10,EST,Natural Gas,1119.0
12/19/2015 04:10,EST,Nuclear,5417.0
12/19/2015 04:10,EST,Other Fossil Fuels,37.0
12/19/2015 04:10,EST,Other Renewables,307.0
12/19/2015 04:10,EST,Wind,906.0
12/19/2015 04:15,EST,Dual Fuel,2894.0
12/19/2015 04:15,EST,Hydro,1839.0
12/19/2015 04:15,EST,Natural Gas,1118.0
12/19/2015 04:15,EST,Nuclear,5421.0
12/19/2015 04:15,EST,Other Fossil Fuels,37.0
12/19/2015 04:15,EST,Other Renewables,305.0
12/19/2015 04:15,EST,Wind,912.0
12/19/2015 04:20,EST,Dual Fuel,2929.0
12/19/2015 04:20,EST,Hydro,1854.0
12/19/2015 04:20,EST,Natural Gas,1118.0
12/19/2015 04:20,EST,Nuclear,5421.0
12/19/2015 04:20,EST,Other Fossil Fuels,37.0
12/19/2015 04:20,EST,Other Renewables,305.0
12/19/2015 04:20,EST,Wind,937.0
12/19/2015 04:25,EST,Dual Fuel,3050.0
12/19/2015 04:25,EST,Hydro,1808.0
12/19/2015 04:25,EST,Natural Gas,1118.0
12/19/2015 04:25,EST,Nuclear,5421.0
12/19/2015 04:25,EST,Other Fossil Fuels,36.0
12/19/2015 04:25,EST,Other Renewables,302.0
12/19/2015 04:25,EST,Wind,946.0
12/19/2015 04:30,EST,Dual Fuel,3097.0
12/19/2015 04:30,EST,Hydro,1724.0
12/19/2015 04:30,EST,Natural Gas,1118.0
12/19/2015 04:30,EST,Nuclear,5420.0
12/19/2015 04:30,EST,Other Fossil Fuels,37.0
12/19/2015 04:30,EST,Other Renewables,307.0
12/19/2015 04:30,EST,Wind,975.0
12/19/2015 04:35,EST,Dual Fuel,3074.0
12/19/2015 04:35,EST,Hydro,1695.0
12/19/2015 04:35,EST,Natural Gas,1120.0
12/19/2015 04:35,EST,Nuclear,5420.0
12/19/2015 04:35,EST,Other Fossil Fuels,37.0
12/19/2015 04:35,EST,Other Renewables,309.0
12/19/2015 04:35,EST,Wind,1001.0
12/19/2015 04:40,EST,Dual Fuel,3146.0
12/19/2015 04:40,EST,Hydro,1620.0
12/19/2015 04:40,EST,Natural Gas,1118.0
12/19/2015 04:40,EST,Nuclear,5421.0
12/19/2015 04:40,EST,Other Fossil Fuels,37.0
12/19/2015 04:40,EST,Other Renewables,311.0
12/19/2015 04:40,EST,Wind,1031.0
12/19/2015 04:45,EST,Dual Fuel,3149.0
12/19/2015 04:45,EST,Hydro,1599.0
12/19/2015 04:45,EST,Natural Gas,1119.0
12/19/2015 04:45,EST,Nuclear,5417.0
12/19/2015 04:45,EST,Other Fossil Fuels,37.0
12/19/2015 04:45,EST,Other Renewables,309.0
12/19/2015 04:45,EST,Wind,1052.0
12/19/2015 04:50,EST,Dual Fuel,3114.0
12/19/2015 04:50,EST,Hydro,1629.0
12/19/2015 04:50,EST,Natural Gas,1119.0
12/19/2015 04:50,EST,Nuclear,5419.0
12/19/2015 04:50,EST,Other Fossil Fuels,36.0
12/19/2015 04:50,EST,Other Renewables,314.0
12/19/2015 04:50,EST,Wind,1051.0
12/19/2015 04:55,EST,Dual Fuel,3144.0
12/19/2015 04:55,EST,Hydro,1633.0
12/19/2015 04:55,EST,Natural Gas,1111.0
12/19/2015 04:55,EST,Nuclear,5420.0
12/19/2015 04:55,EST,Other Fossil Fuels,37.0
12/19/2015 04:55,EST,Other Renewables,314.0
12/19/2015 04:55,EST,Wind,1036.0
12/19/2015 05:00,EST,Dual Fuel,3124.0
12/19/2015 05:00,EST,Hydro,1659.0
12/19/2015 05:00,EST,Natural Gas,1093.0
12/19/2015 05:00,EST,Nuclear,5420.0
12/19/2015 05:00,EST,Other Fossil Fuels,36.0
12/19/2015 05:00,EST,Other Renewables,312.0
12/19/2015 05:00,EST,Wind,1030.0
12/19/2015 05:05,EST,Dual Fuel,3028.0
12/19/2015 05:05,EST,Hydro,1701.0
12/19/2015 05:05,EST,Natural Gas,1079.0
12/19/2015 05:05,EST,Nuclear,5420.0
12/19/2015 05:05,EST,Other Fossil Fuels,37.0
12/19/2015 05:05,EST,Other Renewables,313.0
12/19/2015 05:05,EST,Wind,1049.0
12/19/2015 05:10,EST,Dual Fuel,3062.0
12/19/2015 05:10,EST,Hydro,1635.0
12/19/2015 05:10,EST,Natural Gas,1080.0
12/19/2015 05:10,EST,Nuclear,5421.0
12/19/2015 05:10,EST,Other Fossil Fuels,36.0
12/19/2015 05:10,EST,Other Renewables,312.0
12/19/2015 05:10,EST,Wind,1068.0
12/19/2015 05:15,EST,Dual Fuel,3086.0
12/19/2015 05:15,EST,Hydro,1575.0
12/19/2015 05:15,EST,Natural Gas,1077.0
12/19/2015 05:15,EST,Nuclear,5421.0
12/19/2015 05:15,EST,Other Fossil Fuels,36.0
12/19/2015 05:15,EST,Other Renewables,309.0
12/19/2015 05:15,EST,Wind,1075.0
12/19/2015 05:20,EST,Dual Fuel,3018.0
12/19/2015 05:20,EST,Hydro,1584.0
12/19/2015 05:20,EST,Natural Gas,1081.0
12/19/2015 05:20,EST,Nuclear,5421.0
12/19/2015 05:20,EST,Other Fossil Fuels,36.0
12/19/2015 05:20,EST,Other Renewables,307.0
12/19/2015 05:20,EST,Wind,1069.0
12/19/2015 05:25,EST,Dual Fuel,2989.0
12/19/2015 05:25,EST,Hydro,1598.0
12/19/2015 05:25,EST,Natural Gas,1085.0
12/19/2015 05:25,EST,Nuclear,5420.0
12/19/2015 05:25,EST,Other Fossil Fuels,37.0
12/19/2015 05:25,EST,Other Renewables,307.0
12/19/2015 05:25,EST,Wind,1105.0
12/19/2015 05:30,EST,Dual Fuel,2938.0
12/19/2015 05:30,EST,Hydro,1644.0
12/19/2015 05:30,EST,Natural Gas,1117.0
12/19/2015 05:30,EST,Nuclear,5421.0
12/19/2015 05:30,EST,Other Fossil Fuels,37.0
12/19/2015 05:30,EST,Other Renewables,306.0
12/19/2015 05:30,EST,Wind,1101.0
12/19/2015 05:35,EST,Dual Fuel,2870.0
12/19/2015 05:35,EST,Hydro,1628.0
12/19/2015 05:35,EST,Natural Gas,1150.0
12/19/2015 05:35,EST,Nuclear,5420.0
12/19/2015 05:35,EST,Other Fossil Fuels,37.0
12/19/2015 05:35,EST,Other Renewables,302.0
12/19/2015 05:35,EST,Wind,1107.0
12/19/2015 05:40,EST,Dual Fuel,2878.0
12/19/2015 05:40,EST,Hydro,1564.0
12/19/2015 05:40,EST,Natural Gas,1191.0
12/19/2015 05:40,EST,Nuclear,5420.0
12/19/2015 05:40,EST,Other Fossil Fuels,36.0
12/19/2015 05:40,EST,Other Renewables,302.0
12/19/2015 05:40,EST,Wind,1097.0
12/19/2015 05:45,EST,Dual Fuel,2912.0
12/19/2015 05:45,EST,Hydro,1526.0
12/19/2015 05:45,EST,Natural Gas,1208.0
12/19/2015 05:45,EST,Nuclear,5420.0
12/19/2015 05:45,EST,Other Fossil Fuels,36.0
12/19/2015 05:45,EST,Other Renewables,299.0
12/19/2015 05:45,EST,Wind,1093.0
12/19/2015 05:50,EST,Dual Fuel,2926.0
12/19/2015 05:50,EST,Hydro,1543.0
12/19/2015 05:50,EST,Natural Gas,1208.0
12/19/2015 05:50,EST,Nuclear,5419.0
12/19/2015 05:50,EST,Other Fossil Fuels,36.0
12/19/2015 05:50,EST,Other Renewables,301.0
12/19/2015 05:50,EST,Wind,1092.0
12/19/2015 05:55,EST,Dual Fuel,2957.0
12/19/2015 05:55,EST,Hydro,1596.0
12/19/2015 05:55,EST,Natural Gas,1217.0
12/19/2015 05:55,EST,Nuclear,5421.0
12/19/2015 05:55,EST,Other Fossil Fuels,36.0
12/19/2015 05:55,EST,Other Renewables,300.0
12/19/2015 05:55,EST,Wind,1114.0
12/19/2015 06:00,EST,Dual Fuel,2984.0
12/19/2015 06:00,EST,Hydro,1599.0
12/19/2015 06:00,EST,Natural Gas,1214.0
12/19/2015 06:00,EST,Nuclear,5418.0
12/19/2015 06:00,EST,Other Fossil Fuels,36.0
12/19/2015 06:00,EST,Other Renewables,300.0
12/19/2015 06:00,EST,Wind,1149.0
12/19/2015 06:05,EST,Dual Fuel,3029.0
12/19/2015 06:05,EST,Hydro,1658.0
12/19/2015 06:05,EST,Natural Gas,1220.0
12/19/2015 06:05,EST,Nuclear,5420.0
12/19/2015 06:05,EST,Other Fossil Fuels,36.0
12/19/2015 06:05,EST,Other Renewables,305.0
12/19/2015 06:05,EST,Wind,1135.0
12/19/2015 06:10,EST,Dual Fuel,3164.0
12/19/2015 06:10,EST,Hydro,1634.0
12/19/2015 06:10,EST,Natural Gas,1225.0
12/19/2015 06:10,EST,Nuclear,5417.0
12/19/2015 06:10,EST,Other Fossil Fuels,36.0
12/19/2015 06:10,EST,Other Renewables,304.0
12/19/2015 06:10,EST,Wind,1125.0
12/19/2015 06:15,EST,Dual Fuel,3172.0
12/19/2015 06:15,EST,Hydro,1747.0
12/19/2015 06:15,EST,Natural Gas,1239.0
12/19/2015 06:15,EST,Nuclear,5419.0
12/19/2015 06:15,EST,Other Fossil Fuels,36.0
12/19/2015 06:15,EST,Other Renewables,306.0
12/19/2015 06:15,EST,Wind,1120.0
12/19/2015 06:20,EST,Dual Fuel,3212.0
12/19/2015 06:20,EST,Hydro,1807.0
12/19/2015 06:20,EST,Natural Gas,1262.0
12/19/2015 06:20,EST,Nuclear,5419.0
12/19/2015 06:20,EST,Other Fossil Fuels,36.0
12/19/2015 06:20,EST,Other Renewables,303.0
12/19/2015 06:20,EST,Wind,1144.0
12/19/2015 06:25,EST,Dual Fuel,3248.0
12/19/2015 06:25,EST,Hydro,1857.0
12/19/2015 06:25,EST,Natural Gas,1274.0
12/19/2015 06:25,EST,Nuclear,5420.0
12/19/2015 06:25,EST,Other Fossil Fuels,36.0
12/19/2015 06:25,EST,Other Renewables,299.0
12/19/2015 06:25,EST,Wind,1192.0
12/19/2015 06:30,EST,Dual Fuel,3257.0
12/19/2015 06:30,EST,Hydro,1832.0
12/19/2015 06:30,EST,Natural Gas,1297.0
12/19/2015 06:30,EST,Nuclear,5419.0
12/19/2015 06:30,EST,Other Fossil Fuels,36.0
12/19/2015 06:30,EST,Other Renewables,304.0
12/19/2015 06:30,EST,Wind,1159.0
12/19/2015 06:35,EST,Dual Fuel,3258.0
12/19/2015 06:35,EST,Hydro,1839.0
12/19/2015 06:35,EST,Natural Gas,1318.0
12/19/2015 06:35,EST,Nuclear,5420.0
12/19/2015 06:35,EST,Other Fossil Fuels,36.0
12/19/2015 06:35,EST,Other Renewables,308.0
12/19/2015 06:35,EST,Wind,1127.0
12/19/2015 06:40,EST,Dual Fuel,3239.0
12/19/2015 06:40,EST,Hydro,1913.0
12/19/2015 06:40,EST,Natural Gas,1361.0
12/19/2015 06:40,EST,Nuclear,5421.0
12/19/2015 06:40,EST,Other Fossil Fuels,36.0
12/19/2015 06:40,EST,Other Renewables,310.0
12/19/2015 06:40,EST,Wind,1085.0
12/19/2015 06:45,EST,Dual Fuel,3258.0
12/19/2015 06:45,EST,Hydro,1978.0
12/19/2015 06:45,EST,Natural Gas,1377.0
12/19/2015 06:45,EST,Nuclear,5419.0
12/19/2015 06:45,EST,Other Fossil Fuels,36.0
12/19/2015 06:45,EST,Other Renewables,315.0
12/19/2015 06:45,EST,Wind,1048.0
12/19/2015 06:50,EST,Dual Fuel,3280.0
12/19/2015 06:50,EST,Hydro,2064.0
12/19/2015 06:50,EST,Natural Gas,1382.0
12/19/2015 06:50,EST,Nuclear,5422.0
12/19/2015 06:50,EST,Other Fossil Fuels,36.0
12/19/2015 06:50,EST,Other Renewables,315.0
12/19/2015 06:50,EST,Wind,1033.0
12/19/2015 06:55,EST,Dual Fuel,3293.0
12/19/2015 06:55,EST,Hydro,2072.0
12/19/2015 06:55,EST,Natural Gas,1392.0
12/19/2015 06:55,EST,Nuclear,5422.0
12/19/2015 06:55,EST,Other Fossil Fuels,36.0
12/19/2015 06:55,EST,Other Renewables,314.0
12/19/2015 06:55,EST,Wind,1020.0
12/19/2015 07:00,EST,Dual Fuel,3314.0
12/19/2015 07:00,EST,Hydro,2156.0
12/19/2015 07:00,EST,Natural Gas,1385.0
12/19/2015 07:00,EST,Nuclear,5419.0
12/19/2015 07:00,EST,Other Fossil Fuels,36.0
12/19/2015 07:00,EST,Other Renewables,311.0
12/19/2015 07:00,EST,Wind,1013.0
12/19/2015 07:05,EST,Dual Fuel,3263.0
12/19/2015 07:05,EST,Hydro,2154.0
12/19/2015 07:05,EST,Natural Gas,1400.0
12/19/2015 07:05,EST,Nuclear,5422.0
12/19/2015 07:05,EST,Other Fossil Fuels,36.0
12/19/2015 07:05,EST,Other Renewables,313.0
12/19/2015 07:05,EST,Wind,981.0
12/19/2015 07:10,EST,Dual Fuel,3278.0
12/19/2015 07:10,EST,Hydro,2177.0
12/19/2015 07:10,EST,Natural Gas,1426.0
12/19/2015 07:10,EST,Nuclear,5421.0
12/19/2015 07:10,EST,Other Fossil Fuels,36.0
12/19/2015 07:10,EST,Other Renewables,312.0
12/19/2015 07:10,EST,Wind,945.0
12/19/2015 07:15,EST,Dual Fuel,3249.0
12/19/2015 07:15,EST,Hydro,2292.0
12/19/2015 07:15,EST,Natural Gas,1472.0
12/19/2015 07:15,EST,Nuclear,5420.0
12/19/2015 07:15,EST,Other Fossil Fuels,36.0
12/19/2015 07:15,EST,Other Renewables,308.0
12/19/2015 07:15,EST,Wind,933.0
12/19/2015 07:20,EST,Dual Fuel,3239.0
12/19/2015 07:20,EST,Hydro,2331.0
12/19/2015 07:20,EST,Natural Gas,1501.0
12/19/2015 07:20,EST,Nuclear,5419.0
12/19/2015 07:20,EST,Other Fossil Fuels,36.0
12/19/2015 07:20,EST,Other Renewables,311.0
12/19/2015 07:20,EST,Wind,921.0
12/19/2015 07:25,EST,Dual Fuel,3187.0
12/19/2015 07:25,EST,Hydro,2440.0
12/19/2015 07:25,EST,Natural Gas,1537.0
12/19/2015 07:25,EST,Nuclear,5420.0
12/19/2015 07:25,EST,Other Fossil Fuels,36.0
12/19/2015 07:25,EST,Other Renewables,310.0
12/19/2015 07:25,EST,Wind,903.0
12/19/2015 07:30,EST,Dual Fuel,3176.0
12/19/2015 07:30,EST,Hydro,2506.0
12/19/2015 07:30,EST,Natural Gas,1583.0
12/19/2015 07:30,EST,Nuclear,5419.0
12/19/2015 07:30,EST,Other Fossil Fuels,36.0
12/19/2015 07:30,EST,Other Renewables,310.0
12/19/2015 07:30,EST,Wind,905.0
12/19/2015 07:35,EST,Dual Fuel,3172.0
12/19/2015 07:35,EST,Hydro,2497.0
12/19/2015 07:35,EST,Natural Gas,1606.0
12/19/2015 07:35,EST,Nuclear,5420.0
12/19/2015 07:35,EST,Other Fossil Fuels,36.0
12/19/2015 07:35,EST,Other Renewables,313.0
12/19/2015 07:35,EST,Wind,907.0
12/19/2015 07:40,EST,Dual Fuel,3232.0
12/19/2015 07:40,EST,Hydro,2519.0
12/19/2015 07:40,EST,Natural Gas,1622.0
12/19/2015 07:40,EST,Nuclear,5420.0
12/19/2015 07:40,EST,Other Fossil Fuels,36.0
12/19/2015 07:40,EST,Other Renewables,313.0
12/19/2015 07:40,EST,Wind,907.0
12/19/2015 07:45,EST,Dual Fuel,3301.0
12/19/2015 07:45,EST,Hydro,2484.0
12/19/2015 07:45,EST,Natural Gas,1643.0
12/19/2015 07:45,EST,Nuclear,5420.0
12/19/2015 07:45,EST,Other Fossil Fuels,36.0
12/19/2015 07:45,EST,Other Renewables,314.0
12/19/2015 07:45,EST,Wind,927.0
12/19/2015 07:50,EST,Dual Fuel,3341.0
12/19/2015 07:50,EST,Hydro,2449.0
12/19/2015 07:50,EST,Natural Gas,1660.0
12/19/2015 07:50,EST,Nuclear,5421.0
12/19/2015 07:50,EST,Other Fossil Fuels,36.0
12/19/2015 07:50,EST,Other Renewables,316.0
12/19/2015 07:50,EST,Wind,950.0
12/19/2015 07:55,EST,Dual Fuel,3352.0
12/19/2015 07:55,EST,Hydro,2481.0
12/19/2015 07:55,EST,Natural Gas,1673.0
12/19/2015 07:55,EST,Nuclear,5419.0
12/19/2015 07:55,EST,Other Fossil Fuels,36.0
12/19/2015 07:55,EST,Other Renewables,316.0
12/19/2015 07:55,EST,Wind,980.0
12/19/2015 08:00,EST,Dual Fuel,3331.0
12/19/2015 08:00,EST,Hydro,2513.0
12/19/2015 08:00,EST,Natural Gas,1674.0
12/19/2015 08:00,EST,Nuclear,5421.0
12/19/2015 08:00,EST,Other Fossil Fuels,36.0
12/19/2015 08:00,EST,Other Renewables,316.0
12/19/2015 08:00,EST,Wind,971.0
12/19/2015 08:05,EST,Dual Fuel,3341.0
12/19/2015 08:05,EST,Hydro,2456.0
12/19/2015 08:05,EST,Natural Gas,1670.0
12/19/2015 08:05,EST,Nuclear,5420.0
12/19/2015 08:05,EST,Other Fossil Fuels,36.0
12/19/2015 08:05,EST,Other Renewables,318.0
12/19/2015 08:05,EST,Wind,953.0
12/19/2015 08:10,EST,Dual Fuel,3384.0
12/19/2015 08:10,EST,Hydro,2396.0
12/19/2015 08:10,EST,Natural Gas,1659.0
12/19/2015 08:10,EST,Nuclear,5421.0
12/19/2015 08:10,EST,Other Fossil Fuels,36.0
12/19/2015 08:10,EST,Other Renewables,319.0
12/19/2015 08:10,EST,Wind,911.0
12/19/2015 08:15,EST,Dual Fuel,3351.0
12/19/2015 08:15,EST,Hydro,2436.0
12/19/2015 08:15,EST,Natural Gas,1664.0
12/19/2015 08:15,EST,Nuclear,5421.0
12/19/2015 08:15,EST,Other Fossil Fuels,36.0
12/19/2015 08:15,EST,Other Renewables,324.0
12/19/2015 08:15,EST,Wind,908.0
12/19/2015 08:20,EST,Dual Fuel,3340.0
12/19/2015 08:20,EST,Hydro,2495.0
12/19/2015 08:20,EST,Natural Gas,1670.0
12/19/2015 08:20,EST,Nuclear,5420.0
12/19/2015 08:20,EST,Other Fossil Fuels,37.0
12/19/2015 08:20,EST,Other Renewables,328.0
12/19/2015 08:20,EST,Wind,900.0
12/19/2015 08:25,EST,Dual Fuel,3464.0
12/19/2015 08:25,EST,Hydro,2464.0
12/19/2015 08:25,EST,Natural Gas,1671.0
12/19/2015 08:25,EST,Nuclear,5420.0
12/19/2015 08:25,EST,Other Fossil Fuels,37.0
12/19/2015 08:25,EST,Other Renewables,331.0
12/19/2015 08:25,EST,Wind,883.0
12/19/2015 08:30,EST,Dual Fuel,3505.0
12/19/2015 08:30,EST,Hydro,2450.0
12/19/2015 08:30,EST,Natural Gas,1675.0
12/19/2015 08:30,EST,Nuclear,5420.0
12/19/2015 08:30,EST,Other Fossil Fuels,37.0
12/19/2015 08:30,EST,Other Renewables,331.0
12/19/2015 08:30,EST,Wind,849.0
12/19/2015 08:35,EST,Dual Fuel,3523.0
12/19/2015 08:35,EST,Hydro,2503.0
12/19/2015 08:35,EST,Natural Gas,1657.0
12/19/2015 08:35,EST,Nuclear,5420.0
12/19/2015 08:35,EST,Other Fossil Fuels,36.0
12/19/2015 08:35,EST,Other Renewables,332.0
12/19/2015 08:35,EST,Wind,842.0
12/19/2015 08:40,EST,Dual Fuel,3490.0
12/19/2015 08:40,EST,Hydro,2551.0
12/19/2015 08:40,EST,Natural Gas,1655.0
12/19/2015 08:40,EST,Nuclear,5419.0
12/19/2015 08:40,EST,Other Fossil Fuels,37.0
12/19/2015 08:40,EST,Other Renewables,328.0
12/19/2015 08:40,EST,Wind,841.0
12/19/2015 08:45,EST,Dual Fuel,3521.0
12/19/2015 08:45,EST,Hydro,2541.0
12/19/2015 08:45,EST,Natural Gas,1653.0
12/19/2015 08:45,EST,Nuclear,5417.0
12/19/2015 08:45,EST,Other Fossil Fuels,37.0
12/19/2015 08:45,EST,Other Renewables,327.0
12/19/2015 08:45,EST,Wind,851.0
12/19/2015 08:50,EST,Dual Fuel,3532.0
12/19/2015 08:50,EST,Hydro,2597.0
12/19/2015 08:50,EST,Natural Gas,1657.0
12/19/2015 08:50,EST,Nuclear,5421.0
12/19/2015 08:50,EST,Other Fossil Fuels,37.0
12/19/2015 08:50,EST,Other Renewables,321.0
12/19/2015 08:50,EST,Wind,841.0
12/19/2015 08:55,EST,Dual Fuel,3586.0
12/19/2015 08:55,EST,Hydro,2621.0
12/19/2015 08:55,EST,Natural Gas,1659.0
12/19/2015 08:55,EST,Nuclear,5420.0
12/19/2015 08:55,EST,Other Fossil Fuels,36.0
12/19/2015 08:55,EST,Other Renewables,330.0
12/19/2015 08:55,EST,Wind,847.0
12/19/2015 09:00,EST,Dual Fuel,3617.0
12/19/2015 09:00,EST,Hydro,2588.0
12/19/2015 09:00,EST,Natural Gas,1671.0
12/19/2015 09:00,EST,Nuclear,5421.0
12/19/2015 09:00,EST,Other Fossil Fuels,37.0
12/19/2015 09:00,EST,Other Renewables,333.0
12/19/2015 09:00,EST,Wind,869.0
12/19/2015 09:05,EST,Dual Fuel,3662.0
12/19/2015 09:05,EST,Hydro,2579.0
12/19/2015 09:05,EST,Natural Gas,1685.0
12/19/2015 09:05,EST,Nuclear,5422.0
12/19/2015 09:05,EST,Other Fossil Fuels,36.0
12/19/2015 09:05,EST,Other Renewables,335.0
12/19/2015 09:05,EST,Wind,908.0
12/19/2015 09:10,EST,Dual Fuel,3600.0
12/19/2015 09:10,EST,Hydro,2632.0
12/19/2015 09:10,EST,Natural Gas,1672.0
12/19/2015 09:10,EST,Nuclear,5420.0
12/19/2015 09:10,EST,Other Fossil Fuels,37.0
12/19/2015 09:10,EST,Other Renewables,337.0
12/19/2015 09:10,EST,Wind,960.0
12/19/2015 09:15,EST,Dual Fuel,3592.0
12/19/2015 09:15,EST,Hydro,2661.0
12/19/2015 09:15,EST,Natural Gas,1660.0
12/19/2015 09:15,EST,Nuclear,5421.0
12/19/2015 09:15,EST,Other Fossil Fuels,36.0
12/19/2015 09:15,EST,Other Renewables,330.0
12/19/2015 09:15,EST,Wind,975.0
12/19/2015 09:20,EST,Dual Fuel,3552.0
12/19/2015 09:20,EST,Hydro,2689.0
12/19/2015 09:20,EST,Natural Gas,1665.0
12/19/2015 09:20,EST,Nuclear,5421.0
12/19/2015 09:20,EST,Other Fossil Fuels,36.0
12/19/2015 09:20,EST,Other Renewables,326.0
12/19/2015 09:20,EST,Wind,965.0
12/19/2015 09:25,EST,Dual Fuel,3497.0
12/19/2015 09:25,EST,Hydro,2754.0
12/19/2015 09:25,EST,Natural Gas,1668.0
12/19/2015 09:25,EST,Nuclear,5422.0
12/19/2015 09:25,EST,Other Fossil Fuels,37.0
12/19/2015 09:25,EST,Other Renewables,329.0
12/19/2015 09:25,EST,Wind,941.0
12/19/2015 09:30,EST,Dual Fuel,3421.0
12/19/2015 09:30,EST,Hydro,2837.0
12/19/2015 09:30,EST,Natural Gas,1677.0
12/19/2015 09:30,EST,Nuclear,5419.0
12/19/2015 09:30,EST,Other Fossil Fuels,36.0
12/19/2015 09:30,EST,Other Renewables,341.0
12/19/2015 09:30,EST,Wind,954.0
12/19/2015 09:35,EST,Dual Fuel,3374.0
12/19/2015 09:35,EST,Hydro,2898.0
12/19/2015 09:35,EST,Natural Gas,1671.0
12/19/2015 09:35,EST,Nuclear,5420.0
12/19/2015 09:35,EST,Other Fossil Fuels,36.0
12/19/2015 09:35,EST,Other Renewables,342.0
12/19/2015 09:35,EST,Wind,978.0
12/19/2015 09:40,EST,Dual Fuel,3372.0
12/19/2015 09:40,EST,Hydro,2866.0
12/19/2015 09:40,EST,Natural Gas,1667.0
12/19/2015 09:40,EST,Nuclear,5421.0
12/19/2015 09:40,EST,Other Fossil Fuels,36.0
12/19/2015 09:40,EST,Other Renewables,337.0
12/19/2015 09:40,EST,Wind,1015.0
12/19/2015 09:45,EST,Dual Fuel,3378.0
12/19/2015 09:45,EST,Hydro,2918.0
12/19/2015 09:45,EST,Natural Gas,1679.0
12/19/2015 09:45,EST,Nuclear,5421.0
12/19/2015 09:45,EST,Other Fossil Fuels,37.0
12/19/2015 09:45,EST,Other Renewables,338.0
12/19/2015 09:45,EST,Wind,1036.0
12/19/2015 09:50,EST,Dual Fuel,3497.0
12/19/2015 09:50,EST,Hydro,2834.0
12/19/2015 09:50,EST,Natural Gas,1699.0
12/19/2015 09:50,EST,Nuclear,5420.0
12/19/2015 09:50,EST,Other Fossil Fuels,36.0
12/19/2015 09:50,EST,Other Renewables,339.0
12/19/2015 09:50,EST,Wind,1055.0
12/19/2015 09:55,EST,Dual Fuel,3542.0
12/19/2015 09:55,EST,Hydro,2730.0
12/19/2015 09:55,EST,Natural Gas,1734.0
12/19/2015 09:55,EST,Nuclear,5419.0
12/19/2015 09:55,EST,Other Fossil Fuels,37.0
12/19/2015 09:55,EST,Other Renewables,338.0
12/19/2015 09:55,EST,Wind,1079.0
12/19/2015 10:00,EST,Dual Fuel,3476.0
12/19/2015 10:00,EST,Hydro,2738.0
12/19/2015 10:00,EST,Natural Gas,1780.0
12/19/2015 10:00,EST,Nuclear,5421.0
12/19/2015 10:00,EST,Other Fossil Fuels,36.0
12/19/2015 10:00,EST,Other Renewables,335.0
12/19/2015 10:00,EST,Wind,1090.0
12/19/2015 10:05,EST,Dual Fuel,3462.0
12/19/2015 10:05,EST,Hydro,2799.0
12/19/2015 10:05,EST,Natural Gas,1818.0
12/19/2015 10:05,EST,Nuclear,5421.0
12/19/2015 10:05,EST,Other Fossil Fuels,37.0
12/19/2015 10:05,EST,Other Renewables,337.0
12/19/2015 10:05,EST,Wind,1075.0
12/19/2015 10:10,EST,Dual Fuel,3498.0
12/19/2015 10:10,EST,Hydro,2742.0
12/19/2015 10:10,EST,Natural Gas,1840.0
12/19/2015 10:10,EST,Nuclear,5420.0
12/19/2015 10:10,EST,Other Fossil Fuels,36.0
12/19/2015 10:10,EST,Other Renewables,337.0
12/19/2015 10:10,EST,Wind,1088.0
12/19/2015 10:15,EST,Dual Fuel,3574.0
12/19/2015 10:15,EST,Hydro,2700.0
12/19/2015 10:15,EST,Natural Gas,1859.0
12/19/2015 10:15,EST,Nuclear,5422.0
12/19/2015 10:15,EST,Other Fossil Fuels,36.0
12/19/2015 10:15,EST,Other Renewables,329.0
12/19/2015 10:15,EST,Wind,1121.0
12/19/2015 10:20,EST,Dual Fuel,3610.0
12/19/2015 10:20,EST,Hydro,2687.0
12/19/2015 10:20,EST,Natural Gas,1872.0
12/19/2015 10:20,EST,Nuclear,5421.0
12/19/2015 10:20,EST,Other Fossil Fuels,36.0
12/19/2015 10:20,EST,Other Renewables,331.0
12/19/2015 10:20,EST,Wind,1139.0
12/19/2015 10:25,EST,Dual Fuel,3620.0
12/19/2015 10:25,EST,Hydro,2626.0
12/19/2015 10:25,EST,Natural Gas,1884.0
12/19/2015 10:25,EST,Nuclear,5422.0
12/19/2015 10:25,EST,Other Fossil Fuels,36.0
12/19/2015 10:25,EST,Other Renewables,332.0
12/19/2015 10:25,EST,Wind,1155.0
12/19/2015 10:30,EST,Dual Fuel,3685.0
12/19/2015 10:30,EST,Hydro,2609.0
12/19/2015 10:30,EST,Natural Gas,1874.0
12/19/2015 10:30,EST,Nuclear,5422.0
12/19/2015 10:30,EST,Other Fossil Fuels,37.0
12/19/2015 10:30,EST,Other Renewables,332.0
12/19/2015 10:30,EST,Wind,1147.0
12/19/2015 10:35,EST,Dual Fuel,3763.0
12/19/2015 10:35,EST,Hydro,2573.0
12/19/2015 10:35,EST,Natural Gas,1873.0
12/19/2015 10:35,EST,Nuclear,5422.0
12/19/2015 10:35,EST,Other Fossil Fuels,37.0
12/19/2015 10:35,EST,Other Renewables,334.0
12/19/2015 10:35,EST,Wind,1145.0
12/19/2015 10:40,EST,Dual Fuel,3773.0
12/19/2015 10:40,EST,Hydro,2475.0
12/19/2015 10:40,EST,Natural Gas,1872.0
12/19/2015 10:40,EST,Nuclear,5421.0
12/19/2015 10:40,EST,Other Fossil Fuels,37.0
12/19/2015 10:40,EST,Other Renewables,336.0
12/19/2015 10:40,EST,Wind,1152.0
12/19/2015 10:45,EST,Dual Fuel,3820.0
12/19/2015 10:45,EST,Hydro,2372.0
12/19/2015 10:45,EST,Natural Gas,1874.0
12/19/2015 10:45,EST,Nuclear,5423.0
12/19/2015 10:45,EST,Other Fossil Fuels,36.0
12/19/2015 10:45,EST,Other Renewables,334.0
12/19/2015 10:45,EST,Wind,1167.0
12/19/2015 10:50,EST,Dual Fuel,3912.0
12/19/2015 10:50,EST,Hydro,2366.0
12/19/2015 10:50,EST,Natural Gas,1862.0
12/19/2015 10:50,EST,Nuclear,5422.0
12/19/2015 10:50,EST,Other Fossil Fuels,36.0
12/19/2015 10:50,EST,Other Renewables,333.0
12/19/2015 10:50,EST,Wind,1164.0
12/19/2015 10:55,EST,Dual Fuel,3870.0
12/19/2015 10:55,EST,Hydro,2462.0
12/19/2015 10:55,EST,Natural Gas,1831.0
12/19/2015 10:55,EST,Nuclear,5420.0
12/19/2015 10:55,EST,Other Fossil Fuels,36.0
12/19/2015 10:55,EST,Other Renewables,334.0
12/19/2015 10:55,EST,Wind,1162.0
12/19/2015 11:00,EST,Dual Fuel,3903.0
12/19/2015 11:00,EST,Hydro,2410.0
12/19/2015 11:00,EST,Natural Gas,1848.0
12/19/2015 11:00,EST,Nuclear,5422.0
12/19/2015 11:00,EST,Other Fossil Fuels,36.0
12/19/2015 11:00,EST,Other Renewables,331.0
12/19/2015 11:00,EST,Wind,1145.0
12/19/2015 11:05,EST,Dual Fuel,3865.0
12/19/2015 11:05,EST,Hydro,2526.0
12/19/2015 11:05,EST,Natural Gas,1894.0
12/19/2015 11:05,EST,Nuclear,5423.0
12/19/2015 11:05,EST,Other Fossil Fuels,36.0
12/19/2015 11:05,EST,Other Renewables,332.0
12/19/2015 11:05,EST,Wind,1160.0
12/19/2015 11:10,EST,Dual Fuel,3821.0
12/19/2015 11:10,EST,Hydro,2574.0
12/19/2015 11:10,EST,Natural Gas,1917.0
12/19/2015 11:10,EST,Nuclear,5423.0
12/19/2015 11:10,EST,Other Fossil Fuels,37.0
12/19/2015 11:10,EST,Other Renewables,332.0
12/19/2015 11:10,EST,Wind,1192.0
12/19/2015 11:15,EST,Dual Fuel,3830.0
12/19/2015 11:15,EST,Hydro,2597.0
12/19/2015 11:15,EST,Natural Gas,1859.0
12/19/2015 11:15,EST,Nuclear,5421.0
12/19/2015 11:15,EST,Other Fossil Fuels,37.0
12/19/2015 11:15,EST,Other Renewables,338.0
12/19/2015 11:15,EST,Wind,1215.0
12/19/2015 11:20,EST,Dual Fuel,3859.0
12/19/2015 11:20,EST,Hydro,2586.0
12/19/2015 11:20,EST,Natural Gas,1859.0
12/19/2015 11:20,EST,Nuclear,5423.0
12/19/2015 11:20,EST,Other Fossil Fuels,37.0
12/19/2015 11:20,EST,Other Renewables,334.0
12/19/2015 11:20,EST,Wind,1219.0
12/19/2015 11:25,EST,Dual Fuel,3870.0
12/19/2015 11:25,EST,Hydro,2562.0
12/19/2015 11:25,EST,Natural Gas,1866.0
12/19/2015 11:25,EST,Nuclear,5421.0
12/19/2015 11:25,EST,Other Fossil Fuels,37.0
12/19/2015 11:25,EST,Other Renewables,339.0
12/19/2015 11:25,EST,Wind,1210.0
12/19/2015 11:30,EST,Dual Fuel,3853.0
12/19/2015 11:30,EST,Hydro,2516.0
12/19/2015 11:30,EST,Natural Gas,1863.0
12/19/2015 11:30,EST,Nuclear,5420.0
12/19/2015 11:30,EST,Other Fossil Fuels,37.0
12/19/2015 11:30,EST,Other Renewables,339.0
12/19/2015 11:30,EST,Wind,1198.0
12/19/2015 11:35,EST,Dual Fuel,3889.0
12/19/2015 11:35,EST,Hydro,2544.0
12/19/2015 11:35,EST,Natural Gas,1865.0
12/19/2015 11:35,EST,Nuclear,5420.0
12/19/2015 11:35,EST,Other Fossil Fuels,37.0
12/19/2015 11:35,EST,Other Renewables,339.0
12/19/2015 11:35,EST,Wind,1214.0
12/19/2015 11:40,EST,Dual Fuel,3909.0
12/19/2015 11:40,EST,Hydro,2603.0
12/19/2015 11:40,EST,Natural Gas,1857.0
12/19/2015 11:40,EST,Nuclear,5419.0
12/19/2015 11:40,EST,Other Fossil Fuels,37.0
12/19/2015 11:40,EST,Other Renewables,340.0
12/19/2015 11:40,EST,Wind,1216.0
12/19/2015 11:45,EST,Dual Fuel,3941.0
12/19/2015 11:45,EST,Hydro,2570.0
12/19/2015 11:45,EST,Natural Gas,1857.0
12/19/2015 11:45,EST,Nuclear,5421.0
12/19/2015 11:45,EST,Other Fossil Fuels,37.0
12/19/2015 11:45,EST,Other Renewables,336.0
12/19/2015 11:45,EST,Wind,1214.0
12/19/2015 11:50,EST,Dual Fuel,3901.0
12/19/2015 11:50,EST,Hydro,2603.0
12/19/2015 11:50,EST,Natural Gas,1858.0
12/19/2015 11:50,EST,Nuclear,5422.0
12/19/2015 11:50,EST,Other Fossil Fuels,36.0
12/19/2015 11:50,EST,Other Renewables,332.0
12/19/2015 11:50,EST,Wind,1230.0
12/19/2015 11:55,EST,Dual Fuel,3876.0
12/19/2015 11:55,EST,Hydro,2601.0
12/19/2015 11:55,EST,Natural Gas,1834.0
12/19/2015 11:55,EST,Nuclear,5421.0
12/19/2015 11:55,EST,Other Fossil Fuels,36.0
12/19/2015 11:55,EST,Other Renewables,337.0
12/19/2015 11:55,EST,Wind,1239.0
12/19/2015 12:00,EST,Dual Fuel,3718.0
12/19/2015 12:00,EST,Hydro,2654.0
12/19/2015 12:00,EST,Natural Gas,1801.0
12/19/2015 12:00,EST,Nuclear,5420.0
12/19/2015 12:00,EST,Other Fossil Fuels,36.0
12/19/2015 12:00,EST,Other Renewables,336.0
12/19/2015 12:00,EST,Wind,1245.0
12/19/2015 12:05,EST,Dual Fuel,3458.0
12/19/2015 12:05,EST,Hydro,2763.0
12/19/2015 12:05,EST,Natural Gas,1807.0
12/19/2015 12:05,EST,Nuclear,5419.0
12/19/2015 12:05,EST,Other Fossil Fuels,36.0
12/19/2015 12:05,EST,Other Renewables,334.0
12/19/2015 12:05,EST,Wind,1233.0
12/19/2015 12:10,EST,Dual Fuel,3477.0
12/19/2015 12:10,EST,Hydro,2778.0
12/19/2015 12:10,EST,Natural Gas,1787.0
12/19/2015 12:10,EST,Nuclear,5420.0
12/19/2015 12:10,EST,Other Fossil Fuels,36.0
12/19/2015 12:10,EST,Other Renewables,337.0
12/19/2015 12:10,EST,Wind,1231.0
12/19/2015 12:15,EST,Dual Fuel,3430.0
12/19/2015 12:15,EST,Hydro,2839.0
12/19/2015 12:15,EST,Natural Gas,1789.0
12/19/2015 12:15,EST,Nuclear,5422.0
12/19/2015 12:15,EST,Other Fossil Fuels,36.0
12/19/2015 12:15,EST,Other Renewables,333.0
12/19/2015 12:15,EST,Wind,1217.0
12/19/2015 12:20,EST,Dual Fuel,3303.0
12/19/2015 12:20,EST,Hydro,2826.0
12/19/2015 12:20,EST,Natural Gas,1798.0
12/19/2015 12:20,EST,Nuclear,5421.0
12/19/2015 12:20,EST,Other Fossil Fuels,36.0
12/19/2015 12:20,EST,Other Renewables,335.0
12/19/2015 12:20,EST,Wind,1236.0
12/19/2015 12:25,EST,Dual Fuel,3413.0
12/19/2015 12:25,EST,Hydro,2827.0
12/19/2015 12:25,EST,Natural Gas,1805.0
12/19/2015 12:25,EST,Nuclear,5421.0
12/19/2015 12:25,EST,Other Fossil Fuels,36.0
12/19/2015 12:25,EST,Other Renewables,332.0
12/19/2015 12:25,EST,Wind,1259.0
12/19/2015 12:30,EST,Dual Fuel,3406.0
12/19/2015 12:30,EST,Hydro,2886.0
12/19/2015 12:30,EST,Natural Gas,1823.0
12/19/2015 12:30,EST,Nuclear,5420.0
12/19/2015 12:30,EST,Other Fossil Fuels,36.0
12/19/2015 12:30,EST,Other Renewables,334.0
12/19/2015 12:30,EST,Wind,1286.0
12/19/2015 12:35,EST,Dual Fuel,3436.0
12/19/2015 12:35,EST,Hydro,2830.0
12/19/2015 12:35,EST,Natural Gas,1823.0
12/19/2015 12:35,EST,Nuclear,5420.0
12/19/2015 12:35,EST,Other Fossil Fuels,36.0
12/19/2015 12:35,EST,Other Renewables,342.0
12/19/2015 12:35,EST,Wind,1301.0
12/19/2015 12:40,EST,Dual Fuel,3479.0
12/19/2015 12:40,EST,Hydro,2808.0
12/19/2015 12:40,EST,Natural Gas,1802.0
12/19/2015 12:40,EST,Nuclear,5421.0
12/19/2015 12:40,EST,Other Fossil Fuels,36.0
12/19/2015 12:40,EST,Other Renewables,341.0
12/19/2015 12:40,EST,Wind,1291.0
12/19/2015 12:45,EST,Dual Fuel,3479.0
12/19/2015 12:45,EST,Hydro,2855.0
12/19/2015 12:45,EST,Natural Gas,1803.0
12/19/2015 12:45,EST,Nuclear,5420.0
12/19/2015 12:45,EST,Other Fossil Fuels,36.0
12/19/2015 12:45,EST,Other Renewables,339.0
12/19/2015 12:45,EST,Wind,1264.0
12/19/2015 12:50,EST,Dual Fuel,3489.0
12/19/2015 12:50,EST,Hydro,2850.0
12/19/2015 12:50,EST,Natural Gas,1814.0
12/19/2015 12:50,EST,Nuclear,5420.0
12/19/2015 12:50,EST,Other Fossil Fuels,37.0
12/19/2015 12:50,EST,Other Renewables,338.0
12/19/2015 12:50,EST,Wind,1233.0
12/19/2015 12:55,EST,Dual Fuel,3544.0
12/19/2015 12:55,EST,Hydro,2851.0
12/19/2015 12:55,EST,Natural Gas,1815.0
12/19/2015 12:55,EST,Nuclear,5419.0
12/19/2015 12:55,EST,Other Fossil Fuels,37.0
12/19/2015 12:55,EST,Other Renewables,338.0
12/19/2015 12:55,EST,Wind,1224.0
12/19/2015 13:00,EST,Dual Fuel,3525.0
12/19/2015 13:00,EST,Hydro,2888.0
12/19/2015 13:00,EST,Natural Gas,1815.0
12/19/2015 13:00,EST,Nuclear,5420.0
12/19/2015 13:00,EST,Other Fossil Fuels,37.0
12/19/2015 13:00,EST,Other Renewables,337.0
12/19/2015 13:00,EST,Wind,1188.0
12/19/2015 13:05,EST,Dual Fuel,3576.0
12/19/2015 13:05,EST,Hydro,2984.0
12/19/2015 13:05,EST,Natural Gas,1819.0
12/19/2015 13:05,EST,Nuclear,5421.0
12/19/2015 13:05,EST,Other Fossil Fuels,37.0
12/19/2015 13:05,EST,Other Renewables,335.0
12/19/2015 13:05,EST,Wind,1146.0
12/19/2015 13:10,EST,Dual Fuel,3534.0
12/19/2015 13:10,EST,Hydro,3025.0
12/19/2015 13:10,EST,Natural Gas,1825.0
12/19/2015 13:10,EST,Nuclear,5420.0
12/19/2015 13:10,EST,Other Fossil Fuels,36.0
12/19/2015 13:10,EST,Other Renewables,339.0
12/19/2015 13:10,EST,Wind,1114.0
12/19/2015 13:15,EST,Dual Fuel,3536.0
12/19/2015 13:15,EST,Hydro,3122.0
12/19/2015 13:15,EST,Natural Gas,1813.0
12/19/2015 13:15,EST,Nuclear,5420.0
12/19/2015 13:15,EST,Other Fossil Fuels,36.0
12/19/2015 13:15,EST,Other Renewables,336.0
12/19/2015 13:15,EST,Wind,1111.0
12/19/2015 13:20,EST,Dual Fuel,3525.0
12/19/2015 13:20,EST,Hydro,3129.0
12/19/2015 13:20,EST,Natural Gas,1812.0
12/19/2015 13:20,EST,Nuclear,5421.0
12/19/2015 13:20,EST,Other Fossil Fuels,36.0
12/19/2015 13:20,EST,Other Renewables,334.0
12/19/2015 13:20,EST,Wind,1109.0
12/19/2015 13:25,EST,Dual Fuel,3521.0
12/19/2015 13:25,EST,Hydro,3109.0
12/19/2015 13:25,EST,Natural Gas,1811.0
12/19/2015 13:25,EST,Nuclear,5421.0
12/19/2015 13:25,EST,Other Fossil Fuels,36.0
12/19/2015 13:25,EST,Other Renewables,333.0
12/19/2015 13:25,EST,Wind,1124.0
12/19/2015 13:30,EST,Dual Fuel,3541.0
12/19/2015 13:30,EST,Hydro,3082.0
12/19/2015 13:30,EST,Natural Gas,1816.0
12/19/2015 13:30,EST,Nuclear,5420.0
12/19/2015 13:30,EST,Other Fossil Fuels,36.0
12/19/2015 13:30,EST,Other Renewables,347.0
12/19/2015 13:30,EST,Wind,1141.0
12/19/2015 13:35,EST,Dual Fuel,3572.0
12/19/2015 13:35,EST,Hydro,3058.0
12/19/2015 13:35,EST,Natural Gas,1829.0
12/19/2015 13:35,EST,Nuclear,5420.0
12/19/2015 13:35,EST,Other Fossil Fuels,36.0
12/19/2015 13:35,EST,Other Renewables,346.0
12/19/2015 13:35,EST,Wind,1169.0
12/19/2015 13:40,EST,Dual Fuel,3568.0
12/19/2015 13:40,EST,Hydro,3046.0
12/19/2015 13:40,EST,Natural Gas,1838.0
12/19/2015 13:40,EST,Nuclear,5419.0
12/19/2015 13:40,EST,Other Fossil Fuels,37.0
12/19/2015 13:40,EST,Other Renewables,336.0
12/19/2015 13:40,EST,Wind,1185.0
12/19/2015 13:45,EST,Dual Fuel,3547.0
12/19/2015 13:45,EST,Hydro,2988.0
12/19/2015 13:45,EST,Natural Gas,1846.0
12/19/2015 13:45,EST,Nuclear,5421.0
12/19/2015 13:45,EST,Other Fossil Fuels,37.0
12/19/2015 13:45,EST,Other Renewables,329.0
12/19/2015 13:45,EST,Wind,1199.0
12/19/2015 13:50,EST,Dual Fuel,3562.0
12/19/2015 13:50,EST,Hydro,3017.0
12/19/2015 13:50,EST,Natural Gas,1845.0
12/19/2015 13:50,EST,Nuclear,5421.0
12/19/2015 13:50,EST,Other Fossil Fuels,37.0
12/19/2015 13:50,EST,Other Renewables,335.0
12/19/2015 13:50,EST,Wind,1207.0
12/19/2015 13:55,EST,Dual Fuel,3569.0
12/19/2015 13:55,EST,Hydro,3036.0
12/19/2015 13:55,EST,Natural Gas,1850.0
12/19/2015 13:55,EST,Nuclear,5420.0
12/19/2015 13:55,EST,Other Fossil Fuels,37.0
12/19/2015 13:55,EST,Other Renewables,335.0
12/19/2015 13:55,EST,Wind,1210.0
12/19/2015 14:00,EST,Dual Fuel,3575.0
12/19/2015 14:00,EST,Hydro,3054.0
12/19/2015 14:00,EST,Natural Gas,1831.0
12/19/2015 14:00,EST,Nuclear,5421.0
12/19/2015 14:00,EST,Other Fossil Fuels,37.0
12/19/2015 14:00,EST,Other Renewables,338.0
12/19/2015 14:00,EST,Wind,1221.0
12/19/2015 14:05,EST,Dual Fuel,3580.0
12/19/2015 14:05,EST,Hydro,3008.0
12/19/2015 14:05,EST,Natural Gas,1831.0
12/19/2015 14:05,EST,Nuclear,5421.0
12/19/2015 14:05,EST,Other Fossil Fuels,37.0
12/19/2015 14:05,EST,Other Renewables,337.0
12/19/2015 14:05,EST,Wind,1214.0
12/19/2015 14:10,EST,Dual Fuel,3595.0
12/19/2015 14:10,EST,Hydro,3034.0
12/19/2015 14:10,EST,Natural Gas,1835.0
12/19/2015 14:10,EST,Nuclear,5422.0
12/19/2015 14:10,EST,Other Fossil Fuels,37.0
12/19/2015 14:10,EST,Other Renewables,333.0
12/19/2015 14:10,EST,Wind,1179.0
12/19/2015 14:15,EST,Dual Fuel,3615.0
12/19/2015 14:15,EST,Hydro,3063.0
12/19/2015 14:15,EST,Natural Gas,1834.0
12/19/2015 14:15,EST,Nuclear,5420.0
12/19/2015 14:15,EST,Other Fossil Fuels,37.0
12/19/2015 14:15,EST,Other Renewables,337.0
12/19/2015 14:15,EST,Wind,1167.0
12/19/2015 14:20,EST,Dual Fuel,3578.0
12/19/2015 14:20,EST,Hydro,3069.0
12/19/2015 14:20,EST,Natural Gas,1831.0
12/19/2015 14:20,EST,Nuclear,5421.0
12/19/2015 14:20,EST,Other Fossil Fuels,37.0
12/19/2015 14:20,EST,Other Renewables,331.0
12/19/2015 14:20,EST,Wind,1188.0
12/19/2015 14:25,EST,Dual Fuel,3585.0
12/19/2015 14:25,EST,Hydro,3072.0
12/19/2015 14:25,EST,Natural Gas,1828.0
12/19/2015 14:25,EST,Nuclear,5419.0
12/19/2015 14:25,EST,Other Fossil Fuels,37.0
12/19/2015 14:25,EST,Other Renewables,330.0
12/19/2015 14:25,EST,Wind,1225.0
12/19/2015 14:30,EST,Dual Fuel,3630.0
12/19/2015 14:30,EST,Hydro,3044.0
12/19/2015 14:30,EST,Natural Gas,1833.0
12/19/2015 14:30,EST,Nuclear,5421.0
12/19/2015 14:30,EST,Other Fossil Fuels,36.0
12/19/2015 14:30,EST,Other Renewables,327.0
12/19/2015 14:30,EST,Wind,1238.0
12/19/2015 14:35,EST,Dual Fuel,3692.0
12/19/2015 14:35,EST,Hydro,2957.0
12/19/2015 14:35,EST,Natural Gas,1836.0
12/19/2015 14:35,EST,Nuclear,5420.0
12/19/2015 14:35,EST,Other Fossil Fuels,36.0
12/19/2015 14:35,EST,Other Renewables,327.0
12/19/2015 14:35,EST,Wind,1232.0
12/19/2015 14:40,EST,Dual Fuel,3716.0
12/19/2015 14:40,EST,Hydro,2897.0
12/19/2015 14:40,EST,Natural Gas,1839.0
12/19/2015 14:40,EST,Nuclear,5420.0
12/19/2015 14:40,EST,Other Fossil Fuels,37.0
12/19/2015 14:40,EST,Other Renewables,325.0
12/19/2015 14:40,EST,Wind,1215.0
12/19/2015 14:45,EST,Dual Fuel,3675.0
12/19/2015 14:45,EST,Hydro,2951.0
12/19/2015 14:45,EST,Natural Gas,1834.0
12/19/2015 14:45,EST,Nuclear,5418.0
12/19/2015 14:45,EST,Other Fossil Fuels,37.0
12/19/2015 14:45,EST,Other Renewables,327.0
12/19/2015 14:45,EST,Wind,1184.0
12/19/2015 14:50,EST,Dual Fuel,3650.0
12/19/2015 14:50,EST,Hydro,3001.0
12/19/2015 14:50,EST,Natural Gas,1834.0
12/19/2015 14:50,EST,Nuclear,5421.0
12/19/2015 14:50,EST,Other Fossil Fuels,37.0
12/19/2015 14:50,EST,Other Renewables,328.0
12/19/2015 14:50,EST,Wind,1191.0
12/19/2015 14:55,EST,Dual Fuel,3605.0
12/19/2015 14:55,EST,Hydro,3025.0
12/19/2015 14:55,EST,Natural Gas,1832.0
12/19/2015 14:55,EST,Nuclear,5421.0
12/19/2015 14:55,EST,Other Fossil Fuels,37.0
12/19/2015 14:55,EST,Other Renewables,322.0
12/19/2015 14:55,EST,Wind,1201.0
12/19/2015 15:00,EST,Dual Fuel,3572.0
12/19/2015 15:00,EST,Hydro,3053.0
12/19/2015 15:00,EST,Natural Gas,1841.0
12/19/2015 15:00,EST,Nuclear,5420.0
12/19/2015 15:00,EST,Other Fossil Fuels,37.0
12/19/2015 15:00,EST,Other Renewables,326.0
12/19/2015 15:00,EST,Wind,1217.0
12/19/2015 15:05,EST,Dual Fuel,3685.0
12/19/2015 15:05,EST,Hydro,2980.0
12/19/2015 15:05,EST,Natural Gas,1859.0
12/19/2015 15:05,EST,Nuclear,5421.0
12/19/2015 15:05,EST,Other Fossil Fuels,37.0
12/19/2015 15:05,EST,Other Renewables,320.0
12/19/2015 15:05,EST,Wind,1204.0
12/19/2015 15:10,EST,Dual Fuel,3825.0
12/19/2015 15:10,EST,Hydro,2973.0
12/19/2015 15:10,EST,Natural Gas,1877.0
12/19/2015 15:10,EST,Nuclear,5421.0
12/19/2015 15:10,EST,Other Fossil Fuels,37.0
12/19/2015 15:10,EST,Other Renewables,319.0
12/19/2015 15:10,EST,Wind,1180.0
12/19/2015 15:15,EST,Dual Fuel,3894.0
12/19/2015 15:15,EST,Hydro,2889.0
12/19/2015 15:15,EST,Natural Gas,1888.0
12/19/2015 15:15,EST,Nuclear,5421.0
12/19/2015 15:15,EST,Other Fossil Fuels,37.0
12/19/2015 15:15,EST,Other Renewables,318.0
12/19/2015 15:15,EST,Wind,1158.0
12/19/2015 15:20,EST,Dual Fuel,3856.0
12/19/2015 15:20,EST,Hydro,2905.0
12/19/2015 15:20,EST,Natural Gas,1902.0
12/19/2015 15:20,EST,Nuclear,5421.0
12/19/2015 15:20,EST,Other Fossil Fuels,37.0
12/19/2015 15:20,EST,Other Renewables,319.0
12/19/2015 15:20,EST,Wind,1144.0
12/19/2015 15:25,EST,Dual Fuel,3828.0
12/19/2015 15:25,EST,Hydro,2940.0
12/19/2015 15:25,EST,Natural Gas,1908.0
12/19/2015 15:25,EST,Nuclear,5422.0
12/19/2015 15:25,EST,Other Fossil Fuels,37.0
12/19/2015 15:25,EST,Other Renewables,318.0
12/19/2015 15:25,EST,Wind,1134.0
12/19/2015 15:30,EST,Dual Fuel,3844.0
12/19/2015 15:30,EST,Hydro,2965.0
12/19/2015 15:30,EST,Natural Gas,1908.0
12/19/2015 15:30,EST,Nuclear,5422.0
12/19/2015 15:30,EST,Other Fossil Fuels,37.0
12/19/2015 15:30,EST,Other Renewables,320.0
12/19/2015 15:30,EST,Wind,1147.0
12/19/2015 15:35,EST,Dual Fuel,3799.0
12/19/2015 15:35,EST,Hydro,2917.0
12/19/2015 15:35,EST,Natural Gas,1941.0
12/19/2015 15:35,EST,Nuclear,5419.0
12/19/2015 15:35,EST,Other Fossil Fuels,37.0
12/19/2015 15:35,EST,Other Renewables,318.0
12/19/2015 15:35,EST,Wind,1175.0
12/19/2015 15:40,EST,Dual Fuel,3711.0
12/19/2015 15:40,EST,Hydro,2913.0
12/19/2015 15:40,EST,Natural Gas,1951.0
12/19/2015 15:40,EST,Nuclear,5419.0
12/19/2015 15:40,EST,Other Fossil Fuels,37.0
12/19/2015 15:40,EST,Other Renewables,320.0
12/19/2015 15:40,EST,Wind,1197.0
12/19/2015 15:45,EST,Dual Fuel,3702.0
12/19/2015 15:45,EST,Hydro,2953.0
12/19/2015 15:45,EST,Natural Gas,1983.0
12/19/2015 15:45,EST,Nuclear,5420.0
12/19/2015 15:45,EST,Other Fossil Fuels,37.0
12/19/2015 15:45,EST,Other Renewables,319.0
12/19/2015 15:45,EST,Wind,1207.0
12/19/2015 15:50,EST,Dual Fuel,3789.0
12/19/2015 15:50,EST,Hydro,2937.0
12/19/2015 15:50,EST,Natural Gas,1994.0
12/19/2015 15:50,EST,Nuclear,5417.0
12/19/2015 15:50,EST,Other Fossil Fuels,37.0
12/19/2015 15:50,EST,Other Renewables,320.0
12/19/2015 15:50,EST,Wind,1208.0
12/19/2015 15:55,EST,Dual Fuel,3855.0
12/19/2015 15:55,EST,Hydro,2912.0
12/19/2015 15:55,EST,Natural Gas,2006.0
12/19/2015 15:55,EST,Nuclear,5418.0
12/19/2015 15:55,EST,Other Fossil Fuels,37.0
12/19/2015 15:55,EST,Other Renewables,314.0
12/19/2015 15:55,EST,Wind,1184.0
12/19/2015 16:00,EST,Dual Fuel,3770.0
12/19/2015 16:00,EST,Hydro,2931.0
12/19/2015 16:00,EST,Natural Gas,1991.0
12/19/2015 16:00,EST,Nuclear,5416.0
12/19/2015 16:00,EST,Other Fossil Fuels,37.0
12/19/2015 16:00,EST,Other Renewables,314.0
12/19/2015 16:00,EST,Wind,1171.0
12/19/2015 16:05,EST,Dual Fuel,3761.0
12/19/2015 16:05,EST,Hydro,2967.0
12/19/2015 16:05,EST,Natural Gas,1983.0
12/19/2015 16:05,EST,Nuclear,5417.0
12/19/2015 16:05,EST,Other Fossil Fuels,37.0
12/19/2015 16:05,EST,Other Renewables,317.0
12/19/2015 16:05,EST,Wind,1179.0
12/19/2015 16:10,EST,Dual Fuel,3892.0
12/19/2015 16:10,EST,Hydro,2930.0
12/19/2015 16:10,EST,Natural Gas,2002.0
12/19/2015 16:10,EST,Nuclear,5418.0
12/19/2015 16:10,EST,Other Fossil Fuels,37.0
12/19/2015 16:10,EST,Other Renewables,322.0
12/19/2015 16:10,EST,Wind,1195.0
12/19/2015 16:15,EST,Dual Fuel,4066.0
12/19/2015 16:15,EST,Hydro,2890.0
12/19/2015 16:15,EST,Natural Gas,2008.0
12/19/2015 16:15,EST,Nuclear,5418.0
12/19/2015 16:15,EST,Other Fossil Fuels,37.0
12/19/2015 16:15,EST,Other Renewables,320.0
12/19/2015 16:15,EST,Wind,1189.0
12/19/2015 16:20,EST,Dual Fuel,4249.0
12/19/2015 16:20,EST,Hydro,2809.0
12/19/2015 16:20,EST,Natural Gas,2022.0
12/19/2015 16:20,EST,Nuclear,5418.0
12/19/2015 16:20,EST,Other Fossil Fuels,37.0
12/19/2015 16:20,EST,Other Renewables,314.0
12/19/2015 16:20,EST,Wind,1214.0
12/19/2015 16:25,EST,Dual Fuel,4342.0
12/19/2015 16:25,EST,Hydro,2760.0
12/19/2015 16:25,EST,Natural Gas,2046.0
12/19/2015 16:25,EST,Nuclear,5416.0
12/19/2015 16:25,EST,Other Fossil Fuels,37.0
12/19/2015 16:25,EST,Other Renewables,316.0
12/19/2015 16:25,EST,Wind,1238.0
12/19/2015 16:30,EST,Dual Fuel,4415.0
12/19/2015 16:30,EST,Hydro,2764.0
12/19/2015 16:30,EST,Natural Gas,2046.0
12/19/2015 16:30,EST,Nuclear,5418.0
12/19/2015 16:30,EST,Other Fossil Fuels,37.0
12/19/2015 16:30,EST,Other Renewables,317.0
12/19/2015 16:30,EST,Wind,1249.0
12/19/2015 16:35,EST,Dual Fuel,4459.0
12/19/2015 16:35,EST,Hydro,2868.0
12/19/2015 16:35,EST,Natural Gas,2006.0
12/19/2015 16:35,EST,Nuclear,5417.0
12/19/2015 16:35,EST,Other Fossil Fuels,37.0
12/19/2015 16:35,EST,Other Renewables,316.0
12/19/2015 16:35,EST,Wind,1249.0
12/19/2015 16:40,EST,Dual Fuel,4474.0
12/19/2015 16:40,EST,Hydro,2970.0
12/19/2015 16:40,EST,Natural Gas,2009.0
12/19/2015 16:40,EST,Nuclear,5417.0
12/19/2015 16:40,EST,Other Fossil Fuels,37.0
12/19/2015 16:40,EST,Other Renewables,318.0
12/19/2015 16:40,EST,Wind,1282.0
12/19/2015 16:45,EST,Dual Fuel,4484.0
12/19/2015 16:45,EST,Hydro,2978.0
12/19/2015 16:45,EST,Natural Gas,2019.0
12/19/2015 16:45,EST,Nuclear,5415.0
12/19/2015 16:45,EST,Other Fossil Fuels,37.0
12/19/2015 16:45,EST,Other Renewables,319.0
12/19/2015 16:45,EST,Wind,1326.0
12/19/2015 16:50,EST,Dual Fuel,4496.0
12/19/2015 16:50,EST,Hydro,3047.0
12/19/2015 16:50,EST,Natural Gas,2105.0
12/19/2015 16:50,EST,Nuclear,5416.0
12/19/2015 16:50,EST,Other Fossil Fuels,37.0
12/19/2015 16:50,EST,Other Renewables,321.0
12/19/2015 16:50,EST,Wind,1349.0
12/19/2015 16:55,EST,Dual Fuel,4609.0
12/19/2015 16:55,EST,Hydro,3116.0
12/19/2015 16:55,EST,Natural Gas,2142.0
12/19/2015 16:55,EST,Nuclear,5416.0
12/19/2015 16:55,EST,Other Fossil Fuels,37.0
12/19/2015 16:55,EST,Other Renewables,317.0
12/19/2015 16:55,EST,Wind,1340.0
12/19/2015 17:00,EST,Dual Fuel,4735.0
12/19/2015 17:00,EST,Hydro,3119.0
12/19/2015 17:00,EST,Natural Gas,2196.0
12/19/2015 17:00,EST,Nuclear,5418.0
12/19/2015 17:00,EST,Other Fossil Fuels,37.0
12/19/2015 17:00,EST,Other Renewables,319.0
12/19/2015 17:00,EST,Wind,1331.0
12/19/2015 17:05,EST,Dual Fuel,4726.0
12/19/2015 17:05,EST,Hydro,3121.0
12/19/2015 17:05,EST,Natural Gas,2292.0
12/19/2015 17:05,EST,Nuclear,5417.0
12/19/2015 17:05,EST,Other Fossil Fuels,37.0
12/19/2015 17:05,EST,Other Renewables,321.0
12/19/2015 17:05,EST,Wind,1341.0
12/19/2015 17:10,EST,Dual Fuel,4769.0
12/19/2015 17:10,EST,Hydro,3242.0
12/19/2015 17:10,EST,Natural Gas,2270.0
12/19/2015 17:10,EST,Nuclear,5419.0
12/19/2015 17:10,EST,Other Fossil Fuels,37.0
12/19/2015 17:10,EST,Other Renewables,320.0
12/19/2015 17:10,EST,Wind,1279.0
12/19/2015 17:15,EST,Dual Fuel,4849.0
12/19/2015 17:15,EST,Hydro,3349.0
12/19/2015 17:15,EST,Natural Gas,2277.0
12/19/2015 17:15,EST,Nuclear,5416.0
12/19/2015 17:15,EST,Other Fossil Fuels,37.0
12/19/2015 17:15,EST,Other Renewables,321.0
12/19/2015 17:15,EST,Wind,1325.0
12/19/2015 17:20,EST,Dual Fuel,4896.0
12/19/2015 17:20,EST,Hydro,3207.0
12/19/2015 17:20,EST,Natural Gas,2411.0
12/19/2015 17:20,EST,Nuclear,5417.0
12/19/2015 17:20,EST,Other Fossil Fuels,37.0
12/19/2015 17:20,EST,Other Renewables,323.0
12/19/2015 17:20,EST,Wind,1348.0
12/19/2015 17:25,EST,Dual Fuel,4948.0
12/19/2015 17:25,EST,Hydro,3112.0
12/19/2015 17:25,EST,Natural Gas,2481.0
12/19/2015 17:25,EST,Nuclear,5419.0
12/19/2015 17:25,EST,Other Fossil Fuels,37.0
12/19/2015 17:25,EST,Other Renewables,321.0
12/19/2015 17:25,EST,Wind,1354.0
12/19/2015 17:30,EST,Dual Fuel,5063.0
12/19/2015 17:30,EST,Hydro,3053.0
12/19/2015 17:30,EST,Natural Gas,2470.0
12/19/2015 17:30,EST,Nuclear,5416.0
12/19/2015 17:30,EST,Other Fossil Fuels,37.0
12/19/2015 17:30,EST,Other Renewables,320.0
12/19/2015 17:30,EST,Wind,1355.0
12/19/2015 17:35,EST,Dual Fuel,5076.0
12/19/2015 17:35,EST,Hydro,3065.0
12/19/2015 17:35,EST,Natural Gas,2420.0
12/19/2015 17:35,EST,Nuclear,5417.0
12/19/2015 17:35,EST,Other Fossil Fuels,37.0
12/19/2015 17:35,EST,Other Renewables,323.0
12/19/2015 17:35,EST,Wind,1331.0
12/19/2015 17:40,EST,Dual Fuel,4983.0
12/19/2015 17:40,EST,Hydro,3180.0
12/19/2015 17:40,EST,Natural Gas,2386.0
12/19/2015 17:40,EST,Nuclear,5417.0
12/19/2015 17:40,EST,Other Fossil Fuels,37.0
12/19/2015 17:40,EST,Other Renewables,323.0
12/19/2015 17:40,EST,Wind,1325.0
12/19/2015 17:45,EST,Dual Fuel,5002.0
12/19/2015 17:45,EST,Hydro,3199.0
12/19/2015 17:45,EST,Natural Gas,2355.0
12/19/2015 17:45,EST,Nuclear,5416.0
12/19/2015 17:45,EST,Other Fossil Fuels,37.0
12/19/2015 17:45,EST,Other Renewables,318.0
12/19/2015 17:45,EST,Wind,1319.0
12/19/2015 17:50,EST,Dual Fuel,5032.0
12/19/2015 17:50,EST,Hydro,3180.0
12/19/2015 17:50,EST,Natural Gas,2389.0
12/19/2015 17:50,EST,Nuclear,5417.0
12/19/2015 17:50,EST,Other Fossil Fuels,37.0
12/19/2015 17:50,EST,Other Renewables,319.0
12/19/2015 17:50,EST,Wind,1327.0
12/19/2015 17:55,EST,Dual Fuel,4983.0
12/19/2015 17:55,EST,Hydro,3192.0
12/19/2015 17:55,EST,Natural Gas,2408.0
12/19/2015 17:55,EST,Nuclear,5420.0
12/19/2015 17:55,EST,Other Fossil Fuels,37.0
12/19/2015 17:55,EST,Other Renewables,317.0
12/19/2015 17:55,EST,Wind,1338.0
12/19/2015 18:00,EST,Dual Fuel,4998.0
12/19/2015 18:00,EST,Hydro,3219.0
12/19/2015 18:00,EST,Natural Gas,2403.0
12/19/2015 18:00,EST,Nuclear,5419.0
12/19/2015 18:00,EST,Other Fossil Fuels,37.0
12/19/2015 18:00,EST,Other Renewables,322.0
12/19/2015 18:00,EST,Wind,1333.0
12/19/2015 18:05,EST,Dual Fuel,4986.0
12/19/2015 18:05,EST,Hydro,3253.0
12/19/2015 18:05,EST,Natural Gas,2484.0
12/19/2015 18:05,EST,Nuclear,5416.0
12/19/2015 18:05,EST,Other Fossil Fuels,37.0
12/19/2015 18:05,EST,Other Renewables,320.0
12/19/2015 18:05,EST,Wind,1353.0
12/19/2015 18:10,EST,Dual Fuel,4947.0
12/19/2015 18:10,EST,Hydro,3343.0
12/19/2015 18:10,EST,Natural Gas,2528.0
12/19/2015 18:10,EST,Nuclear,5417.0
12/19/2015 18:10,EST,Other Fossil Fuels,37.0
12/19/2015 18:10,EST,Other Renewables,316.0
12/19/2015 18:10,EST,Wind,1368.0
12/19/2015 18:15,EST,Dual Fuel,4951.0
12/19/2015 18:15,EST,Hydro,3345.0
12/19/2015 18:15,EST,Natural Gas,2515.0
12/19/2015 18:15,EST,Nuclear,5417.0
12/19/2015 18:15,EST,Other Fossil Fuels,37.0
12/19/2015 18:15,EST,Other Renewables,319.0
12/19/2015 18:15,EST,Wind,1365.0
12/19/2015 18:20,EST,Dual Fuel,4999.0
12/19/2015 18:20,EST,Hydro,3381.0
12/19/2015 18:20,EST,Natural Gas,2414.0
12/19/2015 18:20,EST,Nuclear,5419.0
12/19/2015 18:20,EST,Other Fossil Fuels,37.0
12/19/2015 18:20,EST,Other Renewables,321.0
12/19/2015 18:20,EST,Wind,1351.0
12/19/2015 18:25,EST,Dual Fuel,4941.0
12/19/2015 18:25,EST,Hydro,3411.0
12/19/2015 18:25,EST,Natural Gas,2426.0
12/19/2015 18:25,EST,Nuclear,5417.0
12/19/2015 18:25,EST,Other Fossil Fuels,37.0
12/19/2015 18:25,EST,Other Renewables,318.0
12/19/2015 18:25,EST,Wind,1357.0
12/19/2015 18:30,EST,Dual Fuel,4860.0
12/19/2015 18:30,EST,Hydro,3464.0
12/19/2015 18:30,EST,Natural Gas,2432.0
12/19/2015 18:30,EST,Nuclear,5417.0
12/19/2015 18:30,EST,Other Fossil Fuels,37.0
12/19/2015 18:30,EST,Other Renewables,318.0
12/19/2015 18:30,EST,Wind,1351.0
12/19/2015 18:35,EST,Dual Fuel,4885.0
12/19/2015 18:35,EST,Hydro,3508.0
12/19/2015 18:35,EST,Natural Gas,2437.0
12/19/2015 18:35,EST,Nuclear,5419.0
12/19/2015 18:35,EST,Other Fossil Fuels,37.0
12/19/2015 18:35,EST,Other Renewables,321.0
12/19/2015 18:35,EST,Wind,1341.0
12/19/2015 18:40,EST,Dual Fuel,4885.0
12/19/2015 18:40,EST,Hydro,3500.0
12/19/2015 18:40,EST,Natural Gas,2436.0
12/19/2015 18:40,EST,Nuclear,5419.0
12/19/2015 18:40,EST,Other Fossil Fuels,37.0
12/19/2015 18:40,EST,Other Renewables,318.0
12/19/2015 18:40,EST,Wind,1347.0
12/19/2015 18:45,EST,Dual Fuel,4849.0
12/19/2015 18:45,EST,Hydro,3525.0
12/19/2015 18:45,EST,Natural Gas,2432.0
12/19/2015 18:45,EST,Nuclear,5418.0
12/19/2015 18:45,EST,Other Fossil Fuels,37.0
12/19/2015 18:45,EST,Other Renewables,316.0
12/19/2015 18:45,EST,Wind,1351.0
12/19/2015 18:50,EST,Dual Fuel,4827.0
12/19/2015 18:50,EST,Hydro,3495.0
12/19/2015 18:50,EST,Natural Gas,2449.0
12/19/2015 18:50,EST,Nuclear,5419.0
12/19/2015 18:50,EST,Other Fossil Fuels,37.0
12/19/2015 18:50,EST,Other Renewables,311.0
12/19/2015 18:50,EST,Wind,1371.0
12/19/2015 18:55,EST,Dual Fuel,4821.0
12/19/2015 18:55,EST,Hydro,3417.0
12/19/2015 18:55,EST,Natural Gas,2443.0
12/19/2015 18:55,EST,Nuclear,5421.0
12/19/2015 18:55,EST,Other Fossil Fuels,37.0
12/19/2015 18:55,EST,Other Renewables,310.0
12/19/2015 18:55,EST,Wind,1400.0
12/19/2015 19:00,EST,Dual Fuel,4830.0
12/19/2015 19:00,EST,Hydro,3399.0
12/19/2015 19:00,EST,Natural Gas,2439.0
12/19/2015 19:00,EST,Nuclear,5420.0
12/19/2015 19:00,EST,Other Fossil Fuels,37.0
12/19/2015 19:00,EST,Other Renewables,316.0
12/19/2015 19:00,EST,Wind,1429.0
12/19/2015 19:05,EST,Dual Fuel,4856.0
12/19/2015 19:05,EST,Hydro,3401.0
12/19/2015 19:05,EST,Natural Gas,2434.0
12/19/2015 19:05,EST,Nuclear,5420.0
12/19/2015 19:05,EST,Other Fossil Fuels,37.0
12/19/2015 19:05,EST,Other Renewables,320.0
12/19/2015 19:05,EST,Wind,1433.0
12/19/2015 19:10,EST,Dual Fuel,4868.0
12/19/2015 19:10,EST,Hydro,3389.0
12/19/2015 19:10,EST,Natural Gas,2425.0
12/19/2015 19:10,EST,Nuclear,5421.0
12/19/2015 19:10,EST,Other Fossil Fuels,37.0
12/19/2015 19:10,EST,Other Renewables,316.0
12/19/2015 19:10,EST,Wind,1427.0
12/19/2015 19:15,EST,Dual Fuel,4828.0
12/19/2015 19:15,EST,Hydro,3337.0
12/19/2015 19:15,EST,Natural Gas,2419.0
12/19/2015 19:15,EST,Nuclear,5420.0
12/19/2015 19:15,EST,Other Fossil Fuels,37.0
12/19/2015 19:15,EST,Other Renewables,317.0
12/19/2015 19:15,EST,Wind,1435.0
12/19/2015 19:20,EST,Dual Fuel,4648.0
12/19/2015 19:20,EST,Hydro,3339.0
12/19/2015 19:20,EST,Natural Gas,2420.0
12/19/2015 19:20,EST,Nuclear,5419.0
12/19/2015 19:20,EST,Other Fossil Fuels,37.0
12/19/2015 19:20,EST,Other Renewables,316.0
12/19/2015 19:20,EST,Wind,1429.0
12/19/2015 19:25,EST,Dual Fuel,4549.0
12/19/2015 19:25,EST,Hydro,3382.0
12/19/2015 19:25,EST,Natural Gas,2456.0
12/19/2015 19:25,EST,Nuclear,5420.0
12/19/2015 19:25,EST,Other Fossil Fuels,37.0
12/19/2015 19:25,EST,Other Renewables,318.0
12/19/2015 19:25,EST,Wind,1425.0
12/19/2015 19:30,EST,Dual Fuel,4555.0
12/19/2015 19:30,EST,Hydro,3384.0
12/19/2015 19:30,EST,Natural Gas,2457.0
12/19/2015 19:30,EST,Nuclear,5421.0
12/19/2015 19:30,EST,Other Fossil Fuels,37.0
12/19/2015 19:30,EST,Other Renewables,319.0
12/19/2015 19:30,EST,Wind,1427.0
12/19/2015 19:35,EST,Dual Fuel,4547.0
12/19/2015 19:35,EST,Hydro,3350.0
12/19/2015 19:35,EST,Natural Gas,2452.0
12/19/2015 19:35,EST,Nuclear,5421.0
12/19/2015 19:35,EST,Other Fossil Fuels,37.0
12/19/2015 19:35,EST,Other Renewables,314.0
12/19/2015 19:35,EST,Wind,1425.0
12/19/2015 19:40,EST,Dual Fuel,4510.0
12/19/2015 19:40,EST,Hydro,3322.0
12/19/2015 19:40,EST,Natural Gas,2443.0
12/19/2015 19:40,EST,Nuclear,5420.0
12/19/2015 19:40,EST,Other Fossil Fuels,37.0
12/19/2015 19:40,EST,Other Renewables,315.0
12/19/2015 19:40,EST,Wind,1419.0
12/19/2015 19:45,EST,Dual Fuel,4458.0
12/19/2015 19:45,EST,Hydro,3313.0
12/19/2015 19:45,EST,Natural Gas,2443.0
12/19/2015 19:45,EST,Nuclear,5420.0
12/19/2015 19:45,EST,Other Fossil Fuels,37.0
12/19/2015 19:45,EST,Other Renewables,315.0
12/19/2015 19:45,EST,Wind,1420.0
12/19/2015 19:50,EST,Dual Fuel,4397.0
12/19/2015 19:50,EST,Hydro,3358.0
12/19/2015 19:50,EST,Natural Gas,2454.0
12/19/2015 19:50,EST,Nuclear,5421.0
12/19/2015 19:50,EST,Other Fossil Fuels,37.0
12/19/2015 19:50,EST,Other Renewables,312.0
12/19/2015 19:50,EST,Wind,1408.0
12/19/2015 19:55,EST,Dual Fuel,4402.0
12/19/2015 19:55,EST,Hydro,3360.0
12/19/2015 19:55,EST,Natural Gas,2447.0
12/19/2015 19:55,EST,Nuclear,5418.0
12/19/2015 19:55,EST,Other Fossil Fuels,37.0
12/19/2015 19:55,EST,Other Renewables,312.0
12/19/2015 19:55,EST,Wind,1406.0
12/19/2015 20:00,EST,Dual Fuel,4525.0
12/19/2015 20:00,EST,Hydro,3271.0
12/19/2015 20:00,EST,Natural Gas,2457.0
12/19/2015 20:00,EST,Nuclear,5417.0
12/19/2015 20:00,EST,Other Fossil Fuels,37.0
12/19/2015 20:00,EST,Other Renewables,317.0
12/19/2015 20:00,EST,Wind,1422.0
12/19/2015 20:05,EST,Dual Fuel,4533.0
12/19/2015 20:05,EST,Hydro,3191.0
12/19/2015 20:05,EST,Natural Gas,2450.0
12/19/2015 20:05,EST,Nuclear,5418.0
12/19/2015 20:05,EST,Other Fossil Fuels,37.0
12/19/2015 20:05,EST,Other Renewables,315.0
12/19/2015 20:05,EST,Wind,1422.0
12/19/2015 20:10,EST,Dual Fuel,4556.0
12/19/2015 20:10,EST,Hydro,3162.0
12/19/2015 20:10,EST,Natural Gas,2406.0
12/19/2015 20:10,EST,Nuclear,5420.0
12/19/2015 20:10,EST,Other Fossil Fuels,37.0
12/19/2015 20:10,EST,Other Renewables,313.0
12/19/2015 20:10,EST,Wind,1412.0
12/19/2015 20:15,EST,Dual Fuel,4543.0
12/19/2015 20:15,EST,Hydro,3144.0
12/19/2015 20:15,EST,Natural Gas,2357.0
12/19/2015 20:15,EST,Nuclear,5420.0
12/19/2015 20:15,EST,Other Fossil Fuels,37.0
12/19/2015 20:15,EST,Other Renewables,314.0
12/19/2015 20:15,EST,Wind,1405.0
12/19/2015 20:20,EST,Dual Fuel,4485.0
12/19/2015 20:20,EST,Hydro,3120.0
12/19/2015 20:20,EST,Natural Gas,2356.0
12/19/2015 20:20,EST,Nuclear,5421.0
12/19/2015 20:20,EST,Other Fossil Fuels,37.0
12/19/2015 20:20,EST,Other Renewables,311.0
12/19/2015 20:20,EST,Wind,1396.0
12/19/2015 20:25,EST,Dual Fuel,4425.0
12/19/2015 20:25,EST,Hydro,3089.0
12/19/2015 20:25,EST,Natural Gas,2369.0
12/19/2015 20:25,EST,Nuclear,5420.0
12/19/2015 20:25,EST,Other Fossil Fuels,37.0
12/19/2015 20:25,EST,Other Renewables,310.0
12/19/2015 20:25,EST,Wind,1388.0
12/19/2015 20:30,EST,Dual Fuel,4394.0
12/19/2015 20:30,EST,Hydro,3096.0
12/19/2015 20:30,EST,Natural Gas,2355.0
12/19/2015 20:30,EST,Nuclear,5419.0
12/19/2015 20:30,EST,Other Fossil Fuels,37.0
12/19/2015 20:30,EST,Other Renewables,311.0
12/19/2015 20:30,EST,Wind,1381.0
12/19/2015 20:35,EST,Dual Fuel,4392.0
12/19/2015 20:35,EST,Hydro,3053.0
12/19/2015 20:35,EST,Natural Gas,2389.0
12/19/2015 20:35,EST,Nuclear,5420.0
12/19/2015 20:35,EST,Other Fossil Fuels,37.0
12/19/2015 20:35,EST,Other Renewables,309.0
12/19/2015 20:35,EST,Wind,1384.0
12/19/2015 20:40,EST,Dual Fuel,4381.0
12/19/2015 20:40,EST,Hydro,3031.0
12/19/2015 20:40,EST,Natural Gas,2366.0
12/19/2015 20:40,EST,Nuclear,5418.0
12/19/2015 20:40,EST,Other Fossil Fuels,37.0
12/19/2015 20:40,EST,Other Renewables,309.0
12/19/2015 20:40,EST,Wind,1371.0
12/19/2015 20:45,EST,Dual Fuel,4387.0
12/19/2015 20:45,EST,Hydro,2992.0
12/19/2015 20:45,EST,Natural Gas,2352.0
12/19/2015 20:45,EST,Nuclear,5420.0
12/19/2015 20:45,EST,Other Fossil Fuels,37.0
12/19/2015 20:45,EST,Other Renewables,312.0
12/19/2015 20:45,EST,Wind,1377.0
12/19/2015 20:50,EST,Dual Fuel,4408.0
12/19/2015 20:50,EST,Hydro,2995.0
12/19/2015 20:50,EST,Natural Gas,2343.0
12/19/2015 20:50,EST,Nuclear,5419.0
12/19/2015 20:50,EST,Other Fossil Fuels,37.0
12/19/2015 20:50,EST,Other Renewables,308.0
12/19/2015 20:50,EST,Wind,1391.0
12/19/2015 20:55,EST,Dual Fuel,4425.0
12/19/2015 20:55,EST,Hydro,2965.0
12/19/2015 20:55,EST,Natural Gas,2294.0
12/19/2015 20:55,EST,Nuclear,5420.0
12/19/2015 20:55,EST,Other Fossil Fuels,37.0
12/19/2015 20:55,EST,Other Renewables,311.0
12/19/2015 20:55,EST,Wind,1402.0
12/19/2015 21:00,EST,Dual Fuel,4385.0
12/19/2015 21:00,EST,Hydro,2988.0
12/19/2015 21:00,EST,Natural Gas,2264.0
12/19/2015 21:00,EST,Nuclear,5420.0
12/19/2015 21:00,EST,Other Fossil Fuels,37.0
12/19/2015 21:00,EST,Other Renewables,314.0
12/19/2015 21:00,EST,Wind,1406.0
12/19/2015 21:05,EST,Dual Fuel,4423.0
12/19/2015 21:05,EST,Hydro,2937.0
12/19/2015 21:05,EST,Natural Gas,2172.0
12/19/2015 21:05,EST,Nuclear,5419.0
12/19/2015 21:05,EST,Other Fossil Fuels,37.0
12/19/2015 21:05,EST,Other Renewables,315.0
12/19/2015 21:05,EST,Wind,1388.0
12/19/2015 21:10,EST,Dual Fuel,4434.0
12/19/2015 21:10,EST,Hydro,2906.0
12/19/2015 21:10,EST,Natural Gas,2129.0
12/19/2015 21:10,EST,Nuclear,5420.0
12/19/2015 21:10,EST,Other Fossil Fuels,37.0
12/19/2015 21:10,EST,Other Renewables,315.0
12/19/2015 21:10,EST,Wind,1360.0
12/19/2015 21:15,EST,Dual Fuel,4421.0
12/19/2015 21:15,EST,Hydro,2919.0
12/19/2015 21:15,EST,Natural Gas,2096.0
12/19/2015 21:15,EST,Nuclear,5419.0
12/19/2015 21:15,EST,Other Fossil Fuels,37.0
12/19/2015 21:15,EST,Other Renewables,314.0
12/19/2015 21:15,EST,Wind,1367.0
12/19/2015 21:20,EST,Dual Fuel,4368.0
12/19/2015 21:20,EST,Hydro,2966.0
12/19/2015 21:20,EST,Natural Gas,2019.0
12/19/2015 21:20,EST,Nuclear,5419.0
12/19/2015 21:20,EST,Other Fossil Fuels,37.0
12/19/2015 21:20,EST,Other Renewables,315.0
12/19/2015 21:20,EST,Wind,1388.0
12/19/2015 21:25,EST,Dual Fuel,4368.0
12/19/2015 21:25,EST,Hydro,3012.0
12/19/2015 21:25,EST,Natural Gas,1992.0
12/19/2015 21:25,EST,Nuclear,5418.0
12/19/2015 21:25,EST,Other Fossil Fuels,37.0
12/19/2015 21:25,EST,Other Renewables,311.0
12/19/2015 21:25,EST,Wind,1396.0
12/19/2015 21:30,EST,Dual Fuel,4331.0
12/19/2015 21:30,EST,Hydro,2966.0
12/19/2015 21:30,EST,Natural Gas,1993.0
12/19/2015 21:30,EST,Nuclear,5420.0
12/19/2015 21:30,EST,Other Fossil Fuels,37.0
12/19/2015 21:30,EST,Other Renewables,305.0
12/19/2015 21:30,EST,Wind,1409.0
12/19/2015 21:35,EST,Dual Fuel,4289.0
12/19/2015 21:35,EST,Hydro,2910.0
12/19/2015 21:35,EST,Natural Gas,1993.0
12/19/2015 21:35,EST,Nuclear,5420.0
12/19/2015 21:35,EST,Other Fossil Fuels,37.0
12/19/2015 21:35,EST,Other Renewables,309.0
12/19/2015 21:35,EST,Wind,1401.0
12/19/2015 21:40,EST,Dual Fuel,4265.0
12/19/2015 21:40,EST,Hydro,2929.0
12/19/2015 21:40,EST,Natural Gas,1991.0
12/19/2015 21:40,EST,Nuclear,5421.0
12/19/2015 21:40,EST,Other Fossil Fuels,37.0
12/19/2015 21:40,EST,Other Renewables,315.0
12/19/2015 21:40,EST,Wind,1402.0
12/19/2015 21:45,EST,Dual Fuel,4218.0
12/19/2015 21:45,EST,Hydro,2917.0
12/19/2015 21:45,EST,Natural Gas,1990.0
12/19/2015 21:45,EST,Nuclear,5420.0
12/19/2015 21:45,EST,Other Fossil Fuels,37.0
12/19/2015 21:45,EST,Other Renewables,316.0
12/19/2015 21:45,EST,Wind,1404.0
12/19/2015 21:50,EST,Dual Fuel,4211.0
12/19/2015 21:50,EST,Hydro,2891.0
12/19/2015 21:50,EST,Natural Gas,1991.0
12/19/2015 21:50,EST,Nuclear,5421.0
12/19/2015 21:50,EST,Other Fossil Fuels,37.0
12/19/2015 21:50,EST,Other Renewables,312.0
12/19/2015 21:50,EST,Wind,1400.0
12/19/2015 21:55,EST,Dual Fuel,4187.0
12/19/2015 21:55,EST,Hydro,2815.0
12/19/2015 21:55,EST,Natural Gas,1986.0
12/19/2015 21:55,EST,Nuclear,5420.0
12/19/2015 21:55,EST,Other Fossil Fuels,37.0
12/19/2015 21:55,EST,Other Renewables,308.0
12/19/2015 21:55,EST,Wind,1393.0
12/19/2015 22:00,EST,Dual Fuel,4162.0
12/19/2015 22:00,EST,Hydro,2827.0
12/19/2015 22:00,EST,Natural Gas,1968.0
12/19/2015 22:00,EST,Nuclear,5419.0
12/19/2015 22:00,EST,Other Fossil Fuels,37.0
12/19/2015 22:00,EST,Other Renewables,308.0
12/19/2015 22:00,EST,Wind,1389.0
12/19/2015 22:05,EST,Dual Fuel,4124.0
12/19/2015 22:05,EST,Hydro,2909.0
12/19/2015 22:05,EST,Natural Gas,1899.0
12/19/2015 22:05,EST,Nuclear,5419.0
12/19/2015 22:05,EST,Other Fossil Fuels,37.0
12/19/2015 22:05,EST,Other Renewables,308.0
12/19/2015 22:05,EST,Wind,1398.0
12/19/2015 22:10,EST,Dual Fuel,4083.0
12/19/2015 22:10,EST,Hydro,2962.0
12/19/2015 22:10,EST,Natural Gas,1863.0
12/19/2015 22:10,EST,Nuclear,5421.0
12/19/2015 22:10,EST,Other Fossil Fuels,37.0
12/19/2015 22:10,EST,Other Renewables,309.0
12/19/2015 22:10,EST,Wind,1394.0
12/19/2015 22:15,EST,Dual Fuel,4006.0
12/19/2015 22:15,EST,Hydro,3011.0
12/19/2015 22:15,EST,Natural Gas,1798.0
12/19/2015 22:15,EST,Nuclear,5422.0
12/19/2015 22:15,EST,Other Fossil Fuels,37.0
12/19/2015 22:15,EST,Other Renewables,313.0
12/19/2015 22:15,EST,Wind,1370.0
12/19/2015 22:20,EST,Dual Fuel,3965.0
12/19/2015 22:20,EST,Hydro,3102.0
12/19/2015 22:20,EST,Natural Gas,1742.0
12/19/2015 22:20,EST,Nuclear,5418.0
12/19/2015 22:20,EST,Other Fossil Fuels,37.0
12/19/2015 22:20,EST,Other Renewables,312.0
12/19/2015 22:20,EST,Wind,1364.0
12/19/2015 22:25,EST,Dual Fuel,3888.0
12/19/2015 22:25,EST,Hydro,3226.0
12/19/2015 22:25,EST,Natural Gas,1707.0
12/19/2015 22:25,EST,Nuclear,5422.0
12/19/2015 22:25,EST,Other Fossil Fuels,37.0
12/19/2015 22:25,EST,Other Renewables,314.0
12/19/2015 22:25,EST,Wind,1346.0
12/19/2015 22:30,EST,Dual Fuel,3779.0
12/19/2015 22:30,EST,Hydro,3249.0
12/19/2015 22:30,EST,Natural Gas,1684.0
12/19/2015 22:30,EST,Nuclear,5419.0
12/19/2015 22:30,EST,Other Fossil Fuels,37.0
12/19/2015 22:30,EST,Other Renewables,312.0
12/19/2015 22:30,EST,Wind,1335.0
12/19/2015 22:35,EST,Dual Fuel,3858.0
12/19/2015 22:35,EST,Hydro,3169.0
12/19/2015 22:35,EST,Natural Gas,1632.0
12/19/2015 22:35,EST,Nuclear,5419.0
12/19/2015 22:35,EST,Other Fossil Fuels,37.0
12/19/2015 22:35,EST,Other Renewables,310.0
12/19/2015 22:35,EST,Wind,1331.0
12/19/2015 22:40,EST,Dual Fuel,3856.0
12/19/2015 22:40,EST,Hydro,3087.0
12/19/2015 22:40,EST,Natural Gas,1620.0
12/19/2015 22:40,EST,Nuclear,5420.0
12/19/2015 22:40,EST,Other Fossil Fuels,37.0
12/19/2015 22:40,EST,Other Renewables,311.0
12/19/2015 22:40,EST,Wind,1344.0
12/19/2015 22:45,EST,Dual Fuel,3812.0
12/19/2015 22:45,EST,Hydro,3072.0
12/19/2015 22:45,EST,Natural Gas,1622.0
12/19/2015 22:45,EST,Nuclear,5420.0
12/19/2015 22:45,EST,Other Fossil Fuels,37.0
12/19/2015 22:45,EST,Other Renewables,310.0
12/19/2015 22:45,EST,Wind,1345.0
12/19/2015 22:50,EST,Dual Fuel,3776.0
12/19/2015 22:50,EST,Hydro,3006.0
12/19/2015 22:50,EST,Natural Gas,1623.0
12/19/2015 22:50,EST,Nuclear,5417.0
12/19/2015 22:50,EST,Other Fossil Fuels,37.0
12/19/2015 22:50,EST,Other Renewables,311.0
12/19/2015 22:50,EST,Wind,1352.0
12/19/2015 22:55,EST,Dual Fuel,3730.0
12/19/2015 22:55,EST,Hydro,2973.0
12/19/2015 22:55,EST,Natural Gas,1626.0
12/19/2015 22:55,EST,Nuclear,5419.0
12/19/2015 22:55,EST,Other Fossil Fuels,37.0
12/19/2015 22:55,EST,Other Renewables,310.0
12/19/2015 22:55,EST,Wind,1382.0
12/19/2015 23:00,EST,Dual Fuel,3717.0
12/19/2015 23:00,EST,Hydro,2920.0
12/19/2015 23:00,EST,Natural Gas,1625.0
12/19/2015 23:00,EST,Nuclear,5418.0
12/19/2015 23:00,EST,Other Fossil Fuels,37.0
12/19/2015 23:00,EST,Other Renewables,311.0
12/19/2015 23:00,EST,Wind,1405.0
12/19/2015 23:05,EST,Dual Fuel,3750.0
12/19/2015 23:05,EST,Hydro,2738.0
12/19/2015 23:05,EST,Natural Gas,1547.0
12/19/2015 23:05,EST,Nuclear,5420.0
12/19/2015 23:05,EST,Other Fossil Fuels,37.0
12/19/2015 23:05,EST,Other Renewables,309.0
12/19/2015 23:05,EST,Wind,1412.0
12/19/2015 23:10,EST,Dual Fuel,3631.0
12/19/2015 23:10,EST,Hydro,2800.0
12/19/2015 23:10,EST,Natural Gas,1468.0
12/19/2015 23:10,EST,Nuclear,5420.0
12/19/2015 23:10,EST,Other Fossil Fuels,37.0
12/19/2015 23:10,EST,Other Renewables,303.0
12/19/2015 23:10,EST,Wind,1412.0
12/19/2015 23:15,EST,Dual Fuel,3669.0
12/19/2015 23:15,EST,Hydro,2750.0
12/19/2015 23:15,EST,Natural Gas,1462.0
12/19/2015 23:15,EST,Nuclear,5419.0
12/19/2015 23:15,EST,Other Fossil Fuels,37.0
12/19/2015 23:15,EST,Other Renewables,300.0
12/19/2015 23:15,EST,Wind,1418.0
12/19/2015 23:20,EST,Dual Fuel,3692.0
12/19/2015 23:20,EST,Hydro,2657.0
12/19/2015 23:20,EST,Natural Gas,1459.0
12/19/2015 23:20,EST,Nuclear,5420.0
12/19/2015 23:20,EST,Other Fossil Fuels,37.0
12/19/2015 23:20,EST,Other Renewables,302.0
12/19/2015 23:20,EST,Wind,1429.0
12/19/2015 23:25,EST,Dual Fuel,3666.0
12/19/2015 23:25,EST,Hydro,2608.0
12/19/2015 23:25,EST,Natural Gas,1462.0
12/19/2015 23:25,EST,Nuclear,5419.0
12/19/2015 23:25,EST,Other Fossil Fuels,37.0
12/19/2015 23:25,EST,Other Renewables,305.0
12/19/2015 23:25,EST,Wind,1428.0
12/19/2015 23:30,EST,Dual Fuel,3665.0
12/19/2015 23:30,EST,Hydro,2549.0
12/19/2015 23:30,EST,Natural Gas,1480.0
12/19/2015 23:30,EST,Nuclear,5421.0
12/19/2015 23:30,EST,Other Fossil Fuels,37.0
12/19/2015 23:30,EST,Other Renewables,306.0
12/19/2015 23:30,EST,Wind,1412.0
12/19/2015 23:35,EST,Dual Fuel,3634.0
12/19/2015 23:35,EST,Hydro,2434.0
12/19/2015 23:35,EST,Natural Gas,1490.0
12/19/2015 23:35,EST,Nuclear,5418.0
12/19/2015 23:35,EST,Other Fossil Fuels,37.0
12/19/2015 23:35,EST,Other Renewables,307.0
12/19/2015 23:35,EST,Wind,1424.0
12/19/2015 23:40,EST,Dual Fuel,3510.0
12/19/2015 23:40,EST,Hydro,2413.0
12/19/2015 23:40,EST,Natural Gas,1488.0
12/19/2015 23:40,EST,Nuclear,5419.0
12/19/2015 23:40,EST,Other Fossil Fuels,37.0
12/19/2015 23:40,EST,Other Renewables,303.0
12/19/2015 23:40,EST,Wind,1434.0
12/19/2015 23:45,EST,Dual Fuel,3467.0
12/19/2015 23:45,EST,Hydro,2304.0
12/19/2015 23:45,EST,Natural Gas,1488.0
12/19/2015 23:45,EST,Nuclear,5417.0
12/19/2015 23:45,EST,Other Fossil Fuels,37.0
12/19/2015 23:45,EST,Other Renewables,306.0
12/19/2015 23:45,EST,Wind,1442.0
12/19/2015 23:50,EST,Dual Fuel,3477.0
12/19/2015 23:50,EST,Hydro,2320.0
12/19/2015 23:50,EST,Natural Gas,1491.0
12/19/2015 23:50,EST,Nuclear,5419.0
12/19/2015 23:50,EST,Other Fossil Fuels,37.0
12/19/2015 23:50,EST,Other Renewables,309.0
12/19/2015 23:50,EST,Wind,1432.0
12/19/2015 23:55,EST,Dual Fuel,3428.0
12/19/2015 23:55,EST,Hydro,2300.0
12/19/2015 23:55,EST,Natural Gas,1500.0
12/19/2015 23:55,EST,Nuclear,5420.0
12/19/2015 23:55,EST,Other Fossil Fuels,37.0
12/19/2015 23:55,EST,Other Renewables,313.0
12/19/2015 23:55,EST,Wind,1405.0
12/20/2015 00:00,EST,Dual Fuel,3469.0
12/20/2015 00:00,EST,Hydro,2323.0
12/20/2015 00:00,EST,Natural Gas,1516.0
12/20/2015 00:00,EST,Nuclear,5419.0
12/20/2015 00:00,EST,Other Fossil Fuels,37.0
12/20/2015 00:00,EST,Other Renewables,310.0
12/20/2015 00:00,EST,Wind,1375.0