Time Stamp,Time Zone,Fuel Category,Gen MWh
12/23/2015 00:05,EST,Dual Fuel,2928.0
12/23/2015 00:05,EST,Hydro,2456.0
12/23/2015 00:05,EST,Natural Gas,1554.0
12/23/2015 00:05,EST,Nuclear,5412.0
12/23/2015 00:05,EST,Other Fossil Fuels,37.0
12/23/2015 00:05,EST,Other Renewables,302.0
12/23/2015 00:05,EST,Wind,214.0
12/23/2015 00:10,EST,Dual Fuel,2821.0
12/23/2015 00:10,EST,Hydro,2409.0
12/23/2015 00:10,EST,Natural Gas,1530.0
12/23/2015 00:10,EST,Nuclear,5410.0
12/23/2015 00:10,EST,Other Fossil Fuels,37.0
12/23/2015 00:10,EST,Other Renewables,305.0
12/23/2015 00:10,EST,Wind,209.0
12/23/2015 00:15,EST,Dual Fuel,2732.0
12/23/2015 00:15,EST,Hydro,2439.0
12/23/2015 00:15,EST,Natural Gas,1531.0
12/23/2015 00:15,EST,Nuclear,5412.0
12/23/2015 00:15,EST,Other Fossil Fuels,37.0
12/23/2015 00:15,EST,Other Renewables,302.0
12/23/2015 00:15,EST,Wind,230.0
12/23/2015 00:20,EST,Dual Fuel,2710.0
12/23/2015 00:20,EST,Hydro,2535.0
12/23/2015 00:20,EST,Natural Gas,1523.0
12/23/2015 00:20,EST,Nuclear,5412.0
12/23/2015 00:20,EST,Other Fossil Fuels,37.0
12/23/2015 00:20,EST,Other Renewables,300.0
12/23/2015 00:20,EST,Wind,214.0
12/23/2015 00:25,EST,Dual Fuel,2702.0
12/23/2015 00:25,EST,Hydro,2529.0
12/23/2015 00:25,EST,Natural Gas,1506.0
12/23/2015 00:25,EST,Nuclear,5408.0
12/23/2015 00:25,EST,Other Fossil Fuels,36.0
12/23/2015 00:25,EST,Other Renewables,301.0
12/23/2015 00:25,EST,Wind,209.0
12/23/2015 00:30,EST,Dual Fuel,2680.0
12/23/2015 00:30,EST,Hydro,2426.0
12/23/2015 00:30,EST,Natural Gas,1506.0
12/23/2015 00:30,EST,Nuclear,5411.0
12/23/2015 00:30,EST,Other Fossil Fuels,36.0
12/23/2015 00:30,EST,Other Renewables,300.0
12/23/2015 00:30,EST,Wind,199.0
12/23/2015 00:35,EST,Dual Fuel,2680.0
12/23/2015 00:35,EST,Hydro,2413.0
12/23/2015 00:35,EST,Natural Gas,1509.0
12/23/2015 00:35,EST,Nuclear,5405.0
12/23/2015 00:35,EST,Other Fossil Fuels,36.0
12/23/2015 00:35,EST,Other Renewables,298.0
12/23/2015 00:35,EST,Wind,179.0
12/23/2015 00:40,EST,Dual Fuel,2663.0
12/23/2015 00:40,EST,Hydro,2397.0
12/23/2015 00:40,EST,Natural Gas,1505.0
12/23/2015 00:40,EST,Nuclear,5400.0
12/23/2015 00:40,EST,Other Fossil Fuels,36.0
12/23/2015 00:40,EST,Other Renewables,297.0
12/23/2015 00:40,EST,Wind,179.0
12/23/2015 00:45,EST,Dual Fuel,2655.0
12/23/2015 00:45,EST,Hydro,2348.0
12/23/2015 00:45,EST,Natural Gas,1513.0
12/23/2015 00:45,EST,Nuclear,5402.0
12/23/2015 00:45,EST,Other Fossil Fuels,36.0
12/23/2015 00:45,EST,Other Renewables,303.0
12/23/2015 00:45,EST,Wind,203.0
12/23/2015 00:50,EST,Dual Fuel,2661.0
12/23/2015 00:50,EST,Hydro,2347.0
12/23/2015 00:50,EST,Natural Gas,1527.0
12/23/2015 00:50,EST,Nuclear,5402.0
12/23/2015 00:50,EST,Other Fossil Fuels,36.0
12/23/2015 00:50,EST,Other Renewables,303.0
12/23/2015 00:50,EST,Wind,211.0
12/23/2015 00:55,EST,Dual Fuel,2665.0
12/23/2015 00:55,EST,Hydro,2344.0
12/23/2015 00:55,EST,Natural Gas,1537.0
12/23/2015 00:55,EST,Nuclear,5400.0
12/23/2015 00:55,EST,Other Fossil Fuels,36.0
12/23/2015 00:55,EST,Other Renewables,306.0
12/23/2015 00:55,EST,Wind,212.0
12/23/2015 01:00,EST,Dual Fuel,2639.0
12/23/2015 01:00,EST,Hydro,2326.0
12/23/2015 01:00,EST,Natural Gas,1529.0
12/23/2015 01:00,EST,Nuclear,5405.0
12/23/2015 01:00,EST,Other Fossil Fuels,36.0
12/23/2015 01:00,EST,Other Renewables,308.0
12/23/2015 01:00,EST,Wind,220.0
12/23/2015 01:05,EST,Dual Fuel,2618.0
12/23/2015 01:05,EST,Hydro,2323.0
12/23/2015 01:05,EST,Natural Gas,1516.0
12/23/2015 01:05,EST,Nuclear,5407.0
12/23/2015 01:05,EST,Other Fossil Fuels,36.0
12/23/2015 01:05,EST,Other Renewables,305.0
12/23/2015 01:05,EST,Wind,237.0
12/23/2015 01:10,EST,Dual Fuel,2620.0
12/23/2015 01:10,EST,Hydro,2343.0
12/23/2015 01:10,EST,Natural Gas,1512.0
12/23/2015 01:10,EST,Nuclear,5404.0
12/23/2015 01:10,EST,Other Fossil Fuels,36.0
12/23/2015 01:10,EST,Other Renewables,304.0
12/23/2015 01:10,EST,Wind,254.0
12/23/2015 01:15,EST,Dual Fuel,2605.0
12/23/2015 01:15,EST,Hydro,2302.0
12/23/2015 01:15,EST,Natural Gas,1509.0
12/23/2015 01:15,EST,Nuclear,5405.0
12/23/2015 01:15,EST,Other Fossil Fuels,36.0
12/23/2015 01:15,EST,Other Renewables,303.0
12/23/2015 01:15,EST,Wind,267.0
12/23/2015 01:20,EST,Dual Fuel,2606.0
12/23/2015 01:20,EST,Hydro,2294.0
12/23/2015 01:20,EST,Natural Gas,1514.0
12/23/2015 01:20,EST,Nuclear,5406.0
12/23/2015 01:20,EST,Other Fossil Fuels,36.0
12/23/2015 01:20,EST,Other Renewables,306.0
12/23/2015 01:20,EST,Wind,278.0
12/23/2015 01:25,EST,Dual Fuel,2604.0
12/23/2015 01:25,EST,Hydro,2316.0
12/23/2015 01:25,EST,Natural Gas,1514.0
12/23/2015 01:25,EST,Nuclear,5403.0
12/23/2015 01:25,EST,Other Fossil Fuels,36.0
12/23/2015 01:25,EST,Other Renewables,307.0
12/23/2015 01:25,EST,Wind,275.0
12/23/2015 01:30,EST,Dual Fuel,2586.0
12/23/2015 01:30,EST,Hydro,2268.0
12/23/2015 01:30,EST,Natural Gas,1512.0
12/23/2015 01:30,EST,Nuclear,5408.0
12/23/2015 01:30,EST,Other Fossil Fuels,36.0
12/23/2015 01:30,EST,Other Renewables,304.0
12/23/2015 01:30,EST,Wind,274.0
12/23/2015 01:35,EST,Dual Fuel,2570.0
12/23/2015 01:35,EST,Hydro,2223.0
12/23/2015 01:35,EST,Natural Gas,1513.0
12/23/2015 01:35,EST,Nuclear,5415.0
12/23/2015 01:35,EST,Other Fossil Fuels,36.0
12/23/2015 01:35,EST,Other Renewables,306.0
12/23/2015 01:35,EST,Wind,283.0
12/23/2015 01:40,EST,Dual Fuel,2552.0
12/23/2015 01:40,EST,Hydro,2192.0
12/23/2015 01:40,EST,Natural Gas,1509.0
12/23/2015 01:40,EST,Nuclear,5412.0
12/23/2015 01:40,EST,Other Fossil Fuels,36.0
12/23/2015 01:40,EST,Other Renewables,309.0
12/23/2015 01:40,EST,Wind,278.0
12/23/2015 01:45,EST,Dual Fuel,2530.0
12/23/2015 01:45,EST,Hydro,2167.0
12/23/2015 01:45,EST,Natural Gas,1506.0
12/23/2015 01:45,EST,Nuclear,5413.0
12/23/2015 01:45,EST,Other Fossil Fuels,36.0
12/23/2015 01:45,EST,Other Renewables,311.0
12/23/2015 01:45,EST,Wind,257.0
12/23/2015 01:50,EST,Dual Fuel,2527.0
12/23/2015 01:50,EST,Hydro,2166.0
12/23/2015 01:50,EST,Natural Gas,1505.0
12/23/2015 01:50,EST,Nuclear,5414.0
12/23/2015 01:50,EST,Other Fossil Fuels,36.0
12/23/2015 01:50,EST,Other Renewables,309.0
12/23/2015 01:50,EST,Wind,255.0
12/23/2015 01:55,EST,Dual Fuel,2523.0
12/23/2015 01:55,EST,Hydro,2155.0
12/23/2015 01:55,EST,Natural Gas,1496.0
12/23/2015 01:55,EST,Nuclear,5413.0
12/23/2015 01:55,EST,Other Fossil Fuels,36.0
12/23/2015 01:55,EST,Other Renewables,308.0
12/23/2015 01:55,EST,Wind,255.0
12/23/2015 02:00,EST,Dual Fuel,2522.0
12/23/2015 02:00,EST,Hydro,2150.0
12/23/2015 02:00,EST,Natural Gas,1496.0
12/23/2015 02:00,EST,Nuclear,5414.0
12/23/2015 02:00,EST,Other Fossil Fuels,36.0
12/23/2015 02:00,EST,Other Renewables,304.0
12/23/2015 02:00,EST,Wind,265.0
12/23/2015 02:05,EST,Dual Fuel,2524.0
12/23/2015 02:05,EST,Hydro,2202.0
12/23/2015 02:05,EST,Natural Gas,1499.0
12/23/2015 02:05,EST,Nuclear,5416.0
12/23/2015 02:05,EST,Other Fossil Fuels,36.0
12/23/2015 02:05,EST,Other Renewables,309.0
12/23/2015 02:05,EST,Wind,270.0
12/23/2015 02:10,EST,Dual Fuel,2583.0
12/23/2015 02:10,EST,Hydro,2204.0
12/23/2015 02:10,EST,Natural Gas,1497.0
12/23/2015 02:10,EST,Nuclear,5415.0
12/23/2015 02:10,EST,Other Fossil Fuels,36.0
12/23/2015 02:10,EST,Other Renewables,309.0
12/23/2015 02:10,EST,Wind,275.0
12/23/2015 02:15,EST,Dual Fuel,2648.0
12/23/2015 02:15,EST,Hydro,2168.0
12/23/2015 02:15,EST,Natural Gas,1490.0
12/23/2015 02:15,EST,Nuclear,5414.0
12/23/2015 02:15,EST,Other Fossil Fuels,36.0
12/23/2015 02:15,EST,Other Renewables,307.0
12/23/2015 02:15,EST,Wind,266.0
12/23/2015 02:20,EST,Dual Fuel,2618.0
12/23/2015 02:20,EST,Hydro,2140.0
12/23/2015 02:20,EST,Natural Gas,1479.0
12/23/2015 02:20,EST,Nuclear,5415.0
12/23/2015 02:20,EST,Other Fossil Fuels,36.0
12/23/2015 02:20,EST,Other Renewables,309.0
12/23/2015 02:20,EST,Wind,258.0
12/23/2015 02:25,EST,Dual Fuel,2551.0
12/23/2015 02:25,EST,Hydro,2178.0
12/23/2015 02:25,EST,Natural Gas,1466.0
12/23/2015 02:25,EST,Nuclear,5415.0
12/23/2015 02:25,EST,Other Fossil Fuels,36.0
12/23/2015 02:25,EST,Other Renewables,310.0
12/23/2015 02:25,EST,Wind,248.0
12/23/2015 02:30,EST,Dual Fuel,2513.0
12/23/2015 02:30,EST,Hydro,2235.0
12/23/2015 02:30,EST,Natural Gas,1467.0
12/23/2015 02:30,EST,Nuclear,5416.0
12/23/2015 02:30,EST,Other Fossil Fuels,36.0
12/23/2015 02:30,EST,Other Renewables,307.0
12/23/2015 02:30,EST,Wind,234.0
12/23/2015 02:35,EST,Dual Fuel,2510.0
12/23/2015 02:35,EST,Hydro,2244.0
12/23/2015 02:35,EST,Natural Gas,1466.0
12/23/2015 02:35,EST,Nuclear,5415.0
12/23/2015 02:35,EST,Other Fossil Fuels,36.0
12/23/2015 02:35,EST,Other Renewables,307.0
12/23/2015 02:35,EST,Wind,230.0
12/23/2015 02:40,EST,Dual Fuel,2513.0
12/23/2015 02:40,EST,Hydro,2215.0
12/23/2015 02:40,EST,Natural Gas,1471.0
12/23/2015 02:40,EST,Nuclear,5415.0
12/23/2015 02:40,EST,Other Fossil Fuels,36.0
12/23/2015 02:40,EST,Other Renewables,308.0
12/23/2015 02:40,EST,Wind,229.0
12/23/2015 02:45,EST,Dual Fuel,2489.0
12/23/2015 02:45,EST,Hydro,2194.0
12/23/2015 02:45,EST,Natural Gas,1471.0
12/23/2015 02:45,EST,Nuclear,5413.0
12/23/2015 02:45,EST,Other Fossil Fuels,36.0
12/23/2015 02:45,EST,Other Renewables,308.0
12/23/2015 02:45,EST,Wind,239.0
12/23/2015 02:50,EST,Dual Fuel,2483.0
12/23/2015 02:50,EST,Hydro,2190.0
12/23/2015 02:50,EST,Natural Gas,1470.0
12/23/2015 02:50,EST,Nuclear,5416.0
12/23/2015 02:50,EST,Other Fossil Fuels,36.0
12/23/2015 02:50,EST,Other Renewables,307.0
12/23/2015 02:50,EST,Wind,245.0
12/23/2015 02:55,EST,Dual Fuel,2473.0
12/23/2015 02:55,EST,Hydro,2151.0
12/23/2015 02:55,EST,Natural Gas,1486.0
12/23/2015 02:55,EST,Nuclear,5416.0
12/23/2015 02:55,EST,Other Fossil Fuels,36.0
12/23/2015 02:55,EST,Other Renewables,306.0
12/23/2015 02:55,EST,Wind,244.0
12/23/2015 03:00,EST,Dual Fuel,2469.0
12/23/2015 03:00,EST,Hydro,2141.0
12/23/2015 03:00,EST,Natural Gas,1522.0
12/23/2015 03:00,EST,Nuclear,5417.0
12/23/2015 03:00,EST,Other Fossil Fuels,36.0
12/23/2015 03:00,EST,Other Renewables,308.0
12/23/2015 03:00,EST,Wind,242.0
12/23/2015 03:05,EST,Dual Fuel,2459.0
12/23/2015 03:05,EST,Hydro,2244.0
12/23/2015 03:05,EST,Natural Gas,1523.0
12/23/2015 03:05,EST,Nuclear,5415.0
12/23/2015 03:05,EST,Other Fossil Fuels,36.0
12/23/2015 03:05,EST,Other Renewables,310.0
12/23/2015 03:05,EST,Wind,239.0
12/23/2015 03:10,EST,Dual Fuel,2455.0
12/23/2015 03:10,EST,Hydro,2304.0
12/23/2015 03:10,EST,Natural Gas,1519.0
12/23/2015 03:10,EST,Nuclear,5415.0
12/23/2015 03:10,EST,Other Fossil Fuels,36.0
12/23/2015 03:10,EST,Other Renewables,311.0
12/23/2015 03:10,EST,Wind,224.0
12/23/2015 03:15,EST,Dual Fuel,2464.0
12/23/2015 03:15,EST,Hydro,2351.0
12/23/2015 03:15,EST,Natural Gas,1518.0
12/23/2015 03:15,EST,Nuclear,5416.0
12/23/2015 03:15,EST,Other Fossil Fuels,36.0
12/23/2015 03:15,EST,Other Renewables,311.0
12/23/2015 03:15,EST,Wind,217.0
12/23/2015 03:20,EST,Dual Fuel,2446.0
12/23/2015 03:20,EST,Hydro,2367.0
12/23/2015 03:20,EST,Natural Gas,1509.0
12/23/2015 03:20,EST,Nuclear,5420.0
12/23/2015 03:20,EST,Other Fossil Fuels,36.0
12/23/2015 03:20,EST,Other Renewables,312.0
12/23/2015 03:20,EST,Wind,220.0
12/23/2015 03:25,EST,Dual Fuel,2455.0
12/23/2015 03:25,EST,Hydro,2370.0
12/23/2015 03:25,EST,Natural Gas,1494.0
12/23/2015 03:25,EST,Nuclear,5415.0
12/23/2015 03:25,EST,Other Fossil Fuels,36.0
12/23/2015 03:25,EST,Other Renewables,312.0
12/23/2015 03:25,EST,Wind,217.0
12/23/2015 03:30,EST,Dual Fuel,2468.0
12/23/2015 03:30,EST,Hydro,2352.0
12/23/2015 03:30,EST,Natural Gas,1488.0
12/23/2015 03:30,EST,Nuclear,5416.0
12/23/2015 03:30,EST,Other Fossil Fuels,36.0
12/23/2015 03:30,EST,Other Renewables,310.0
12/23/2015 03:30,EST,Wind,217.0
12/23/2015 03:35,EST,Dual Fuel,2467.0
12/23/2015 03:35,EST,Hydro,2307.0
12/23/2015 03:35,EST,Natural Gas,1479.0
12/23/2015 03:35,EST,Nuclear,5414.0
12/23/2015 03:35,EST,Other Fossil Fuels,36.0
12/23/2015 03:35,EST,Other Renewables,310.0
12/23/2015 03:35,EST,Wind,225.0
12/23/2015 03:40,EST,Dual Fuel,2459.0
12/23/2015 03:40,EST,Hydro,2302.0
12/23/2015 03:40,EST,Natural Gas,1475.0
12/23/2015 03:40,EST,Nuclear,5415.0
12/23/2015 03:40,EST,Other Fossil Fuels,36.0
12/23/2015 03:40,EST,Other Renewables,313.0
12/23/2015 03:40,EST,Wind,223.0
12/23/2015 03:45,EST,Dual Fuel,2456.0
12/23/2015 03:45,EST,Hydro,2314.0
12/23/2015 03:45,EST,Natural Gas,1472.0
12/23/2015 03:45,EST,Nuclear,5416.0
12/23/2015 03:45,EST,Other Fossil Fuels,36.0
12/23/2015 03:45,EST,Other Renewables,312.0
12/23/2015 03:45,EST,Wind,219.0
12/23/2015 03:50,EST,Dual Fuel,2459.0
12/23/2015 03:50,EST,Hydro,2313.0
12/23/2015 03:50,EST,Natural Gas,1471.0
12/23/2015 03:50,EST,Nuclear,5417.0
12/23/2015 03:50,EST,Other Fossil Fuels,36.0
12/23/2015 03:50,EST,Other Renewables,307.0
12/23/2015 03:50,EST,Wind,220.0
12/23/2015 03:55,EST,Dual Fuel,2483.0
12/23/2015 03:55,EST,Hydro,2306.0
12/23/2015 03:55,EST,Natural Gas,1471.0
12/23/2015 03:55,EST,Nuclear,5416.0
12/23/2015 03:55,EST,Other Fossil Fuels,36.0
12/23/2015 03:55,EST,Other Renewables,306.0
12/23/2015 03:55,EST,Wind,227.0
12/23/2015 04:00,EST,Dual Fuel,2530.0
12/23/2015 04:00,EST,Hydro,2272.0
12/23/2015 04:00,EST,Natural Gas,1470.0
12/23/2015 04:00,EST,Nuclear,5416.0
12/23/2015 04:00,EST,Other Fossil Fuels,36.0
12/23/2015 04:00,EST,Other Renewables,309.0
12/23/2015 04:00,EST,Wind,230.0
12/23/2015 04:05,EST,Dual Fuel,2580.0
12/23/2015 04:05,EST,Hydro,2209.0
12/23/2015 04:05,EST,Natural Gas,1490.0
12/23/2015 04:05,EST,Nuclear,5416.0
12/23/2015 04:05,EST,Other Fossil Fuels,37.0
12/23/2015 04:05,EST,Other Renewables,308.0
12/23/2015 04:05,EST,Wind,240.0
12/23/2015 04:10,EST,Dual Fuel,2632.0
12/23/2015 04:10,EST,Hydro,2155.0
12/23/2015 04:10,EST,Natural Gas,1500.0
12/23/2015 04:10,EST,Nuclear,5418.0
12/23/2015 04:10,EST,Other Fossil Fuels,37.0
12/23/2015 04:10,EST,Other Renewables,309.0
12/23/2015 04:10,EST,Wind,260.0
12/23/2015 04:15,EST,Dual Fuel,2655.0
12/23/2015 04:15,EST,Hydro,2125.0
12/23/2015 04:15,EST,Natural Gas,1488.0
12/23/2015 04:15,EST,Nuclear,5417.0
12/23/2015 04:15,EST,Other Fossil Fuels,37.0
12/23/2015 04:15,EST,Other Renewables,312.0
12/23/2015 04:15,EST,Wind,280.0
12/23/2015 04:20,EST,Dual Fuel,2651.0
12/23/2015 04:20,EST,Hydro,2122.0
12/23/2015 04:20,EST,Natural Gas,1482.0
12/23/2015 04:20,EST,Nuclear,5415.0
12/23/2015 04:20,EST,Other Fossil Fuels,37.0
12/23/2015 04:20,EST,Other Renewables,310.0
12/23/2015 04:20,EST,Wind,298.0
12/23/2015 04:25,EST,Dual Fuel,2644.0
12/23/2015 04:25,EST,Hydro,2122.0
12/23/2015 04:25,EST,Natural Gas,1482.0
12/23/2015 04:25,EST,Nuclear,5416.0
12/23/2015 04:25,EST,Other Fossil Fuels,37.0
12/23/2015 04:25,EST,Other Renewables,319.0
12/23/2015 04:25,EST,Wind,306.0
12/23/2015 04:30,EST,Dual Fuel,2647.0
12/23/2015 04:30,EST,Hydro,2123.0
12/23/2015 04:30,EST,Natural Gas,1479.0
12/23/2015 04:30,EST,Nuclear,5415.0
12/23/2015 04:30,EST,Other Fossil Fuels,37.0
12/23/2015 04:30,EST,Other Renewables,315.0
12/23/2015 04:30,EST,Wind,311.0
12/23/2015 04:35,EST,Dual Fuel,2662.0
12/23/2015 04:35,EST,Hydro,2113.0
12/23/2015 04:35,EST,Natural Gas,1473.0
12/23/2015 04:35,EST,Nuclear,5417.0
12/23/2015 04:35,EST,Other Fossil Fuels,37.0
12/23/2015 04:35,EST,Other Renewables,312.0
12/23/2015 04:35,EST,Wind,330.0
12/23/2015 04:40,EST,Dual Fuel,2673.0
12/23/2015 04:40,EST,Hydro,2125.0
12/23/2015 04:40,EST,Natural Gas,1473.0
12/23/2015 04:40,EST,Nuclear,5415.0
12/23/2015 04:40,EST,Other Fossil Fuels,37.0
12/23/2015 04:40,EST,Other Renewables,308.0
12/23/2015 04:40,EST,Wind,341.0
12/23/2015 04:45,EST,Dual Fuel,2678.0
12/23/2015 04:45,EST,Hydro,2126.0
12/23/2015 04:45,EST,Natural Gas,1472.0
12/23/2015 04:45,EST,Nuclear,5417.0
12/23/2015 04:45,EST,Other Fossil Fuels,37.0
12/23/2015 04:45,EST,Other Renewables,311.0
12/23/2015 04:45,EST,Wind,345.0
12/23/2015 04:50,EST,Dual Fuel,2687.0
12/23/2015 04:50,EST,Hydro,2112.0
12/23/2015 04:50,EST,Natural Gas,1472.0
12/23/2015 04:50,EST,Nuclear,5413.0
12/23/2015 04:50,EST,Other Fossil Fuels,37.0
12/23/2015 04:50,EST,Other Renewables,312.0
12/23/2015 04:50,EST,Wind,351.0
12/23/2015 04:55,EST,Dual Fuel,2693.0
12/23/2015 04:55,EST,Hydro,2127.0
12/23/2015 04:55,EST,Natural Gas,1468.0
12/23/2015 04:55,EST,Nuclear,5415.0
12/23/2015 04:55,EST,Other Fossil Fuels,37.0
12/23/2015 04:55,EST,Other Renewables,314.0
12/23/2015 04:55,EST,Wind,355.0
12/23/2015 05:00,EST,Dual Fuel,2688.0
12/23/2015 05:00,EST,Hydro,2133.0
12/23/2015 05:00,EST,Natural Gas,1473.0
12/23/2015 05:00,EST,Nuclear,5414.0
12/23/2015 05:00,EST,Other Fossil Fuels,37.0
12/23/2015 05:00,EST,Other Renewables,316.0
12/23/2015 05:00,EST,Wind,355.0
12/23/2015 05:05,EST,Dual Fuel,2651.0
12/23/2015 05:05,EST,Hydro,2053.0
12/23/2015 05:05,EST,Natural Gas,1482.0
12/23/2015 05:05,EST,Nuclear,5416.0
12/23/2015 05:05,EST,Other Fossil Fuels,37.0
12/23/2015 05:05,EST,Other Renewables,318.0
12/23/2015 05:05,EST,Wind,364.0
12/23/2015 05:10,EST,Dual Fuel,2636.0
12/23/2015 05:10,EST,Hydro,2034.0
12/23/2015 05:10,EST,Natural Gas,1486.0
12/23/2015 05:10,EST,Nuclear,5415.0
12/23/2015 05:10,EST,Other Fossil Fuels,36.0
12/23/2015 05:10,EST,Other Renewables,325.0
12/23/2015 05:10,EST,Wind,383.0
12/23/2015 05:15,EST,Dual Fuel,2701.0
12/23/2015 05:15,EST,Hydro,2022.0
12/23/2015 05:15,EST,Natural Gas,1488.0
12/23/2015 05:15,EST,Nuclear,5414.0
12/23/2015 05:15,EST,Other Fossil Fuels,36.0
12/23/2015 05:15,EST,Other Renewables,326.0
12/23/2015 05:15,EST,Wind,401.0
12/23/2015 05:20,EST,Dual Fuel,2823.0
12/23/2015 05:20,EST,Hydro,1908.0
12/23/2015 05:20,EST,Natural Gas,1494.0
12/23/2015 05:20,EST,Nuclear,5416.0
12/23/2015 05:20,EST,Other Fossil Fuels,37.0
12/23/2015 05:20,EST,Other Renewables,327.0
12/23/2015 05:20,EST,Wind,416.0
12/23/2015 05:25,EST,Dual Fuel,2846.0
12/23/2015 05:25,EST,Hydro,1880.0
12/23/2015 05:25,EST,Natural Gas,1500.0
12/23/2015 05:25,EST,Nuclear,5415.0
12/23/2015 05:25,EST,Other Fossil Fuels,37.0
12/23/2015 05:25,EST,Other Renewables,324.0
12/23/2015 05:25,EST,Wind,436.0
12/23/2015 05:30,EST,Dual Fuel,2890.0
12/23/2015 05:30,EST,Hydro,1878.0
12/23/2015 05:30,EST,Natural Gas,1505.0
12/23/2015 05:30,EST,Nuclear,5417.0
12/23/2015 05:30,EST,Other Fossil Fuels,37.0
12/23/2015 05:30,EST,Other Renewables,325.0
12/23/2015 05:30,EST,Wind,454.0
12/23/2015 05:35,EST,Dual Fuel,2917.0
12/23/2015 05:35,EST,Hydro,1896.0
12/23/2015 05:35,EST,Natural Gas,1509.0
12/23/2015 05:35,EST,Nuclear,5415.0
12/23/2015 05:35,EST,Other Fossil Fuels,36.0
12/23/2015 05:35,EST,Other Renewables,327.0
12/23/2015 05:35,EST,Wind,473.0
12/23/2015 05:40,EST,Dual Fuel,2953.0
12/23/2015 05:40,EST,Hydro,1937.0
12/23/2015 05:40,EST,Natural Gas,1512.0
12/23/2015 05:40,EST,Nuclear,5417.0
12/23/2015 05:40,EST,Other Fossil Fuels,36.0
12/23/2015 05:40,EST,Other Renewables,325.0
12/23/2015 05:40,EST,Wind,487.0
12/23/2015 05:45,EST,Dual Fuel,2935.0
12/23/2015 05:45,EST,Hydro,1988.0
12/23/2015 05:45,EST,Natural Gas,1518.0
12/23/2015 05:45,EST,Nuclear,5416.0
12/23/2015 05:45,EST,Other Fossil Fuels,36.0
12/23/2015 05:45,EST,Other Renewables,326.0
12/23/2015 05:45,EST,Wind,493.0
12/23/2015 05:50,EST,Dual Fuel,2846.0
12/23/2015 05:50,EST,Hydro,2122.0
12/23/2015 05:50,EST,Natural Gas,1540.0
12/23/2015 05:50,EST,Nuclear,5416.0
12/23/2015 05:50,EST,Other Fossil Fuels,36.0
12/23/2015 05:50,EST,Other Renewables,323.0
12/23/2015 05:50,EST,Wind,500.0
12/23/2015 05:55,EST,Dual Fuel,2878.0
12/23/2015 05:55,EST,Hydro,2161.0
12/23/2015 05:55,EST,Natural Gas,1562.0
12/23/2015 05:55,EST,Nuclear,5416.0
12/23/2015 05:55,EST,Other Fossil Fuels,36.0
12/23/2015 05:55,EST,Other Renewables,315.0
12/23/2015 05:55,EST,Wind,517.0
12/23/2015 06:00,EST,Dual Fuel,2914.0
12/23/2015 06:00,EST,Hydro,2203.0
12/23/2015 06:00,EST,Natural Gas,1572.0
12/23/2015 06:00,EST,Nuclear,5416.0
12/23/2015 06:00,EST,Other Fossil Fuels,36.0
12/23/2015 06:00,EST,Other Renewables,315.0
12/23/2015 06:00,EST,Wind,537.0
12/23/2015 06:05,EST,Dual Fuel,3000.0
12/23/2015 06:05,EST,Hydro,2145.0
12/23/2015 06:05,EST,Natural Gas,1572.0
12/23/2015 06:05,EST,Nuclear,5416.0
12/23/2015 06:05,EST,Other Fossil Fuels,38.0
12/23/2015 06:05,EST,Other Renewables,315.0
12/23/2015 06:05,EST,Wind,562.0
12/23/2015 06:10,EST,Dual Fuel,3080.0
12/23/2015 06:10,EST,Hydro,2132.0
12/23/2015 06:10,EST,Natural Gas,1576.0
12/23/2015 06:10,EST,Nuclear,5414.0
12/23/2015 06:10,EST,Other Fossil Fuels,39.0
12/23/2015 06:10,EST,Other Renewables,312.0
12/23/2015 06:10,EST,Wind,587.0
12/23/2015 06:15,EST,Dual Fuel,3127.0
12/23/2015 06:15,EST,Hydro,2217.0
12/23/2015 06:15,EST,Natural Gas,1602.0
12/23/2015 06:15,EST,Nuclear,5417.0
12/23/2015 06:15,EST,Other Fossil Fuels,41.0
12/23/2015 06:15,EST,Other Renewables,316.0
12/23/2015 06:15,EST,Wind,607.0
12/23/2015 06:20,EST,Dual Fuel,3177.0
12/23/2015 06:20,EST,Hydro,2345.0
12/23/2015 06:20,EST,Natural Gas,1603.0
12/23/2015 06:20,EST,Nuclear,5413.0
12/23/2015 06:20,EST,Other Fossil Fuels,43.0
12/23/2015 06:20,EST,Other Renewables,315.0
12/23/2015 06:20,EST,Wind,627.0
12/23/2015 06:25,EST,Dual Fuel,3192.0
12/23/2015 06:25,EST,Hydro,2403.0
12/23/2015 06:25,EST,Natural Gas,1615.0
12/23/2015 06:25,EST,Nuclear,5413.0
12/23/2015 06:25,EST,Other Fossil Fuels,45.0
12/23/2015 06:25,EST,Other Renewables,313.0
12/23/2015 06:25,EST,Wind,636.0
12/23/2015 06:30,EST,Dual Fuel,3294.0
12/23/2015 06:30,EST,Hydro,2489.0
12/23/2015 06:30,EST,Natural Gas,1606.0
12/23/2015 06:30,EST,Nuclear,5415.0
12/23/2015 06:30,EST,Other Fossil Fuels,47.0
12/23/2015 06:30,EST,Other Renewables,313.0
12/23/2015 06:30,EST,Wind,636.0
12/23/2015 06:35,EST,Dual Fuel,3379.0
12/23/2015 06:35,EST,Hydro,2516.0
12/23/2015 06:35,EST,Natural Gas,1611.0
12/23/2015 06:35,EST,Nuclear,5415.0
12/23/2015 06:35,EST,Other Fossil Fuels,50.0
12/23/2015 06:35,EST,Other Renewables,315.0
12/23/2015 06:35,EST,Wind,631.0
12/23/2015 06:40,EST,Dual Fuel,3424.0
12/23/2015 06:40,EST,Hydro,2612.0
12/23/2015 06:40,EST,Natural Gas,1614.0
12/23/2015 06:40,EST,Nuclear,5413.0
12/23/2015 06:40,EST,Other Fossil Fuels,52.0
12/23/2015 06:40,EST,Other Renewables,314.0
12/23/2015 06:40,EST,Wind,627.0
12/23/2015 06:45,EST,Dual Fuel,3462.0
12/23/2015 06:45,EST,Hydro,2671.0
12/23/2015 06:45,EST,Natural Gas,1618.0
12/23/2015 06:45,EST,Nuclear,5414.0
12/23/2015 06:45,EST,Other Fossil Fuels,54.0
12/23/2015 06:45,EST,Other Renewables,311.0
12/23/2015 06:45,EST,Wind,621.0
12/23/2015 06:50,EST,Dual Fuel,3517.0
12/23/2015 06:50,EST,Hydro,2783.0
12/23/2015 06:50,EST,Natural Gas,1628.0
12/23/2015 06:50,EST,Nuclear,5416.0
12/23/2015 06:50,EST,Other Fossil Fuels,55.0
12/23/2015 06:50,EST,Other Renewables,312.0
12/23/2015 06:50,EST,Wind,621.0
12/23/2015 06:55,EST,Dual Fuel,3587.0
12/23/2015 06:55,EST,Hydro,2771.0
12/23/2015 06:55,EST,Natural Gas,1640.0
12/23/2015 06:55,EST,Nuclear,5414.0
12/23/2015 06:55,EST,Other Fossil Fuels,56.0
12/23/2015 06:55,EST,Other Renewables,316.0
12/23/2015 06:55,EST,Wind,621.0
12/23/2015 07:00,EST,Dual Fuel,3598.0
12/23/2015 07:00,EST,Hydro,2869.0
12/23/2015 07:00,EST,Natural Gas,1649.0
12/23/2015 07:00,EST,Nuclear,5415.0
12/23/2015 07:00,EST,Other Fossil Fuels,55.0
12/23/2015 07:00,EST,Other Renewables,314.0
12/23/2015 07:00,EST,Wind,622.0
12/23/2015 07:05,EST,Dual Fuel,3568.0
12/23/2015 07:05,EST,Hydro,3039.0
12/23/2015 07:05,EST,Natural Gas,1681.0
12/23/2015 07:05,EST,Nuclear,5413.0
12/23/2015 07:05,EST,Other Fossil Fuels,56.0
12/23/2015 07:05,EST,Other Renewables,314.0
12/23/2015 07:05,EST,Wind,636.0
12/23/2015 07:10,EST,Dual Fuel,3612.0
12/23/2015 07:10,EST,Hydro,3174.0
12/23/2015 07:10,EST,Natural Gas,1708.0
12/23/2015 07:10,EST,Nuclear,5412.0
12/23/2015 07:10,EST,Other Fossil Fuels,56.0
12/23/2015 07:10,EST,Other Renewables,318.0
12/23/2015 07:10,EST,Wind,643.0
12/23/2015 07:15,EST,Dual Fuel,3632.0
12/23/2015 07:15,EST,Hydro,3304.0
12/23/2015 07:15,EST,Natural Gas,1720.0
12/23/2015 07:15,EST,Nuclear,5414.0
12/23/2015 07:15,EST,Other Fossil Fuels,56.0
12/23/2015 07:15,EST,Other Renewables,316.0
12/23/2015 07:15,EST,Wind,633.0
12/23/2015 07:20,EST,Dual Fuel,3671.0
12/23/2015 07:20,EST,Hydro,3460.0
12/23/2015 07:20,EST,Natural Gas,1693.0
12/23/2015 07:20,EST,Nuclear,5412.0
12/23/2015 07:20,EST,Other Fossil Fuels,56.0
12/23/2015 07:20,EST,Other Renewables,320.0
12/23/2015 07:20,EST,Wind,617.0
12/23/2015 07:25,EST,Dual Fuel,3695.0
12/23/2015 07:25,EST,Hydro,3437.0
12/23/2015 07:25,EST,Natural Gas,1693.0
12/23/2015 07:25,EST,Nuclear,5413.0
12/23/2015 07:25,EST,Other Fossil Fuels,56.0
12/23/2015 07:25,EST,Other Renewables,317.0
12/23/2015 07:25,EST,Wind,613.0
12/23/2015 07:30,EST,Dual Fuel,3729.0
12/23/2015 07:30,EST,Hydro,3412.0
12/23/2015 07:30,EST,Natural Gas,1703.0
12/23/2015 07:30,EST,Nuclear,5413.0
12/23/2015 07:30,EST,Other Fossil Fuels,56.0
12/23/2015 07:30,EST,Other Renewables,318.0
12/23/2015 07:30,EST,Wind,628.0
12/23/2015 07:35,EST,Dual Fuel,3699.0
12/23/2015 07:35,EST,Hydro,3438.0
12/23/2015 07:35,EST,Natural Gas,1742.0
12/23/2015 07:35,EST,Nuclear,5414.0
12/23/2015 07:35,EST,Other Fossil Fuels,56.0
12/23/2015 07:35,EST,Other Renewables,317.0
12/23/2015 07:35,EST,Wind,645.0
12/23/2015 07:40,EST,Dual Fuel,3675.0
12/23/2015 07:40,EST,Hydro,3502.0
12/23/2015 07:40,EST,Natural Gas,1767.0
12/23/2015 07:40,EST,Nuclear,5415.0
12/23/2015 07:40,EST,Other Fossil Fuels,56.0
12/23/2015 07:40,EST,Other Renewables,318.0
12/23/2015 07:40,EST,Wind,660.0
12/23/2015 07:45,EST,Dual Fuel,3801.0
12/23/2015 07:45,EST,Hydro,3488.0
12/23/2015 07:45,EST,Natural Gas,1757.0
12/23/2015 07:45,EST,Nuclear,5413.0
12/23/2015 07:45,EST,Other Fossil Fuels,56.0
12/23/2015 07:45,EST,Other Renewables,319.0
12/23/2015 07:45,EST,Wind,666.0
12/23/2015 07:50,EST,Dual Fuel,3822.0
12/23/2015 07:50,EST,Hydro,3478.0
12/23/2015 07:50,EST,Natural Gas,1796.0
12/23/2015 07:50,EST,Nuclear,5414.0
12/23/2015 07:50,EST,Other Fossil Fuels,56.0
12/23/2015 07:50,EST,Other Renewables,319.0
12/23/2015 07:50,EST,Wind,658.0
12/23/2015 07:55,EST,Dual Fuel,3765.0
12/23/2015 07:55,EST,Hydro,3524.0
12/23/2015 07:55,EST,Natural Gas,1834.0
12/23/2015 07:55,EST,Nuclear,5414.0
12/23/2015 07:55,EST,Other Fossil Fuels,56.0
12/23/2015 07:55,EST,Other Renewables,323.0
12/23/2015 07:55,EST,Wind,646.0
12/23/2015 08:00,EST,Dual Fuel,3735.0
12/23/2015 08:00,EST,Hydro,3601.0
12/23/2015 08:00,EST,Natural Gas,1864.0
12/23/2015 08:00,EST,Nuclear,5414.0
12/23/2015 08:00,EST,Other Fossil Fuels,56.0
12/23/2015 08:00,EST,Other Renewables,322.0
12/23/2015 08:00,EST,Wind,643.0
12/23/2015 08:05,EST,Dual Fuel,3635.0
12/23/2015 08:05,EST,Hydro,3648.0
12/23/2015 08:05,EST,Natural Gas,1901.0
12/23/2015 08:05,EST,Nuclear,5414.0
12/23/2015 08:05,EST,Other Fossil Fuels,56.0
12/23/2015 08:05,EST,Other Renewables,319.0
12/23/2015 08:05,EST,Wind,645.0
12/23/2015 08:10,EST,Dual Fuel,3644.0
12/23/2015 08:10,EST,Hydro,3654.0
12/23/2015 08:10,EST,Natural Gas,1914.0
12/23/2015 08:10,EST,Nuclear,5415.0
12/23/2015 08:10,EST,Other Fossil Fuels,56.0
12/23/2015 08:10,EST,Other Renewables,320.0
12/23/2015 08:10,EST,Wind,655.0
12/23/2015 08:15,EST,Dual Fuel,3711.0
12/23/2015 08:15,EST,Hydro,3669.0
12/23/2015 08:15,EST,Natural Gas,1930.0
12/23/2015 08:15,EST,Nuclear,5413.0
12/23/2015 08:15,EST,Other Fossil Fuels,56.0
12/23/2015 08:15,EST,Other Renewables,321.0
12/23/2015 08:15,EST,Wind,658.0
12/23/2015 08:20,EST,Dual Fuel,3759.0
12/23/2015 08:20,EST,Hydro,3660.0
12/23/2015 08:20,EST,Natural Gas,1958.0
12/23/2015 08:20,EST,Nuclear,5414.0
12/23/2015 08:20,EST,Other Fossil Fuels,56.0
12/23/2015 08:20,EST,Other Renewables,319.0
12/23/2015 08:20,EST,Wind,656.0
12/23/2015 08:25,EST,Dual Fuel,3837.0
12/23/2015 08:25,EST,Hydro,3633.0
12/23/2015 08:25,EST,Natural Gas,1970.0
12/23/2015 08:25,EST,Nuclear,5412.0
12/23/2015 08:25,EST,Other Fossil Fuels,56.0
12/23/2015 08:25,EST,Other Renewables,316.0
12/23/2015 08:25,EST,Wind,664.0
12/23/2015 08:30,EST,Dual Fuel,3858.0
12/23/2015 08:30,EST,Hydro,3620.0
12/23/2015 08:30,EST,Natural Gas,1983.0
12/23/2015 08:30,EST,Nuclear,5412.0
12/23/2015 08:30,EST,Other Fossil Fuels,56.0
12/23/2015 08:30,EST,Other Renewables,315.0
12/23/2015 08:30,EST,Wind,674.0
12/23/2015 08:35,EST,Dual Fuel,3894.0
12/23/2015 08:35,EST,Hydro,3602.0
12/23/2015 08:35,EST,Natural Gas,1967.0
12/23/2015 08:35,EST,Nuclear,5414.0
12/23/2015 08:35,EST,Other Fossil Fuels,56.0
12/23/2015 08:35,EST,Other Renewables,317.0
12/23/2015 08:35,EST,Wind,690.0
12/23/2015 08:40,EST,Dual Fuel,3932.0
12/23/2015 08:40,EST,Hydro,3603.0
12/23/2015 08:40,EST,Natural Gas,1983.0
12/23/2015 08:40,EST,Nuclear,5415.0
12/23/2015 08:40,EST,Other Fossil Fuels,56.0
12/23/2015 08:40,EST,Other Renewables,318.0
12/23/2015 08:40,EST,Wind,682.0
12/23/2015 08:45,EST,Dual Fuel,3991.0
12/23/2015 08:45,EST,Hydro,3579.0
12/23/2015 08:45,EST,Natural Gas,1987.0
12/23/2015 08:45,EST,Nuclear,5415.0
12/23/2015 08:45,EST,Other Fossil Fuels,56.0
12/23/2015 08:45,EST,Other Renewables,316.0
12/23/2015 08:45,EST,Wind,658.0
12/23/2015 08:50,EST,Dual Fuel,4038.0
12/23/2015 08:50,EST,Hydro,3575.0
12/23/2015 08:50,EST,Natural Gas,2018.0
12/23/2015 08:50,EST,Nuclear,5414.0
12/23/2015 08:50,EST,Other Fossil Fuels,56.0
12/23/2015 08:50,EST,Other Renewables,315.0
12/23/2015 08:50,EST,Wind,645.0
12/23/2015 08:55,EST,Dual Fuel,4076.0
12/23/2015 08:55,EST,Hydro,3581.0
12/23/2015 08:55,EST,Natural Gas,2032.0
12/23/2015 08:55,EST,Nuclear,5414.0
12/23/2015 08:55,EST,Other Fossil Fuels,56.0
12/23/2015 08:55,EST,Other Renewables,315.0
12/23/2015 08:55,EST,Wind,620.0
12/23/2015 09:00,EST,Dual Fuel,4065.0
12/23/2015 09:00,EST,Hydro,3659.0
12/23/2015 09:00,EST,Natural Gas,2058.0
12/23/2015 09:00,EST,Nuclear,5414.0
12/23/2015 09:00,EST,Other Fossil Fuels,57.0
12/23/2015 09:00,EST,Other Renewables,314.0
12/23/2015 09:00,EST,Wind,598.0
12/23/2015 09:05,EST,Dual Fuel,4012.0
12/23/2015 09:05,EST,Hydro,3800.0
12/23/2015 09:05,EST,Natural Gas,2041.0
12/23/2015 09:05,EST,Nuclear,5413.0
12/23/2015 09:05,EST,Other Fossil Fuels,57.0
12/23/2015 09:05,EST,Other Renewables,314.0
12/23/2015 09:05,EST,Wind,589.0
12/23/2015 09:10,EST,Dual Fuel,4036.0
12/23/2015 09:10,EST,Hydro,3829.0
12/23/2015 09:10,EST,Natural Gas,2035.0
12/23/2015 09:10,EST,Nuclear,5411.0
12/23/2015 09:10,EST,Other Fossil Fuels,57.0
12/23/2015 09:10,EST,Other Renewables,316.0
12/23/2015 09:10,EST,Wind,581.0
12/23/2015 09:15,EST,Dual Fuel,4063.0
12/23/2015 09:15,EST,Hydro,3806.0
12/23/2015 09:15,EST,Natural Gas,2040.0
12/23/2015 09:15,EST,Nuclear,5414.0
12/23/2015 09:15,EST,Other Fossil Fuels,57.0
12/23/2015 09:15,EST,Other Renewables,317.0
12/23/2015 09:15,EST,Wind,584.0
12/23/2015 09:20,EST,Dual Fuel,4099.0
12/23/2015 09:20,EST,Hydro,3792.0
12/23/2015 09:20,EST,Natural Gas,2036.0
12/23/2015 09:20,EST,Nuclear,5414.0
12/23/2015 09:20,EST,Other Fossil Fuels,57.0
12/23/2015 09:20,EST,Other Renewables,320.0
12/23/2015 09:20,EST,Wind,605.0
12/23/2015 09:25,EST,Dual Fuel,4158.0
12/23/2015 09:25,EST,Hydro,3711.0
12/23/2015 09:25,EST,Natural Gas,2061.0
12/23/2015 09:25,EST,Nuclear,5411.0
12/23/2015 09:25,EST,Other Fossil Fuels,57.0
12/23/2015 09:25,EST,Other Renewables,326.0
12/23/2015 09:25,EST,Wind,616.0
12/23/2015 09:30,EST,Dual Fuel,4183.0
12/23/2015 09:30,EST,Hydro,3647.0
12/23/2015 09:30,EST,Natural Gas,2038.0
12/23/2015 09:30,EST,Nuclear,5412.0
12/23/2015 09:30,EST,Other Fossil Fuels,55.0
12/23/2015 09:30,EST,Other Renewables,329.0
12/23/2015 09:30,EST,Wind,618.0
12/23/2015 09:35,EST,Dual Fuel,4168.0
12/23/2015 09:35,EST,Hydro,3672.0
12/23/2015 09:35,EST,Natural Gas,2012.0
12/23/2015 09:35,EST,Nuclear,5412.0
12/23/2015 09:35,EST,Other Fossil Fuels,53.0
12/23/2015 09:35,EST,Other Renewables,330.0
12/23/2015 09:35,EST,Wind,604.0
12/23/2015 09:40,EST,Dual Fuel,4157.0
12/23/2015 09:40,EST,Hydro,3676.0
12/23/2015 09:40,EST,Natural Gas,2020.0
12/23/2015 09:40,EST,Nuclear,5412.0
12/23/2015 09:40,EST,Other Fossil Fuels,51.0
12/23/2015 09:40,EST,Other Renewables,328.0
12/23/2015 09:40,EST,Wind,594.0
12/23/2015 09:45,EST,Dual Fuel,4135.0
12/23/2015 09:45,EST,Hydro,3711.0
12/23/2015 09:45,EST,Natural Gas,1991.0
12/23/2015 09:45,EST,Nuclear,5411.0
12/23/2015 09:45,EST,Other Fossil Fuels,49.0
12/23/2015 09:45,EST,Other Renewables,327.0
12/23/2015 09:45,EST,Wind,601.0
12/23/2015 09:50,EST,Dual Fuel,4164.0
12/23/2015 09:50,EST,Hydro,3658.0
12/23/2015 09:50,EST,Natural Gas,2022.0
12/23/2015 09:50,EST,Nuclear,5412.0
12/23/2015 09:50,EST,Other Fossil Fuels,47.0
12/23/2015 09:50,EST,Other Renewables,321.0
12/23/2015 09:50,EST,Wind,600.0
12/23/2015 09:55,EST,Dual Fuel,4203.0
12/23/2015 09:55,EST,Hydro,3582.0
12/23/2015 09:55,EST,Natural Gas,2071.0
12/23/2015 09:55,EST,Nuclear,5409.0
12/23/2015 09:55,EST,Other Fossil Fuels,45.0
12/23/2015 09:55,EST,Other Renewables,326.0
12/23/2015 09:55,EST,Wind,597.0
12/23/2015 10:00,EST,Dual Fuel,4159.0
12/23/2015 10:00,EST,Hydro,3552.0
12/23/2015 10:00,EST,Natural Gas,2103.0
12/23/2015 10:00,EST,Nuclear,5409.0
12/23/2015 10:00,EST,Other Fossil Fuels,44.0
12/23/2015 10:00,EST,Other Renewables,324.0
12/23/2015 10:00,EST,Wind,595.0
12/23/2015 10:05,EST,Dual Fuel,4018.0
12/23/2015 10:05,EST,Hydro,3539.0
12/23/2015 10:05,EST,Natural Gas,2150.0
12/23/2015 10:05,EST,Nuclear,5413.0
12/23/2015 10:05,EST,Other Fossil Fuels,41.0
12/23/2015 10:05,EST,Other Renewables,325.0
12/23/2015 10:05,EST,Wind,596.0
12/23/2015 10:10,EST,Dual Fuel,4080.0
12/23/2015 10:10,EST,Hydro,3441.0
12/23/2015 10:10,EST,Natural Gas,2155.0
12/23/2015 10:10,EST,Nuclear,5410.0
12/23/2015 10:10,EST,Other Fossil Fuels,40.0
12/23/2015 10:10,EST,Other Renewables,326.0
12/23/2015 10:10,EST,Wind,597.0
12/23/2015 10:15,EST,Dual Fuel,4079.0
12/23/2015 10:15,EST,Hydro,3363.0
12/23/2015 10:15,EST,Natural Gas,2176.0
12/23/2015 10:15,EST,Nuclear,5413.0
12/23/2015 10:15,EST,Other Fossil Fuels,37.0
12/23/2015 10:15,EST,Other Renewables,321.0
12/23/2015 10:15,EST,Wind,608.0
12/23/2015 10:20,EST,Dual Fuel,4031.0
12/23/2015 10:20,EST,Hydro,3441.0
12/23/2015 10:20,EST,Natural Gas,2167.0
12/23/2015 10:20,EST,Nuclear,5413.0
12/23/2015 10:20,EST,Other Fossil Fuels,37.0
12/23/2015 10:20,EST,Other Renewables,322.0
12/23/2015 10:20,EST,Wind,618.0
12/23/2015 10:25,EST,Dual Fuel,3990.0
12/23/2015 10:25,EST,Hydro,3484.0
12/23/2015 10:25,EST,Natural Gas,2159.0
12/23/2015 10:25,EST,Nuclear,5410.0
12/23/2015 10:25,EST,Other Fossil Fuels,37.0
12/23/2015 10:25,EST,Other Renewables,327.0
12/23/2015 10:25,EST,Wind,619.0
12/23/2015 10:30,EST,Dual Fuel,3969.0
12/23/2015 10:30,EST,Hydro,3426.0
12/23/2015 10:30,EST,Natural Gas,2162.0
12/23/2015 10:30,EST,Nuclear,5407.0
12/23/2015 10:30,EST,Other Fossil Fuels,37.0
12/23/2015 10:30,EST,Other Renewables,327.0
12/23/2015 10:30,EST,Wind,591.0
12/23/2015 10:35,EST,Dual Fuel,3979.0
12/23/2015 10:35,EST,Hydro,3497.0
12/23/2015 10:35,EST,Natural Gas,2159.0
12/23/2015 10:35,EST,Nuclear,5412.0
12/23/2015 10:35,EST,Other Fossil Fuels,37.0
12/23/2015 10:35,EST,Other Renewables,331.0
12/23/2015 10:35,EST,Wind,571.0
12/23/2015 10:40,EST,Dual Fuel,4047.0
12/23/2015 10:40,EST,Hydro,3427.0
12/23/2015 10:40,EST,Natural Gas,2168.0
12/23/2015 10:40,EST,Nuclear,5411.0
12/23/2015 10:40,EST,Other Fossil Fuels,37.0
12/23/2015 10:40,EST,Other Renewables,329.0
12/23/2015 10:40,EST,Wind,567.0
12/23/2015 10:45,EST,Dual Fuel,4046.0
12/23/2015 10:45,EST,Hydro,3413.0
12/23/2015 10:45,EST,Natural Gas,2112.0
12/23/2015 10:45,EST,Nuclear,5411.0
12/23/2015 10:45,EST,Other Fossil Fuels,37.0
12/23/2015 10:45,EST,Other Renewables,328.0
12/23/2015 10:45,EST,Wind,566.0
12/23/2015 10:50,EST,Dual Fuel,4079.0
12/23/2015 10:50,EST,Hydro,3464.0
12/23/2015 10:50,EST,Natural Gas,2084.0
12/23/2015 10:50,EST,Nuclear,5411.0
12/23/2015 10:50,EST,Other Fossil Fuels,37.0
12/23/2015 10:50,EST,Other Renewables,325.0
12/23/2015 10:50,EST,Wind,568.0
12/23/2015 10:55,EST,Dual Fuel,4106.0
12/23/2015 10:55,EST,Hydro,3470.0
12/23/2015 10:55,EST,Natural Gas,2100.0
12/23/2015 10:55,EST,Nuclear,5410.0
12/23/2015 10:55,EST,Other Fossil Fuels,38.0
12/23/2015 10:55,EST,Other Renewables,326.0
12/23/2015 10:55,EST,Wind,570.0
12/23/2015 11:00,EST,Dual Fuel,4062.0
12/23/2015 11:00,EST,Hydro,3488.0
12/23/2015 11:00,EST,Natural Gas,2103.0
12/23/2015 11:00,EST,Nuclear,5410.0
12/23/2015 11:00,EST,Other Fossil Fuels,37.0
12/23/2015 11:00,EST,Other Renewables,327.0
12/23/2015 11:00,EST,Wind,566.0
12/23/2015 11:05,EST,Dual Fuel,3940.0
12/23/2015 11:05,EST,Hydro,3387.0
12/23/2015 11:05,EST,Natural Gas,2098.0
12/23/2015 11:05,EST,Nuclear,5411.0
12/23/2015 11:05,EST,Other Fossil Fuels,37.0
12/23/2015 11:05,EST,Other Renewables,325.0
12/23/2015 11:05,EST,Wind,571.0
12/23/2015 11:10,EST,Dual Fuel,3860.0
12/23/2015 11:10,EST,Hydro,3362.0
12/23/2015 11:10,EST,Natural Gas,2075.0
12/23/2015 11:10,EST,Nuclear,5408.0
12/23/2015 11:10,EST,Other Fossil Fuels,37.0
12/23/2015 11:10,EST,Other Renewables,326.0
12/23/2015 11:10,EST,Wind,582.0
12/23/2015 11:15,EST,Dual Fuel,3833.0
12/23/2015 11:15,EST,Hydro,3353.0
12/23/2015 11:15,EST,Natural Gas,2070.0
12/23/2015 11:15,EST,Nuclear,5408.0
12/23/2015 11:15,EST,Other Fossil Fuels,37.0
12/23/2015 11:15,EST,Other Renewables,324.0
12/23/2015 11:15,EST,Wind,594.0
12/23/2015 11:20,EST,Dual Fuel,3861.0
12/23/2015 11:20,EST,Hydro,3348.0
12/23/2015 11:20,EST,Natural Gas,2077.0
12/23/2015 11:20,EST,Nuclear,5410.0
12/23/2015 11:20,EST,Other Fossil Fuels,37.0
12/23/2015 11:20,EST,Other Renewables,323.0
12/23/2015 11:20,EST,Wind,596.0
12/23/2015 11:25,EST,Dual Fuel,3852.0
12/23/2015 11:25,EST,Hydro,3324.0
12/23/2015 11:25,EST,Natural Gas,2086.0
12/23/2015 11:25,EST,Nuclear,5407.0
12/23/2015 11:25,EST,Other Fossil Fuels,36.0
12/23/2015 11:25,EST,Other Renewables,321.0
12/23/2015 11:25,EST,Wind,598.0
12/23/2015 11:30,EST,Dual Fuel,3814.0
12/23/2015 11:30,EST,Hydro,3301.0
12/23/2015 11:30,EST,Natural Gas,2101.0
12/23/2015 11:30,EST,Nuclear,5407.0
12/23/2015 11:30,EST,Other Fossil Fuels,37.0
12/23/2015 11:30,EST,Other Renewables,317.0
12/23/2015 11:30,EST,Wind,599.0
12/23/2015 11:35,EST,Dual Fuel,3844.0
12/23/2015 11:35,EST,Hydro,3297.0
12/23/2015 11:35,EST,Natural Gas,2127.0
12/23/2015 11:35,EST,Nuclear,5408.0
12/23/2015 11:35,EST,Other Fossil Fuels,36.0
12/23/2015 11:35,EST,Other Renewables,321.0
12/23/2015 11:35,EST,Wind,622.0
12/23/2015 11:40,EST,Dual Fuel,3823.0
12/23/2015 11:40,EST,Hydro,3266.0
12/23/2015 11:40,EST,Natural Gas,2134.0
12/23/2015 11:40,EST,Nuclear,5409.0
12/23/2015 11:40,EST,Other Fossil Fuels,36.0
12/23/2015 11:40,EST,Other Renewables,327.0
12/23/2015 11:40,EST,Wind,640.0
12/23/2015 11:45,EST,Dual Fuel,3744.0
12/23/2015 11:45,EST,Hydro,3313.0
12/23/2015 11:45,EST,Natural Gas,2129.0
12/23/2015 11:45,EST,Nuclear,5409.0
12/23/2015 11:45,EST,Other Fossil Fuels,36.0
12/23/2015 11:45,EST,Other Renewables,329.0
12/23/2015 11:45,EST,Wind,661.0
12/23/2015 11:50,EST,Dual Fuel,3716.0
12/23/2015 11:50,EST,Hydro,3298.0
12/23/2015 11:50,EST,Natural Gas,2136.0
12/23/2015 11:50,EST,Nuclear,5408.0
12/23/2015 11:50,EST,Other Fossil Fuels,36.0
12/23/2015 11:50,EST,Other Renewables,326.0
12/23/2015 11:50,EST,Wind,700.0
12/23/2015 11:55,EST,Dual Fuel,3705.0
12/23/2015 11:55,EST,Hydro,3280.0
12/23/2015 11:55,EST,Natural Gas,2133.0
12/23/2015 11:55,EST,Nuclear,5410.0
12/23/2015 11:55,EST,Other Fossil Fuels,37.0
12/23/2015 11:55,EST,Other Renewables,327.0
12/23/2015 11:55,EST,Wind,722.0
12/23/2015 12:00,EST,Dual Fuel,3691.0
12/23/2015 12:00,EST,Hydro,3320.0
12/23/2015 12:00,EST,Natural Gas,2123.0
12/23/2015 12:00,EST,Nuclear,5408.0
12/23/2015 12:00,EST,Other Fossil Fuels,36.0
12/23/2015 12:00,EST,Other Renewables,336.0
12/23/2015 12:00,EST,Wind,734.0
12/23/2015 12:05,EST,Dual Fuel,3686.0
12/23/2015 12:05,EST,Hydro,3351.0
12/23/2015 12:05,EST,Natural Gas,2128.0
12/23/2015 12:05,EST,Nuclear,5407.0
12/23/2015 12:05,EST,Other Fossil Fuels,36.0
12/23/2015 12:05,EST,Other Renewables,337.0
12/23/2015 12:05,EST,Wind,735.0
12/23/2015 12:10,EST,Dual Fuel,3690.0
12/23/2015 12:10,EST,Hydro,3383.0
12/23/2015 12:10,EST,Natural Gas,2111.0
12/23/2015 12:10,EST,Nuclear,5407.0
12/23/2015 12:10,EST,Other Fossil Fuels,36.0
12/23/2015 12:10,EST,Other Renewables,338.0
12/23/2015 12:10,EST,Wind,741.0
12/23/2015 12:15,EST,Dual Fuel,3681.0
12/23/2015 12:15,EST,Hydro,3374.0
12/23/2015 12:15,EST,Natural Gas,2091.0
12/23/2015 12:15,EST,Nuclear,5407.0
12/23/2015 12:15,EST,Other Fossil Fuels,36.0
12/23/2015 12:15,EST,Other Renewables,338.0
12/23/2015 12:15,EST,Wind,751.0
12/23/2015 12:20,EST,Dual Fuel,3681.0
12/23/2015 12:20,EST,Hydro,3398.0
12/23/2015 12:20,EST,Natural Gas,2128.0
12/23/2015 12:20,EST,Nuclear,5409.0
12/23/2015 12:20,EST,Other Fossil Fuels,36.0
12/23/2015 12:20,EST,Other Renewables,335.0
12/23/2015 12:20,EST,Wind,767.0
12/23/2015 12:25,EST,Dual Fuel,3677.0
12/23/2015 12:25,EST,Hydro,3437.0
12/23/2015 12:25,EST,Natural Gas,2130.0
12/23/2015 12:25,EST,Nuclear,5407.0
12/23/2015 12:25,EST,Other Fossil Fuels,36.0
12/23/2015 12:25,EST,Other Renewables,334.0
12/23/2015 12:25,EST,Wind,765.0
12/23/2015 12:30,EST,Dual Fuel,3676.0
12/23/2015 12:30,EST,Hydro,3449.0
12/23/2015 12:30,EST,Natural Gas,2111.0
12/23/2015 12:30,EST,Nuclear,5405.0
12/23/2015 12:30,EST,Other Fossil Fuels,37.0
12/23/2015 12:30,EST,Other Renewables,333.0
12/23/2015 12:30,EST,Wind,775.0
12/23/2015 12:35,EST,Dual Fuel,3683.0
12/23/2015 12:35,EST,Hydro,3523.0
12/23/2015 12:35,EST,Natural Gas,2044.0
12/23/2015 12:35,EST,Nuclear,5408.0
12/23/2015 12:35,EST,Other Fossil Fuels,37.0
12/23/2015 12:35,EST,Other Renewables,329.0
12/23/2015 12:35,EST,Wind,759.0
12/23/2015 12:40,EST,Dual Fuel,3694.0
12/23/2015 12:40,EST,Hydro,3591.0
12/23/2015 12:40,EST,Natural Gas,2049.0
12/23/2015 12:40,EST,Nuclear,5408.0
12/23/2015 12:40,EST,Other Fossil Fuels,37.0
12/23/2015 12:40,EST,Other Renewables,330.0
12/23/2015 12:40,EST,Wind,752.0
12/23/2015 12:45,EST,Dual Fuel,3691.0
12/23/2015 12:45,EST,Hydro,3547.0
12/23/2015 12:45,EST,Natural Gas,2073.0
12/23/2015 12:45,EST,Nuclear,5406.0
12/23/2015 12:45,EST,Other Fossil Fuels,37.0
12/23/2015 12:45,EST,Other Renewables,335.0
12/23/2015 12:45,EST,Wind,753.0
12/23/2015 12:50,EST,Dual Fuel,3731.0
12/23/2015 12:50,EST,Hydro,3462.0
12/23/2015 12:50,EST,Natural Gas,2037.0
12/23/2015 12:50,EST,Nuclear,5408.0
12/23/2015 12:50,EST,Other Fossil Fuels,37.0
12/23/2015 12:50,EST,Other Renewables,336.0
12/23/2015 12:50,EST,Wind,758.0
12/23/2015 12:55,EST,Dual Fuel,3741.0
12/23/2015 12:55,EST,Hydro,3460.0
12/23/2015 12:55,EST,Natural Gas,2000.0
12/23/2015 12:55,EST,Nuclear,5405.0
12/23/2015 12:55,EST,Other Fossil Fuels,37.0
12/23/2015 12:55,EST,Other Renewables,328.0
12/23/2015 12:55,EST,Wind,771.0
12/23/2015 13:00,EST,Dual Fuel,3764.0
12/23/2015 13:00,EST,Hydro,3440.0
12/23/2015 13:00,EST,Natural Gas,2003.0
12/23/2015 13:00,EST,Nuclear,5408.0
12/23/2015 13:00,EST,Other Fossil Fuels,37.0
12/23/2015 13:00,EST,Other Renewables,324.0
12/23/2015 13:00,EST,Wind,768.0
12/23/2015 13:05,EST,Dual Fuel,3762.0
12/23/2015 13:05,EST,Hydro,3514.0
12/23/2015 13:05,EST,Natural Gas,2037.0
12/23/2015 13:05,EST,Nuclear,5407.0
12/23/2015 13:05,EST,Other Fossil Fuels,36.0
12/23/2015 13:05,EST,Other Renewables,328.0
12/23/2015 13:05,EST,Wind,759.0
12/23/2015 13:10,EST,Dual Fuel,3787.0
12/23/2015 13:10,EST,Hydro,3631.0
12/23/2015 13:10,EST,Natural Gas,2062.0
12/23/2015 13:10,EST,Nuclear,5406.0
12/23/2015 13:10,EST,Other Fossil Fuels,37.0
12/23/2015 13:10,EST,Other Renewables,327.0
12/23/2015 13:10,EST,Wind,750.0
12/23/2015 13:15,EST,Dual Fuel,3759.0
12/23/2015 13:15,EST,Hydro,3676.0
12/23/2015 13:15,EST,Natural Gas,2099.0
12/23/2015 13:15,EST,Nuclear,5405.0
12/23/2015 13:15,EST,Other Fossil Fuels,36.0
12/23/2015 13:15,EST,Other Renewables,317.0
12/23/2015 13:15,EST,Wind,745.0
12/23/2015 13:20,EST,Dual Fuel,3755.0
12/23/2015 13:20,EST,Hydro,3671.0
12/23/2015 13:20,EST,Natural Gas,2116.0
12/23/2015 13:20,EST,Nuclear,5406.0
12/23/2015 13:20,EST,Other Fossil Fuels,37.0
12/23/2015 13:20,EST,Other Renewables,324.0
12/23/2015 13:20,EST,Wind,743.0
12/23/2015 13:25,EST,Dual Fuel,3761.0
12/23/2015 13:25,EST,Hydro,3662.0
12/23/2015 13:25,EST,Natural Gas,2102.0
12/23/2015 13:25,EST,Nuclear,5406.0
12/23/2015 13:25,EST,Other Fossil Fuels,37.0
12/23/2015 13:25,EST,Other Renewables,325.0
12/23/2015 13:25,EST,Wind,748.0
12/23/2015 13:30,EST,Dual Fuel,3742.0
12/23/2015 13:30,EST,Hydro,3635.0
12/23/2015 13:30,EST,Natural Gas,2108.0
12/23/2015 13:30,EST,Nuclear,5404.0
12/23/2015 13:30,EST,Other Fossil Fuels,37.0
12/23/2015 13:30,EST,Other Renewables,329.0
12/23/2015 13:30,EST,Wind,758.0
12/23/2015 13:35,EST,Dual Fuel,3727.0
12/23/2015 13:35,EST,Hydro,3626.0
12/23/2015 13:35,EST,Natural Gas,2112.0
12/23/2015 13:35,EST,Nuclear,5406.0
12/23/2015 13:35,EST,Other Fossil Fuels,37.0
12/23/2015 13:35,EST,Other Renewables,329.0
12/23/2015 13:35,EST,Wind,768.0
12/23/2015 13:40,EST,Dual Fuel,3715.0
12/23/2015 13:40,EST,Hydro,3638.0
12/23/2015 13:40,EST,Natural Gas,2109.0
12/23/2015 13:40,EST,Nuclear,5406.0
12/23/2015 13:40,EST,Other Fossil Fuels,37.0
12/23/2015 13:40,EST,Other Renewables,325.0
12/23/2015 13:40,EST,Wind,796.0
12/23/2015 13:45,EST,Dual Fuel,3717.0
12/23/2015 13:45,EST,Hydro,3648.0
12/23/2015 13:45,EST,Natural Gas,2126.0
12/23/2015 13:45,EST,Nuclear,5406.0
12/23/2015 13:45,EST,Other Fossil Fuels,36.0
12/23/2015 13:45,EST,Other Renewables,325.0
12/23/2015 13:45,EST,Wind,815.0
12/23/2015 13:50,EST,Dual Fuel,3709.0
12/23/2015 13:50,EST,Hydro,3628.0
12/23/2015 13:50,EST,Natural Gas,2144.0
12/23/2015 13:50,EST,Nuclear,5408.0
12/23/2015 13:50,EST,Other Fossil Fuels,37.0
12/23/2015 13:50,EST,Other Renewables,321.0
12/23/2015 13:50,EST,Wind,841.0
12/23/2015 13:55,EST,Dual Fuel,3733.0
12/23/2015 13:55,EST,Hydro,3597.0
12/23/2015 13:55,EST,Natural Gas,2124.0
12/23/2015 13:55,EST,Nuclear,5406.0
12/23/2015 13:55,EST,Other Fossil Fuels,37.0
12/23/2015 13:55,EST,Other Renewables,324.0
12/23/2015 13:55,EST,Wind,842.0
12/23/2015 14:00,EST,Dual Fuel,3744.0
12/23/2015 14:00,EST,Hydro,3569.0
12/23/2015 14:00,EST,Natural Gas,2139.0
12/23/2015 14:00,EST,Nuclear,5404.0
12/23/2015 14:00,EST,Other Fossil Fuels,37.0
12/23/2015 14:00,EST,Other Renewables,325.0
12/23/2015 14:00,EST,Wind,843.0
12/23/2015 14:05,EST,Dual Fuel,3768.0
12/23/2015 14:05,EST,Hydro,3535.0
12/23/2015 14:05,EST,Natural Gas,2165.0
12/23/2015 14:05,EST,Nuclear,5404.0
12/23/2015 14:05,EST,Other Fossil Fuels,37.0
12/23/2015 14:05,EST,Other Renewables,325.0
12/23/2015 14:05,EST,Wind,833.0
12/23/2015 14:10,EST,Dual Fuel,3781.0
12/23/2015 14:10,EST,Hydro,3562.0
12/23/2015 14:10,EST,Natural Gas,2171.0
12/23/2015 14:10,EST,Nuclear,5407.0
12/23/2015 14:10,EST,Other Fossil Fuels,39.0
12/23/2015 14:10,EST,Other Renewables,323.0
12/23/2015 14:10,EST,Wind,839.0
12/23/2015 14:15,EST,Dual Fuel,3779.0
12/23/2015 14:15,EST,Hydro,3563.0
12/23/2015 14:15,EST,Natural Gas,2172.0
12/23/2015 14:15,EST,Nuclear,5405.0
12/23/2015 14:15,EST,Other Fossil Fuels,41.0
12/23/2015 14:15,EST,Other Renewables,325.0
12/23/2015 14:15,EST,Wind,859.0
12/23/2015 14:20,EST,Dual Fuel,3794.0
12/23/2015 14:20,EST,Hydro,3556.0
12/23/2015 14:20,EST,Natural Gas,2173.0
12/23/2015 14:20,EST,Nuclear,5408.0
12/23/2015 14:20,EST,Other Fossil Fuels,43.0
12/23/2015 14:20,EST,Other Renewables,323.0
12/23/2015 14:20,EST,Wind,853.0
12/23/2015 14:25,EST,Dual Fuel,3791.0
12/23/2015 14:25,EST,Hydro,3559.0
12/23/2015 14:25,EST,Natural Gas,2198.0
12/23/2015 14:25,EST,Nuclear,5408.0
12/23/2015 14:25,EST,Other Fossil Fuels,46.0
12/23/2015 14:25,EST,Other Renewables,326.0
12/23/2015 14:25,EST,Wind,835.0
12/23/2015 14:30,EST,Dual Fuel,3790.0
12/23/2015 14:30,EST,Hydro,3557.0
12/23/2015 14:30,EST,Natural Gas,2195.0
12/23/2015 14:30,EST,Nuclear,5407.0
12/23/2015 14:30,EST,Other Fossil Fuels,48.0
12/23/2015 14:30,EST,Other Renewables,328.0
12/23/2015 14:30,EST,Wind,825.0
12/23/2015 14:35,EST,Dual Fuel,3782.0
12/23/2015 14:35,EST,Hydro,3594.0
12/23/2015 14:35,EST,Natural Gas,2196.0
12/23/2015 14:35,EST,Nuclear,5408.0
12/23/2015 14:35,EST,Other Fossil Fuels,50.0
12/23/2015 14:35,EST,Other Renewables,328.0
12/23/2015 14:35,EST,Wind,819.0
12/23/2015 14:40,EST,Dual Fuel,3760.0
12/23/2015 14:40,EST,Hydro,3602.0
12/23/2015 14:40,EST,Natural Gas,2202.0
12/23/2015 14:40,EST,Nuclear,5408.0
12/23/2015 14:40,EST,Other Fossil Fuels,52.0
12/23/2015 14:40,EST,Other Renewables,327.0
12/23/2015 14:40,EST,Wind,837.0
12/23/2015 14:45,EST,Dual Fuel,3774.0
12/23/2015 14:45,EST,Hydro,3585.0
12/23/2015 14:45,EST,Natural Gas,2195.0
12/23/2015 14:45,EST,Nuclear,5408.0
12/23/2015 14:45,EST,Other Fossil Fuels,54.0
12/23/2015 14:45,EST,Other Renewables,329.0
12/23/2015 14:45,EST,Wind,847.0
12/23/2015 14:50,EST,Dual Fuel,3782.0
12/23/2015 14:50,EST,Hydro,3574.0
12/23/2015 14:50,EST,Natural Gas,2196.0
12/23/2015 14:50,EST,Nuclear,5409.0
12/23/2015 14:50,EST,Other Fossil Fuels,56.0
12/23/2015 14:50,EST,Other Renewables,327.0
12/23/2015 14:50,EST,Wind,852.0
12/23/2015 14:55,EST,Dual Fuel,3769.0
12/23/2015 14:55,EST,Hydro,3573.0
12/23/2015 14:55,EST,Natural Gas,2192.0
12/23/2015 14:55,EST,Nuclear,5406.0
12/23/2015 14:55,EST,Other Fossil Fuels,58.0
12/23/2015 14:55,EST,Other Renewables,326.0
12/23/2015 14:55,EST,Wind,870.0
12/23/2015 15:00,EST,Dual Fuel,3752.0
12/23/2015 15:00,EST,Hydro,3612.0
12/23/2015 15:00,EST,Natural Gas,2194.0
12/23/2015 15:00,EST,Nuclear,5408.0
12/23/2015 15:00,EST,Other Fossil Fuels,60.0
12/23/2015 15:00,EST,Other Renewables,321.0
12/23/2015 15:00,EST,Wind,885.0
12/23/2015 15:05,EST,Dual Fuel,3724.0
12/23/2015 15:05,EST,Hydro,3616.0
12/23/2015 15:05,EST,Natural Gas,2199.0
12/23/2015 15:05,EST,Nuclear,5407.0
12/23/2015 15:05,EST,Other Fossil Fuels,62.0
12/23/2015 15:05,EST,Other Renewables,323.0
12/23/2015 15:05,EST,Wind,912.0
12/23/2015 15:10,EST,Dual Fuel,3728.0
12/23/2015 15:10,EST,Hydro,3562.0
12/23/2015 15:10,EST,Natural Gas,2200.0
12/23/2015 15:10,EST,Nuclear,5407.0
12/23/2015 15:10,EST,Other Fossil Fuels,65.0
12/23/2015 15:10,EST,Other Renewables,325.0
12/23/2015 15:10,EST,Wind,940.0
12/23/2015 15:15,EST,Dual Fuel,3765.0
12/23/2015 15:15,EST,Hydro,3551.0
12/23/2015 15:15,EST,Natural Gas,2189.0
12/23/2015 15:15,EST,Nuclear,5407.0
12/23/2015 15:15,EST,Other Fossil Fuels,67.0
12/23/2015 15:15,EST,Other Renewables,317.0
12/23/2015 15:15,EST,Wind,958.0
12/23/2015 15:20,EST,Dual Fuel,3746.0
12/23/2015 15:20,EST,Hydro,3574.0
12/23/2015 15:20,EST,Natural Gas,2189.0
12/23/2015 15:20,EST,Nuclear,5407.0
12/23/2015 15:20,EST,Other Fossil Fuels,70.0
12/23/2015 15:20,EST,Other Renewables,313.0
12/23/2015 15:20,EST,Wind,990.0
12/23/2015 15:25,EST,Dual Fuel,3737.0
12/23/2015 15:25,EST,Hydro,3586.0
12/23/2015 15:25,EST,Natural Gas,2188.0
12/23/2015 15:25,EST,Nuclear,5408.0
12/23/2015 15:25,EST,Other Fossil Fuels,71.0
12/23/2015 15:25,EST,Other Renewables,314.0
12/23/2015 15:25,EST,Wind,1019.0
12/23/2015 15:30,EST,Dual Fuel,3732.0
12/23/2015 15:30,EST,Hydro,3599.0
12/23/2015 15:30,EST,Natural Gas,2190.0
12/23/2015 15:30,EST,Nuclear,5407.0
12/23/2015 15:30,EST,Other Fossil Fuels,72.0
12/23/2015 15:30,EST,Other Renewables,316.0
12/23/2015 15:30,EST,Wind,1031.0
12/23/2015 15:35,EST,Dual Fuel,3745.0
12/23/2015 15:35,EST,Hydro,3608.0
12/23/2015 15:35,EST,Natural Gas,2196.0
12/23/2015 15:35,EST,Nuclear,5410.0
12/23/2015 15:35,EST,Other Fossil Fuels,73.0
12/23/2015 15:35,EST,Other Renewables,324.0
12/23/2015 15:35,EST,Wind,1059.0
12/23/2015 15:40,EST,Dual Fuel,3733.0
12/23/2015 15:40,EST,Hydro,3582.0
12/23/2015 15:40,EST,Natural Gas,2212.0
12/23/2015 15:40,EST,Nuclear,5407.0
12/23/2015 15:40,EST,Other Fossil Fuels,73.0
12/23/2015 15:40,EST,Other Renewables,319.0
12/23/2015 15:40,EST,Wind,1101.0
12/23/2015 15:45,EST,Dual Fuel,3727.0
12/23/2015 15:45,EST,Hydro,3601.0
12/23/2015 15:45,EST,Natural Gas,2258.0
12/23/2015 15:45,EST,Nuclear,5408.0
12/23/2015 15:45,EST,Other Fossil Fuels,74.0
12/23/2015 15:45,EST,Other Renewables,313.0
12/23/2015 15:45,EST,Wind,1105.0
12/23/2015 15:50,EST,Dual Fuel,3722.0
12/23/2015 15:50,EST,Hydro,3609.0
12/23/2015 15:50,EST,Natural Gas,2304.0
12/23/2015 15:50,EST,Nuclear,5406.0
12/23/2015 15:50,EST,Other Fossil Fuels,75.0
12/23/2015 15:50,EST,Other Renewables,319.0
12/23/2015 15:50,EST,Wind,1098.0
12/23/2015 15:55,EST,Dual Fuel,3728.0
12/23/2015 15:55,EST,Hydro,3621.0
12/23/2015 15:55,EST,Natural Gas,2340.0
12/23/2015 15:55,EST,Nuclear,5407.0
12/23/2015 15:55,EST,Other Fossil Fuels,74.0
12/23/2015 15:55,EST,Other Renewables,319.0
12/23/2015 15:55,EST,Wind,1099.0
12/23/2015 16:00,EST,Dual Fuel,3781.0
12/23/2015 16:00,EST,Hydro,3615.0
12/23/2015 16:00,EST,Natural Gas,2327.0
12/23/2015 16:00,EST,Nuclear,5407.0
12/23/2015 16:00,EST,Other Fossil Fuels,74.0
12/23/2015 16:00,EST,Other Renewables,322.0
12/23/2015 16:00,EST,Wind,1096.0
12/23/2015 16:05,EST,Dual Fuel,3783.0
12/23/2015 16:05,EST,Hydro,3617.0
12/23/2015 16:05,EST,Natural Gas,2353.0
12/23/2015 16:05,EST,Nuclear,5408.0
12/23/2015 16:05,EST,Other Fossil Fuels,74.0
12/23/2015 16:05,EST,Other Renewables,321.0
12/23/2015 16:05,EST,Wind,1132.0
12/23/2015 16:10,EST,Dual Fuel,3752.0
12/23/2015 16:10,EST,Hydro,3610.0
12/23/2015 16:10,EST,Natural Gas,2389.0
12/23/2015 16:10,EST,Nuclear,5408.0
12/23/2015 16:10,EST,Other Fossil Fuels,73.0
12/23/2015 16:10,EST,Other Renewables,324.0
12/23/2015 16:10,EST,Wind,1180.0
12/23/2015 16:15,EST,Dual Fuel,3765.0
12/23/2015 16:15,EST,Hydro,3686.0
12/23/2015 16:15,EST,Natural Gas,2421.0
12/23/2015 16:15,EST,Nuclear,5408.0
12/23/2015 16:15,EST,Other Fossil Fuels,72.0
12/23/2015 16:15,EST,Other Renewables,322.0
12/23/2015 16:15,EST,Wind,1193.0
12/23/2015 16:20,EST,Dual Fuel,3783.0
12/23/2015 16:20,EST,Hydro,3767.0
12/23/2015 16:20,EST,Natural Gas,2413.0
12/23/2015 16:20,EST,Nuclear,5407.0
12/23/2015 16:20,EST,Other Fossil Fuels,75.0
12/23/2015 16:20,EST,Other Renewables,316.0
12/23/2015 16:20,EST,Wind,1198.0
12/23/2015 16:25,EST,Dual Fuel,3854.0
12/23/2015 16:25,EST,Hydro,3769.0
12/23/2015 16:25,EST,Natural Gas,2416.0
12/23/2015 16:25,EST,Nuclear,5408.0
12/23/2015 16:25,EST,Other Fossil Fuels,72.0
12/23/2015 16:25,EST,Other Renewables,317.0
12/23/2015 16:25,EST,Wind,1204.0
12/23/2015 16:30,EST,Dual Fuel,3981.0
12/23/2015 16:30,EST,Hydro,3812.0
12/23/2015 16:30,EST,Natural Gas,2455.0
12/23/2015 16:30,EST,Nuclear,5409.0
12/23/2015 16:30,EST,Other Fossil Fuels,71.0
12/23/2015 16:30,EST,Other Renewables,323.0
12/23/2015 16:30,EST,Wind,1206.0
12/23/2015 16:35,EST,Dual Fuel,4091.0
12/23/2015 16:35,EST,Hydro,3760.0
12/23/2015 16:35,EST,Natural Gas,2479.0
12/23/2015 16:35,EST,Nuclear,5409.0
12/23/2015 16:35,EST,Other Fossil Fuels,75.0
12/23/2015 16:35,EST,Other Renewables,322.0
12/23/2015 16:35,EST,Wind,1213.0
12/23/2015 16:40,EST,Dual Fuel,4202.0
12/23/2015 16:40,EST,Hydro,3724.0
12/23/2015 16:40,EST,Natural Gas,2487.0
12/23/2015 16:40,EST,Nuclear,5407.0
12/23/2015 16:40,EST,Other Fossil Fuels,71.0
12/23/2015 16:40,EST,Other Renewables,324.0
12/23/2015 16:40,EST,Wind,1225.0
12/23/2015 16:45,EST,Dual Fuel,4300.0
12/23/2015 16:45,EST,Hydro,3770.0
12/23/2015 16:45,EST,Natural Gas,2476.0
12/23/2015 16:45,EST,Nuclear,5406.0
12/23/2015 16:45,EST,Other Fossil Fuels,70.0
12/23/2015 16:45,EST,Other Renewables,318.0
12/23/2015 16:45,EST,Wind,1231.0
12/23/2015 16:50,EST,Dual Fuel,4434.0
12/23/2015 16:50,EST,Hydro,3777.0
12/23/2015 16:50,EST,Natural Gas,2517.0
12/23/2015 16:50,EST,Nuclear,5407.0
12/23/2015 16:50,EST,Other Fossil Fuels,70.0
12/23/2015 16:50,EST,Other Renewables,320.0
12/23/2015 16:50,EST,Wind,1237.0
12/23/2015 16:55,EST,Dual Fuel,4528.0
12/23/2015 16:55,EST,Hydro,3780.0
12/23/2015 16:55,EST,Natural Gas,2554.0
12/23/2015 16:55,EST,Nuclear,5410.0
12/23/2015 16:55,EST,Other Fossil Fuels,70.0
12/23/2015 16:55,EST,Other Renewables,321.0
12/23/2015 16:55,EST,Wind,1252.0
12/23/2015 17:00,EST,Dual Fuel,4533.0
12/23/2015 17:00,EST,Hydro,3784.0
12/23/2015 17:00,EST,Natural Gas,2546.0
12/23/2015 17:00,EST,Nuclear,5408.0
12/23/2015 17:00,EST,Other Fossil Fuels,70.0
12/23/2015 17:00,EST,Other Renewables,326.0
12/23/2015 17:00,EST,Wind,1256.0
12/23/2015 17:05,EST,Dual Fuel,4451.0
12/23/2015 17:05,EST,Hydro,3764.0
12/23/2015 17:05,EST,Natural Gas,2560.0
12/23/2015 17:05,EST,Nuclear,5411.0
12/23/2015 17:05,EST,Other Fossil Fuels,70.0
12/23/2015 17:05,EST,Other Renewables,324.0
12/23/2015 17:05,EST,Wind,1254.0
12/23/2015 17:10,EST,Dual Fuel,4375.0
12/23/2015 17:10,EST,Hydro,3742.0
12/23/2015 17:10,EST,Natural Gas,2552.0
12/23/2015 17:10,EST,Nuclear,5409.0
12/23/2015 17:10,EST,Other Fossil Fuels,70.0
12/23/2015 17:10,EST,Other Renewables,321.0
12/23/2015 17:10,EST,Wind,1258.0
12/23/2015 17:15,EST,Dual Fuel,4359.0
12/23/2015 17:15,EST,Hydro,3728.0
12/23/2015 17:15,EST,Natural Gas,2530.0
12/23/2015 17:15,EST,Nuclear,5409.0
12/23/2015 17:15,EST,Other Fossil Fuels,70.0
12/23/2015 17:15,EST,Other Renewables,319.0
12/23/2015 17:15,EST,Wind,1270.0
12/23/2015 17:20,EST,Dual Fuel,4353.0
12/23/2015 17:20,EST,Hydro,3799.0
12/23/2015 17:20,EST,Natural Gas,2552.0
12/23/2015 17:20,EST,Nuclear,5410.0
12/23/2015 17:20,EST,Other Fossil Fuels,70.0
12/23/2015 17:20,EST,Other Renewables,321.0
12/23/2015 17:20,EST,Wind,1270.0
12/23/2015 17:25,EST,Dual Fuel,4321.0
12/23/2015 17:25,EST,Hydro,3845.0
12/23/2015 17:25,EST,Natural Gas,2574.0
12/23/2015 17:25,EST,Nuclear,5411.0
12/23/2015 17:25,EST,Other Fossil Fuels,70.0
12/23/2015 17:25,EST,Other Renewables,321.0
12/23/2015 17:25,EST,Wind,1271.0
12/23/2015 17:30,EST,Dual Fuel,4280.0
12/23/2015 17:30,EST,Hydro,3855.0
12/23/2015 17:30,EST,Natural Gas,2583.0
12/23/2015 17:30,EST,Nuclear,5410.0
12/23/2015 17:30,EST,Other Fossil Fuels,69.0
12/23/2015 17:30,EST,Other Renewables,321.0
12/23/2015 17:30,EST,Wind,1276.0
12/23/2015 17:35,EST,Dual Fuel,4304.0
12/23/2015 17:35,EST,Hydro,3895.0
12/23/2015 17:35,EST,Natural Gas,2651.0
12/23/2015 17:35,EST,Nuclear,5407.0
12/23/2015 17:35,EST,Other Fossil Fuels,69.0
12/23/2015 17:35,EST,Other Renewables,322.0
12/23/2015 17:35,EST,Wind,1273.0
12/23/2015 17:40,EST,Dual Fuel,4323.0
12/23/2015 17:40,EST,Hydro,3943.0
12/23/2015 17:40,EST,Natural Gas,2645.0
12/23/2015 17:40,EST,Nuclear,5407.0
12/23/2015 17:40,EST,Other Fossil Fuels,70.0
12/23/2015 17:40,EST,Other Renewables,319.0
12/23/2015 17:40,EST,Wind,1251.0
12/23/2015 17:45,EST,Dual Fuel,4380.0
12/23/2015 17:45,EST,Hydro,3978.0
12/23/2015 17:45,EST,Natural Gas,2654.0
12/23/2015 17:45,EST,Nuclear,5408.0
12/23/2015 17:45,EST,Other Fossil Fuels,70.0
12/23/2015 17:45,EST,Other Renewables,322.0
12/23/2015 17:45,EST,Wind,1229.0
12/23/2015 17:50,EST,Dual Fuel,4399.0
12/23/2015 17:50,EST,Hydro,4000.0
12/23/2015 17:50,EST,Natural Gas,2667.0
12/23/2015 17:50,EST,Nuclear,5408.0
12/23/2015 17:50,EST,Other Fossil Fuels,70.0
12/23/2015 17:50,EST,Other Renewables,323.0
12/23/2015 17:50,EST,Wind,1222.0
12/23/2015 17:55,EST,Dual Fuel,4422.0
12/23/2015 17:55,EST,Hydro,4012.0
12/23/2015 17:55,EST,Natural Gas,2666.0
12/23/2015 17:55,EST,Nuclear,5407.0
12/23/2015 17:55,EST,Other Fossil Fuels,69.0
12/23/2015 17:55,EST,Other Renewables,324.0
12/23/2015 17:55,EST,Wind,1222.0
12/23/2015 18:00,EST,Dual Fuel,4414.0
12/23/2015 18:00,EST,Hydro,4009.0
12/23/2015 18:00,EST,Natural Gas,2678.0
12/23/2015 18:00,EST,Nuclear,5408.0
12/23/2015 18:00,EST,Other Fossil Fuels,70.0
12/23/2015 18:00,EST,Other Renewables,326.0
12/23/2015 18:00,EST,Wind,1212.0
12/23/2015 18:05,EST,Dual Fuel,4314.0
12/23/2015 18:05,EST,Hydro,3993.0
12/23/2015 18:05,EST,Natural Gas,2692.0
12/23/2015 18:05,EST,Nuclear,5408.0
12/23/2015 18:05,EST,Other Fossil Fuels,70.0
12/23/2015 18:05,EST,Other Renewables,325.0
12/23/2015 18:05,EST,Wind,1214.0
12/23/2015 18:10,EST,Dual Fuel,4277.0
12/23/2015 18:10,EST,Hydro,4014.0
12/23/2015 18:10,EST,Natural Gas,2627.0
12/23/2015 18:10,EST,Nuclear,5409.0
12/23/2015 18:10,EST,Other Fossil Fuels,71.0
12/23/2015 18:10,EST,Other Renewables,325.0
12/23/2015 18:10,EST,Wind,1192.0
12/23/2015 18:15,EST,Dual Fuel,4276.0
12/23/2015 18:15,EST,Hydro,4113.0
12/23/2015 18:15,EST,Natural Gas,2602.0
12/23/2015 18:15,EST,Nuclear,5406.0
12/23/2015 18:15,EST,Other Fossil Fuels,71.0
12/23/2015 18:15,EST,Other Renewables,321.0
12/23/2015 18:15,EST,Wind,1181.0
12/23/2015 18:18,EST,Dual Fuel,4289.0
12/23/2015 18:18,EST,Hydro,4115.0
12/23/2015 18:18,EST,Natural Gas,2461.0
12/23/2015 18:18,EST,Nuclear,5411.0
12/23/2015 18:18,EST,Other Fossil Fuels,71.0
12/23/2015 18:18,EST,Other Renewables,321.0
12/23/2015 18:18,EST,Wind,1181.0
12/23/2015 18:20,EST,Dual Fuel,4297.0
12/23/2015 18:20,EST,Hydro,4131.0
12/23/2015 18:20,EST,Natural Gas,2440.0
12/23/2015 18:20,EST,Nuclear,5405.0
12/23/2015 18:20,EST,Other Fossil Fuels,71.0
12/23/2015 18:20,EST,Other Renewables,319.0
12/23/2015 18:20,EST,Wind,1176.0
12/23/2015 18:25,EST,Dual Fuel,4312.0
12/23/2015 18:25,EST,Hydro,4141.0
12/23/2015 18:25,EST,Natural Gas,2439.0
12/23/2015 18:25,EST,Nuclear,5409.0
12/23/2015 18:25,EST,Other Fossil Fuels,71.0
12/23/2015 18:25,EST,Other Renewables,319.0
12/23/2015 18:25,EST,Wind,1158.0
12/23/2015 18:30,EST,Dual Fuel,4292.0
12/23/2015 18:30,EST,Hydro,4194.0
12/23/2015 18:30,EST,Natural Gas,2441.0
12/23/2015 18:30,EST,Nuclear,5409.0
12/23/2015 18:30,EST,Other Fossil Fuels,71.0
12/23/2015 18:30,EST,Other Renewables,323.0
12/23/2015 18:30,EST,Wind,1142.0
12/23/2015 18:35,EST,Dual Fuel,4316.0
12/23/2015 18:35,EST,Hydro,4085.0
12/23/2015 18:35,EST,Natural Gas,2452.0
12/23/2015 18:35,EST,Nuclear,5408.0
12/23/2015 18:35,EST,Other Fossil Fuels,71.0
12/23/2015 18:35,EST,Other Renewables,325.0
12/23/2015 18:35,EST,Wind,1160.0
12/23/2015 18:40,EST,Dual Fuel,4342.0
12/23/2015 18:40,EST,Hydro,3884.0
12/23/2015 18:40,EST,Natural Gas,2428.0
12/23/2015 18:40,EST,Nuclear,5409.0
12/23/2015 18:40,EST,Other Fossil Fuels,71.0
12/23/2015 18:40,EST,Other Renewables,324.0
12/23/2015 18:40,EST,Wind,1172.0
12/23/2015 18:45,EST,Dual Fuel,4310.0
12/23/2015 18:45,EST,Hydro,3875.0
12/23/2015 18:45,EST,Natural Gas,2382.0
12/23/2015 18:45,EST,Nuclear,5409.0
12/23/2015 18:45,EST,Other Fossil Fuels,71.0
12/23/2015 18:45,EST,Other Renewables,324.0
12/23/2015 18:45,EST,Wind,1185.0
12/23/2015 18:50,EST,Dual Fuel,4311.0
12/23/2015 18:50,EST,Hydro,3853.0
12/23/2015 18:50,EST,Natural Gas,2352.0
12/23/2015 18:50,EST,Nuclear,5409.0
12/23/2015 18:50,EST,Other Fossil Fuels,71.0
12/23/2015 18:50,EST,Other Renewables,328.0
12/23/2015 18:50,EST,Wind,1216.0
12/23/2015 18:55,EST,Dual Fuel,4302.0
12/23/2015 18:55,EST,Hydro,3861.0
12/23/2015 18:55,EST,Natural Gas,2354.0
12/23/2015 18:55,EST,Nuclear,5411.0
12/23/2015 18:55,EST,Other Fossil Fuels,71.0
12/23/2015 18:55,EST,Other Renewables,327.0
12/23/2015 18:55,EST,Wind,1234.0
12/23/2015 19:00,EST,Dual Fuel,4281.0
12/23/2015 19:00,EST,Hydro,3866.0
12/23/2015 19:00,EST,Natural Gas,2356.0
12/23/2015 19:00,EST,Nuclear,5411.0
12/23/2015 19:00,EST,Other Fossil Fuels,71.0
12/23/2015 19:00,EST,Other Renewables,327.0
12/23/2015 19:00,EST,Wind,1260.0
12/23/2015 19:05,EST,Dual Fuel,4251.0
12/23/2015 19:05,EST,Hydro,3786.0
12/23/2015 19:05,EST,Natural Gas,2300.0
12/23/2015 19:05,EST,Nuclear,5409.0
12/23/2015 19:05,EST,Other Fossil Fuels,71.0
12/23/2015 19:05,EST,Other Renewables,326.0
12/23/2015 19:05,EST,Wind,1290.0
12/23/2015 19:10,EST,Dual Fuel,4182.0
12/23/2015 19:10,EST,Hydro,3675.0
12/23/2015 19:10,EST,Natural Gas,2253.0
12/23/2015 19:10,EST,Nuclear,5409.0
12/23/2015 19:10,EST,Other Fossil Fuels,71.0
12/23/2015 19:10,EST,Other Renewables,328.0
12/23/2015 19:10,EST,Wind,1303.0
12/23/2015 19:15,EST,Dual Fuel,4152.0
12/23/2015 19:15,EST,Hydro,3737.0
12/23/2015 19:15,EST,Natural Gas,2269.0
12/23/2015 19:15,EST,Nuclear,5408.0
12/23/2015 19:15,EST,Other Fossil Fuels,71.0
12/23/2015 19:15,EST,Other Renewables,326.0
12/23/2015 19:15,EST,Wind,1299.0
12/23/2015 19:20,EST,Dual Fuel,4143.0
12/23/2015 19:20,EST,Hydro,3708.0
12/23/2015 19:20,EST,Natural Gas,2249.0
12/23/2015 19:20,EST,Nuclear,5407.0
12/23/2015 19:20,EST,Other Fossil Fuels,71.0
12/23/2015 19:20,EST,Other Renewables,327.0
12/23/2015 19:20,EST,Wind,1300.0
12/23/2015 19:25,EST,Dual Fuel,4114.0
12/23/2015 19:25,EST,Hydro,3690.0
12/23/2015 19:25,EST,Natural Gas,2205.0
12/23/2015 19:25,EST,Nuclear,5410.0
12/23/2015 19:25,EST,Other Fossil Fuels,72.0
12/23/2015 19:25,EST,Other Renewables,325.0
12/23/2015 19:25,EST,Wind,1280.0
12/23/2015 19:30,EST,Dual Fuel,4108.0
12/23/2015 19:30,EST,Hydro,3667.0
12/23/2015 19:30,EST,Natural Gas,2179.0
12/23/2015 19:30,EST,Nuclear,5406.0
12/23/2015 19:30,EST,Other Fossil Fuels,71.0
12/23/2015 19:30,EST,Other Renewables,324.0
12/23/2015 19:30,EST,Wind,1284.0
12/23/2015 19:35,EST,Dual Fuel,4128.0
12/23/2015 19:35,EST,Hydro,3654.0
12/23/2015 19:35,EST,Natural Gas,2153.0
12/23/2015 19:35,EST,Nuclear,5407.0
12/23/2015 19:35,EST,Other Fossil Fuels,71.0
12/23/2015 19:35,EST,Other Renewables,325.0
12/23/2015 19:35,EST,Wind,1296.0
12/23/2015 19:40,EST,Dual Fuel,4145.0
12/23/2015 19:40,EST,Hydro,3599.0
12/23/2015 19:40,EST,Natural Gas,2161.0
12/23/2015 19:40,EST,Nuclear,5408.0
12/23/2015 19:40,EST,Other Fossil Fuels,71.0
12/23/2015 19:40,EST,Other Renewables,325.0
12/23/2015 19:40,EST,Wind,1307.0
12/23/2015 19:45,EST,Dual Fuel,4180.0
12/23/2015 19:45,EST,Hydro,3561.0
12/23/2015 19:45,EST,Natural Gas,2182.0
12/23/2015 19:45,EST,Nuclear,5406.0
12/23/2015 19:45,EST,Other Fossil Fuels,71.0
12/23/2015 19:45,EST,Other Renewables,325.0
12/23/2015 19:45,EST,Wind,1298.0
12/23/2015 19:50,EST,Dual Fuel,4161.0
12/23/2015 19:50,EST,Hydro,3493.0
12/23/2015 19:50,EST,Natural Gas,2205.0
12/23/2015 19:50,EST,Nuclear,5408.0
12/23/2015 19:50,EST,Other Fossil Fuels,71.0
12/23/2015 19:50,EST,Other Renewables,324.0
12/23/2015 19:50,EST,Wind,1310.0
12/23/2015 19:55,EST,Dual Fuel,4117.0
12/23/2015 19:55,EST,Hydro,3401.0
12/23/2015 19:55,EST,Natural Gas,2208.0
12/23/2015 19:55,EST,Nuclear,5411.0
12/23/2015 19:55,EST,Other Fossil Fuels,71.0
12/23/2015 19:55,EST,Other Renewables,327.0
12/23/2015 19:55,EST,Wind,1313.0
12/23/2015 20:00,EST,Dual Fuel,4088.0
12/23/2015 20:00,EST,Hydro,3355.0
12/23/2015 20:00,EST,Natural Gas,2158.0
12/23/2015 20:00,EST,Nuclear,5409.0
12/23/2015 20:00,EST,Other Fossil Fuels,71.0
12/23/2015 20:00,EST,Other Renewables,326.0
12/23/2015 20:00,EST,Wind,1328.0
12/23/2015 20:05,EST,Dual Fuel,4061.0
12/23/2015 20:05,EST,Hydro,3445.0
12/23/2015 20:05,EST,Natural Gas,2049.0
12/23/2015 20:05,EST,Nuclear,5408.0
12/23/2015 20:05,EST,Other Fossil Fuels,70.0
12/23/2015 20:05,EST,Other Renewables,325.0
12/23/2015 20:05,EST,Wind,1348.0
12/23/2015 20:10,EST,Dual Fuel,3982.0
12/23/2015 20:10,EST,Hydro,3518.0
12/23/2015 20:10,EST,Natural Gas,2050.0
12/23/2015 20:10,EST,Nuclear,5412.0
12/23/2015 20:10,EST,Other Fossil Fuels,68.0
12/23/2015 20:10,EST,Other Renewables,330.0
12/23/2015 20:10,EST,Wind,1362.0
12/23/2015 20:15,EST,Dual Fuel,3945.0
12/23/2015 20:15,EST,Hydro,3528.0
12/23/2015 20:15,EST,Natural Gas,2037.0
12/23/2015 20:15,EST,Nuclear,5411.0
12/23/2015 20:15,EST,Other Fossil Fuels,67.0
12/23/2015 20:15,EST,Other Renewables,330.0
12/23/2015 20:15,EST,Wind,1386.0
12/23/2015 20:20,EST,Dual Fuel,3948.0
12/23/2015 20:20,EST,Hydro,3553.0
12/23/2015 20:20,EST,Natural Gas,1997.0
12/23/2015 20:20,EST,Nuclear,5410.0
12/23/2015 20:20,EST,Other Fossil Fuels,67.0
12/23/2015 20:20,EST,Other Renewables,331.0
12/23/2015 20:20,EST,Wind,1389.0
12/23/2015 20:25,EST,Dual Fuel,3864.0
12/23/2015 20:25,EST,Hydro,3571.0
12/23/2015 20:25,EST,Natural Gas,2023.0
12/23/2015 20:25,EST,Nuclear,5409.0
12/23/2015 20:25,EST,Other Fossil Fuels,67.0
12/23/2015 20:25,EST,Other Renewables,329.0
12/23/2015 20:25,EST,Wind,1368.0
12/23/2015 20:30,EST,Dual Fuel,3793.0
12/23/2015 20:30,EST,Hydro,3545.0
12/23/2015 20:30,EST,Natural Gas,2072.0
12/23/2015 20:30,EST,Nuclear,5410.0
12/23/2015 20:30,EST,Other Fossil Fuels,67.0
12/23/2015 20:30,EST,Other Renewables,328.0
12/23/2015 20:30,EST,Wind,1364.0
12/23/2015 20:35,EST,Dual Fuel,3843.0
12/23/2015 20:35,EST,Hydro,3444.0
12/23/2015 20:35,EST,Natural Gas,2076.0
12/23/2015 20:35,EST,Nuclear,5410.0
12/23/2015 20:35,EST,Other Fossil Fuels,67.0
12/23/2015 20:35,EST,Other Renewables,327.0
12/23/2015 20:35,EST,Wind,1370.0
12/23/2015 20:40,EST,Dual Fuel,3801.0
12/23/2015 20:40,EST,Hydro,3376.0
12/23/2015 20:40,EST,Natural Gas,2076.0
12/23/2015 20:40,EST,Nuclear,5412.0
12/23/2015 20:40,EST,Other Fossil Fuels,67.0
12/23/2015 20:40,EST,Other Renewables,328.0
12/23/2015 20:40,EST,Wind,1383.0
12/23/2015 20:45,EST,Dual Fuel,3826.0
12/23/2015 20:45,EST,Hydro,3389.0
12/23/2015 20:45,EST,Natural Gas,2079.0
12/23/2015 20:45,EST,Nuclear,5410.0
12/23/2015 20:45,EST,Other Fossil Fuels,66.0
12/23/2015 20:45,EST,Other Renewables,330.0
12/23/2015 20:45,EST,Wind,1409.0
12/23/2015 20:50,EST,Dual Fuel,3860.0
12/23/2015 20:50,EST,Hydro,3345.0
12/23/2015 20:50,EST,Natural Gas,2070.0
12/23/2015 20:50,EST,Nuclear,5408.0
12/23/2015 20:50,EST,Other Fossil Fuels,66.0
12/23/2015 20:50,EST,Other Renewables,329.0
12/23/2015 20:50,EST,Wind,1431.0
12/23/2015 20:55,EST,Dual Fuel,3889.0
12/23/2015 20:55,EST,Hydro,3327.0
12/23/2015 20:55,EST,Natural Gas,2061.0
12/23/2015 20:55,EST,Nuclear,5406.0
12/23/2015 20:55,EST,Other Fossil Fuels,66.0
12/23/2015 20:55,EST,Other Renewables,334.0
12/23/2015 20:55,EST,Wind,1439.0
12/23/2015 21:00,EST,Dual Fuel,3845.0
12/23/2015 21:00,EST,Hydro,3323.0
12/23/2015 21:00,EST,Natural Gas,2023.0
12/23/2015 21:00,EST,Nuclear,5407.0
12/23/2015 21:00,EST,Other Fossil Fuels,66.0
12/23/2015 21:00,EST,Other Renewables,334.0
12/23/2015 21:00,EST,Wind,1444.0
12/23/2015 21:05,EST,Dual Fuel,3898.0
12/23/2015 21:05,EST,Hydro,3421.0
12/23/2015 21:05,EST,Natural Gas,1888.0
12/23/2015 21:05,EST,Nuclear,5411.0
12/23/2015 21:05,EST,Other Fossil Fuels,66.0
12/23/2015 21:05,EST,Other Renewables,332.0
12/23/2015 21:05,EST,Wind,1448.0
12/23/2015 21:10,EST,Dual Fuel,3908.0
12/23/2015 21:10,EST,Hydro,3581.0
12/23/2015 21:10,EST,Natural Gas,1803.0
12/23/2015 21:10,EST,Nuclear,5409.0
12/23/2015 21:10,EST,Other Fossil Fuels,66.0
12/23/2015 21:10,EST,Other Renewables,330.0
12/23/2015 21:10,EST,Wind,1462.0
12/23/2015 21:15,EST,Dual Fuel,3911.0
12/23/2015 21:15,EST,Hydro,3619.0
12/23/2015 21:15,EST,Natural Gas,1716.0
12/23/2015 21:15,EST,Nuclear,5409.0
12/23/2015 21:15,EST,Other Fossil Fuels,66.0
12/23/2015 21:15,EST,Other Renewables,333.0
12/23/2015 21:15,EST,Wind,1465.0
12/23/2015 21:20,EST,Dual Fuel,3910.0
12/23/2015 21:20,EST,Hydro,3668.0
12/23/2015 21:20,EST,Natural Gas,1620.0
12/23/2015 21:20,EST,Nuclear,5411.0
12/23/2015 21:20,EST,Other Fossil Fuels,67.0
12/23/2015 21:20,EST,Other Renewables,332.0
12/23/2015 21:20,EST,Wind,1466.0
12/23/2015 21:25,EST,Dual Fuel,3875.0
12/23/2015 21:25,EST,Hydro,3678.0
12/23/2015 21:25,EST,Natural Gas,1579.0
12/23/2015 21:25,EST,Nuclear,5410.0
12/23/2015 21:25,EST,Other Fossil Fuels,66.0
12/23/2015 21:25,EST,Other Renewables,328.0
12/23/2015 21:25,EST,Wind,1468.0
12/23/2015 21:30,EST,Dual Fuel,3846.0
12/23/2015 21:30,EST,Hydro,3656.0
12/23/2015 21:30,EST,Natural Gas,1543.0
12/23/2015 21:30,EST,Nuclear,5408.0
12/23/2015 21:30,EST,Other Fossil Fuels,67.0
12/23/2015 21:30,EST,Other Renewables,327.0
12/23/2015 21:30,EST,Wind,1463.0
12/23/2015 21:35,EST,Dual Fuel,3826.0
12/23/2015 21:35,EST,Hydro,3624.0
12/23/2015 21:35,EST,Natural Gas,1530.0
12/23/2015 21:35,EST,Nuclear,5410.0
12/23/2015 21:35,EST,Other Fossil Fuels,67.0
12/23/2015 21:35,EST,Other Renewables,320.0
12/23/2015 21:35,EST,Wind,1459.0
12/23/2015 21:40,EST,Dual Fuel,3809.0
12/23/2015 21:40,EST,Hydro,3586.0
12/23/2015 21:40,EST,Natural Gas,1497.0
12/23/2015 21:40,EST,Nuclear,5409.0
12/23/2015 21:40,EST,Other Fossil Fuels,67.0
12/23/2015 21:40,EST,Other Renewables,319.0
12/23/2015 21:40,EST,Wind,1461.0
12/23/2015 21:45,EST,Dual Fuel,3805.0
12/23/2015 21:45,EST,Hydro,3541.0
12/23/2015 21:45,EST,Natural Gas,1465.0
12/23/2015 21:45,EST,Nuclear,5410.0
12/23/2015 21:45,EST,Other Fossil Fuels,67.0
12/23/2015 21:45,EST,Other Renewables,323.0
12/23/2015 21:45,EST,Wind,1475.0
12/23/2015 21:50,EST,Dual Fuel,3811.0
12/23/2015 21:50,EST,Hydro,3518.0
12/23/2015 21:50,EST,Natural Gas,1438.0
12/23/2015 21:50,EST,Nuclear,5411.0
12/23/2015 21:50,EST,Other Fossil Fuels,66.0
12/23/2015 21:50,EST,Other Renewables,323.0
12/23/2015 21:50,EST,Wind,1474.0
12/23/2015 21:55,EST,Dual Fuel,3809.0
12/23/2015 21:55,EST,Hydro,3496.0
12/23/2015 21:55,EST,Natural Gas,1450.0
12/23/2015 21:55,EST,Nuclear,5409.0
12/23/2015 21:55,EST,Other Fossil Fuels,67.0
12/23/2015 21:55,EST,Other Renewables,323.0
12/23/2015 21:55,EST,Wind,1486.0
12/23/2015 22:00,EST,Dual Fuel,3789.0
12/23/2015 22:00,EST,Hydro,3371.0
12/23/2015 22:00,EST,Natural Gas,1418.0
12/23/2015 22:00,EST,Nuclear,5410.0
12/23/2015 22:00,EST,Other Fossil Fuels,67.0
12/23/2015 22:00,EST,Other Renewables,323.0
12/23/2015 22:00,EST,Wind,1507.0
12/23/2015 22:05,EST,Dual Fuel,3722.0
12/23/2015 22:05,EST,Hydro,3389.0
12/23/2015 22:05,EST,Natural Gas,1346.0
12/23/2015 22:05,EST,Nuclear,5411.0
12/23/2015 22:05,EST,Other Fossil Fuels,66.0
12/23/2015 22:05,EST,Other Renewables,323.0
12/23/2015 22:05,EST,Wind,1521.0
12/23/2015 22:10,EST,Dual Fuel,3656.0
12/23/2015 22:10,EST,Hydro,3364.0
12/23/2015 22:10,EST,Natural Gas,1264.0
12/23/2015 22:10,EST,Nuclear,5409.0
12/23/2015 22:10,EST,Other Fossil Fuels,64.0
12/23/2015 22:10,EST,Other Renewables,320.0
12/23/2015 22:10,EST,Wind,1525.0
12/23/2015 22:15,EST,Dual Fuel,3586.0
12/23/2015 22:15,EST,Hydro,3377.0
12/23/2015 22:15,EST,Natural Gas,1192.0
12/23/2015 22:15,EST,Nuclear,5410.0
12/23/2015 22:15,EST,Other Fossil Fuels,62.0
12/23/2015 22:15,EST,Other Renewables,321.0
12/23/2015 22:15,EST,Wind,1530.0
12/23/2015 22:20,EST,Dual Fuel,3533.0
12/23/2015 22:20,EST,Hydro,3437.0
12/23/2015 22:20,EST,Natural Gas,1079.0
12/23/2015 22:20,EST,Nuclear,5409.0
12/23/2015 22:20,EST,Other Fossil Fuels,60.0
12/23/2015 22:20,EST,Other Renewables,317.0
12/23/2015 22:20,EST,Wind,1532.0
12/23/2015 22:25,EST,Dual Fuel,3508.0
12/23/2015 22:25,EST,Hydro,3450.0
12/23/2015 22:25,EST,Natural Gas,1040.0
12/23/2015 22:25,EST,Nuclear,5408.0
12/23/2015 22:25,EST,Other Fossil Fuels,57.0
12/23/2015 22:25,EST,Other Renewables,318.0
12/23/2015 22:25,EST,Wind,1538.0
12/23/2015 22:30,EST,Dual Fuel,3426.0
12/23/2015 22:30,EST,Hydro,3409.0
12/23/2015 22:30,EST,Natural Gas,1041.0
12/23/2015 22:30,EST,Nuclear,5403.0
12/23/2015 22:30,EST,Other Fossil Fuels,54.0
12/23/2015 22:30,EST,Other Renewables,315.0
12/23/2015 22:30,EST,Wind,1526.0
12/23/2015 22:35,EST,Dual Fuel,3362.0
12/23/2015 22:35,EST,Hydro,3345.0
12/23/2015 22:35,EST,Natural Gas,1037.0
12/23/2015 22:35,EST,Nuclear,5403.0
12/23/2015 22:35,EST,Other Fossil Fuels,52.0
12/23/2015 22:35,EST,Other Renewables,313.0
12/23/2015 22:35,EST,Wind,1514.0
12/23/2015 22:40,EST,Dual Fuel,3319.0
12/23/2015 22:40,EST,Hydro,3286.0
12/23/2015 22:40,EST,Natural Gas,1037.0
12/23/2015 22:40,EST,Nuclear,5407.0
12/23/2015 22:40,EST,Other Fossil Fuels,53.0
12/23/2015 22:40,EST,Other Renewables,315.0
12/23/2015 22:40,EST,Wind,1509.0
12/23/2015 22:45,EST,Dual Fuel,3273.0
12/23/2015 22:45,EST,Hydro,3258.0
12/23/2015 22:45,EST,Natural Gas,1038.0
12/23/2015 22:45,EST,Nuclear,5407.0
12/23/2015 22:45,EST,Other Fossil Fuels,54.0
12/23/2015 22:45,EST,Other Renewables,315.0
12/23/2015 22:45,EST,Wind,1504.0
12/23/2015 22:50,EST,Dual Fuel,3273.0
12/23/2015 22:50,EST,Hydro,3260.0
12/23/2015 22:50,EST,Natural Gas,1035.0
12/23/2015 22:50,EST,Nuclear,5405.0
12/23/2015 22:50,EST,Other Fossil Fuels,51.0
12/23/2015 22:50,EST,Other Renewables,314.0
12/23/2015 22:50,EST,Wind,1493.0
12/23/2015 22:55,EST,Dual Fuel,3292.0
12/23/2015 22:55,EST,Hydro,3200.0
12/23/2015 22:55,EST,Natural Gas,1049.0
12/23/2015 22:55,EST,Nuclear,5405.0
12/23/2015 22:55,EST,Other Fossil Fuels,50.0
12/23/2015 22:55,EST,Other Renewables,316.0
12/23/2015 22:55,EST,Wind,1484.0
12/23/2015 23:00,EST,Dual Fuel,3335.0
12/23/2015 23:00,EST,Hydro,2997.0
12/23/2015 23:00,EST,Natural Gas,1059.0
12/23/2015 23:00,EST,Nuclear,5405.0
12/23/2015 23:00,EST,Other Fossil Fuels,48.0
12/23/2015 23:00,EST,Other Renewables,319.0
12/23/2015 23:00,EST,Wind,1468.0
12/23/2015 23:05,EST,Dual Fuel,3443.0
12/23/2015 23:05,EST,Hydro,2852.0
12/23/2015 23:05,EST,Natural Gas,1065.0
12/23/2015 23:05,EST,Nuclear,5406.0
12/23/2015 23:05,EST,Other Fossil Fuels,46.0
12/23/2015 23:05,EST,Other Renewables,317.0
12/23/2015 23:05,EST,Wind,1435.0
12/23/2015 23:10,EST,Dual Fuel,3325.0
12/23/2015 23:10,EST,Hydro,2771.0
12/23/2015 23:10,EST,Natural Gas,1025.0
12/23/2015 23:10,EST,Nuclear,5406.0
12/23/2015 23:10,EST,Other Fossil Fuels,44.0
12/23/2015 23:10,EST,Other Renewables,316.0
12/23/2015 23:10,EST,Wind,1425.0
12/23/2015 23:15,EST,Dual Fuel,3178.0
12/23/2015 23:15,EST,Hydro,2658.0
12/23/2015 23:15,EST,Natural Gas,1027.0
12/23/2015 23:15,EST,Nuclear,5407.0
12/23/2015 23:15,EST,Other Fossil Fuels,42.0
12/23/2015 23:15,EST,Other Renewables,316.0
12/23/2015 23:15,EST,Wind,1434.0
12/23/2015 23:20,EST,Dual Fuel,3099.0
12/23/2015 23:20,EST,Hydro,2615.0
12/23/2015 23:20,EST,Natural Gas,1042.0
12/23/2015 23:20,EST,Nuclear,5408.0
12/23/2015 23:20,EST,Other Fossil Fuels,40.0
12/23/2015 23:20,EST,Other Renewables,316.0
12/23/2015 23:20,EST,Wind,1439.0
12/23/2015 23:25,EST,Dual Fuel,3061.0
12/23/2015 23:25,EST,Hydro,2536.0
12/23/2015 23:25,EST,Natural Gas,1069.0
12/23/2015 23:25,EST,Nuclear,5407.0
12/23/2015 23:25,EST,Other Fossil Fuels,38.0
12/23/2015 23:25,EST,Other Renewables,318.0
12/23/2015 23:25,EST,Wind,1448.0
12/23/2015 23:30,EST,Dual Fuel,3019.0
12/23/2015 23:30,EST,Hydro,2433.0
12/23/2015 23:30,EST,Natural Gas,1075.0
12/23/2015 23:30,EST,Nuclear,5409.0
12/23/2015 23:30,EST,Other Fossil Fuels,38.0
12/23/2015 23:30,EST,Other Renewables,323.0
12/23/2015 23:30,EST,Wind,1446.0
12/23/2015 23:35,EST,Dual Fuel,2965.0
12/23/2015 23:35,EST,Hydro,2379.0
12/23/2015 23:35,EST,Natural Gas,1096.0
12/23/2015 23:35,EST,Nuclear,5407.0
12/23/2015 23:35,EST,Other Fossil Fuels,37.0
12/23/2015 23:35,EST,Other Renewables,322.0
12/23/2015 23:35,EST,Wind,1449.0
12/23/2015 23:40,EST,Dual Fuel,2920.0
12/23/2015 23:40,EST,Hydro,2297.0
12/23/2015 23:40,EST,Natural Gas,1098.0
12/23/2015 23:40,EST,Nuclear,5408.0
12/23/2015 23:40,EST,Other Fossil Fuels,37.0
12/23/2015 23:40,EST,Other Renewables,322.0
12/23/2015 23:40,EST,Wind,1435.0
12/23/2015 23:45,EST,Dual Fuel,2923.0
12/23/2015 23:45,EST,Hydro,2199.0
12/23/2015 23:45,EST,Natural Gas,1100.0
12/23/2015 23:45,EST,Nuclear,5408.0
12/23/2015 23:45,EST,Other Fossil Fuels,37.0
12/23/2015 23:45,EST,Other Renewables,318.0
12/23/2015 23:45,EST,Wind,1424.0
12/23/2015 23:50,EST,Dual Fuel,2903.0
12/23/2015 23:50,EST,Hydro,2143.0
12/23/2015 23:50,EST,Natural Gas,1104.0
12/23/2015 23:50,EST,Nuclear,5407.0
12/23/2015 23:50,EST,Other Fossil Fuels,37.0
12/23/2015 23:50,EST,Other Renewables,321.0
12/23/2015 23:50,EST,Wind,1432.0
12/23/2015 23:55,EST,Dual Fuel,2923.0
12/23/2015 23:55,EST,Hydro,2120.0
12/23/2015 23:55,EST,Natural Gas,1093.0
12/23/2015 23:55,EST,Nuclear,5408.0
12/23/2015 23:55,EST,Other Fossil Fuels,38.0
12/23/2015 23:55,EST,Other Renewables,319.0
12/23/2015 23:55,EST,Wind,1431.0
12/24/2015 00:00,EST,Dual Fuel,2888.0
12/24/2015 00:00,EST,Hydro,2123.0
12/24/2015 00:00,EST,Natural Gas,1067.0
12/24/2015 00:00,EST,Nuclear,5409.0
12/24/2015 00:00,EST,Other Fossil Fuels,37.0
12/24/2015 00:00,EST,Other Renewables,319.0
12/24/2015 00:00,EST,Wind,1419.0