Time Stamp,Time Zone,Fuel Category,Gen MWh
12/26/2015 00:05,EST,Dual Fuel,2118.0
12/26/2015 00:05,EST,Hydro,2252.0
12/26/2015 00:05,EST,Natural Gas,990.0
12/26/2015 00:05,EST,Nuclear,5420.0
12/26/2015 00:05,EST,Other Fossil Fuels,37.0
12/26/2015 00:05,EST,Other Renewables,310.0
12/26/2015 00:05,EST,Wind,252.0
12/26/2015 00:10,EST,Dual Fuel,2113.0
12/26/2015 00:10,EST,Hydro,2352.0
12/26/2015 00:10,EST,Natural Gas,988.0
12/26/2015 00:10,EST,Nuclear,5422.0
12/26/2015 00:10,EST,Other Fossil Fuels,37.0
12/26/2015 00:10,EST,Other Renewables,312.0
12/26/2015 00:10,EST,Wind,252.0
12/26/2015 00:15,EST,Dual Fuel,2121.0
12/26/2015 00:15,EST,Hydro,2316.0
12/26/2015 00:15,EST,Natural Gas,966.0
12/26/2015 00:15,EST,Nuclear,5422.0
12/26/2015 00:15,EST,Other Fossil Fuels,37.0
12/26/2015 00:15,EST,Other Renewables,319.0
12/26/2015 00:15,EST,Wind,256.0
12/26/2015 00:20,EST,Dual Fuel,2040.0
12/26/2015 00:20,EST,Hydro,2287.0
12/26/2015 00:20,EST,Natural Gas,957.0
12/26/2015 00:20,EST,Nuclear,5420.0
12/26/2015 00:20,EST,Other Fossil Fuels,37.0
12/26/2015 00:20,EST,Other Renewables,314.0
12/26/2015 00:20,EST,Wind,260.0
12/26/2015 00:25,EST,Dual Fuel,1937.0
12/26/2015 00:25,EST,Hydro,2288.0
12/26/2015 00:25,EST,Natural Gas,964.0
12/26/2015 00:25,EST,Nuclear,5422.0
12/26/2015 00:25,EST,Other Fossil Fuels,37.0
12/26/2015 00:25,EST,Other Renewables,312.0
12/26/2015 00:25,EST,Wind,264.0
12/26/2015 00:30,EST,Dual Fuel,1864.0
12/26/2015 00:30,EST,Hydro,2330.0
12/26/2015 00:30,EST,Natural Gas,969.0
12/26/2015 00:30,EST,Nuclear,5421.0
12/26/2015 00:30,EST,Other Fossil Fuels,37.0
12/26/2015 00:30,EST,Other Renewables,310.0
12/26/2015 00:30,EST,Wind,257.0
12/26/2015 00:35,EST,Dual Fuel,1867.0
12/26/2015 00:35,EST,Hydro,2367.0
12/26/2015 00:35,EST,Natural Gas,966.0
12/26/2015 00:35,EST,Nuclear,5421.0
12/26/2015 00:35,EST,Other Fossil Fuels,37.0
12/26/2015 00:35,EST,Other Renewables,314.0
12/26/2015 00:35,EST,Wind,255.0
12/26/2015 00:40,EST,Dual Fuel,1905.0
12/26/2015 00:40,EST,Hydro,2348.0
12/26/2015 00:40,EST,Natural Gas,970.0
12/26/2015 00:40,EST,Nuclear,5421.0
12/26/2015 00:40,EST,Other Fossil Fuels,37.0
12/26/2015 00:40,EST,Other Renewables,315.0
12/26/2015 00:40,EST,Wind,248.0
12/26/2015 00:45,EST,Dual Fuel,1909.0
12/26/2015 00:45,EST,Hydro,2286.0
12/26/2015 00:45,EST,Natural Gas,968.0
12/26/2015 00:45,EST,Nuclear,5419.0
12/26/2015 00:45,EST,Other Fossil Fuels,37.0
12/26/2015 00:45,EST,Other Renewables,311.0
12/26/2015 00:45,EST,Wind,246.0
12/26/2015 00:50,EST,Dual Fuel,1905.0
12/26/2015 00:50,EST,Hydro,2187.0
12/26/2015 00:50,EST,Natural Gas,967.0
12/26/2015 00:50,EST,Nuclear,5421.0
12/26/2015 00:50,EST,Other Fossil Fuels,37.0
12/26/2015 00:50,EST,Other Renewables,311.0
12/26/2015 00:50,EST,Wind,251.0
12/26/2015 00:55,EST,Dual Fuel,1902.0
12/26/2015 00:55,EST,Hydro,2062.0
12/26/2015 00:55,EST,Natural Gas,965.0
12/26/2015 00:55,EST,Nuclear,5419.0
12/26/2015 00:55,EST,Other Fossil Fuels,37.0
12/26/2015 00:55,EST,Other Renewables,312.0
12/26/2015 00:55,EST,Wind,259.0
12/26/2015 01:00,EST,Dual Fuel,1897.0
12/26/2015 01:00,EST,Hydro,1977.0
12/26/2015 01:00,EST,Natural Gas,951.0
12/26/2015 01:00,EST,Nuclear,5422.0
12/26/2015 01:00,EST,Other Fossil Fuels,37.0
12/26/2015 01:00,EST,Other Renewables,311.0
12/26/2015 01:00,EST,Wind,261.0
12/26/2015 01:05,EST,Dual Fuel,1879.0
12/26/2015 01:05,EST,Hydro,2051.0
12/26/2015 01:05,EST,Natural Gas,956.0
12/26/2015 01:05,EST,Nuclear,5422.0
12/26/2015 01:05,EST,Other Fossil Fuels,38.0
12/26/2015 01:05,EST,Other Renewables,315.0
12/26/2015 01:05,EST,Wind,265.0
12/26/2015 01:10,EST,Dual Fuel,1856.0
12/26/2015 01:10,EST,Hydro,2157.0
12/26/2015 01:10,EST,Natural Gas,951.0
12/26/2015 01:10,EST,Nuclear,5419.0
12/26/2015 01:10,EST,Other Fossil Fuels,38.0
12/26/2015 01:10,EST,Other Renewables,315.0
12/26/2015 01:10,EST,Wind,267.0
12/26/2015 01:15,EST,Dual Fuel,1845.0
12/26/2015 01:15,EST,Hydro,2146.0
12/26/2015 01:15,EST,Natural Gas,949.0
12/26/2015 01:15,EST,Nuclear,5422.0
12/26/2015 01:15,EST,Other Fossil Fuels,38.0
12/26/2015 01:15,EST,Other Renewables,311.0
12/26/2015 01:15,EST,Wind,259.0
12/26/2015 01:20,EST,Dual Fuel,1842.0
12/26/2015 01:20,EST,Hydro,2098.0
12/26/2015 01:20,EST,Natural Gas,946.0
12/26/2015 01:20,EST,Nuclear,5421.0
12/26/2015 01:20,EST,Other Fossil Fuels,38.0
12/26/2015 01:20,EST,Other Renewables,313.0
12/26/2015 01:20,EST,Wind,250.0
12/26/2015 01:25,EST,Dual Fuel,1837.0
12/26/2015 01:25,EST,Hydro,2033.0
12/26/2015 01:25,EST,Natural Gas,948.0
12/26/2015 01:25,EST,Nuclear,5424.0
12/26/2015 01:25,EST,Other Fossil Fuels,38.0
12/26/2015 01:25,EST,Other Renewables,314.0
12/26/2015 01:25,EST,Wind,245.0
12/26/2015 01:30,EST,Dual Fuel,1832.0
12/26/2015 01:30,EST,Hydro,2003.0
12/26/2015 01:30,EST,Natural Gas,947.0
12/26/2015 01:30,EST,Nuclear,5422.0
12/26/2015 01:30,EST,Other Fossil Fuels,38.0
12/26/2015 01:30,EST,Other Renewables,313.0
12/26/2015 01:30,EST,Wind,238.0
12/26/2015 01:35,EST,Dual Fuel,1824.0
12/26/2015 01:35,EST,Hydro,1991.0
12/26/2015 01:35,EST,Natural Gas,950.0
12/26/2015 01:35,EST,Nuclear,5423.0
12/26/2015 01:35,EST,Other Fossil Fuels,38.0
12/26/2015 01:35,EST,Other Renewables,314.0
12/26/2015 01:35,EST,Wind,231.0
12/26/2015 01:40,EST,Dual Fuel,1821.0
12/26/2015 01:40,EST,Hydro,1985.0
12/26/2015 01:40,EST,Natural Gas,953.0
12/26/2015 01:40,EST,Nuclear,5422.0
12/26/2015 01:40,EST,Other Fossil Fuels,38.0
12/26/2015 01:40,EST,Other Renewables,315.0
12/26/2015 01:40,EST,Wind,224.0
12/26/2015 01:45,EST,Dual Fuel,1821.0
12/26/2015 01:45,EST,Hydro,1975.0
12/26/2015 01:45,EST,Natural Gas,956.0
12/26/2015 01:45,EST,Nuclear,5422.0
12/26/2015 01:45,EST,Other Fossil Fuels,38.0
12/26/2015 01:45,EST,Other Renewables,318.0
12/26/2015 01:45,EST,Wind,218.0
12/26/2015 01:50,EST,Dual Fuel,1820.0
12/26/2015 01:50,EST,Hydro,1948.0
12/26/2015 01:50,EST,Natural Gas,954.0
12/26/2015 01:50,EST,Nuclear,5424.0
12/26/2015 01:50,EST,Other Fossil Fuels,38.0
12/26/2015 01:50,EST,Other Renewables,314.0
12/26/2015 01:50,EST,Wind,223.0
12/26/2015 01:55,EST,Dual Fuel,1822.0
12/26/2015 01:55,EST,Hydro,1921.0
12/26/2015 01:55,EST,Natural Gas,955.0
12/26/2015 01:55,EST,Nuclear,5423.0
12/26/2015 01:55,EST,Other Fossil Fuels,38.0
12/26/2015 01:55,EST,Other Renewables,318.0
12/26/2015 01:55,EST,Wind,234.0
12/26/2015 02:00,EST,Dual Fuel,1822.0
12/26/2015 02:00,EST,Hydro,1873.0
12/26/2015 02:00,EST,Natural Gas,952.0
12/26/2015 02:00,EST,Nuclear,5423.0
12/26/2015 02:00,EST,Other Fossil Fuels,38.0
12/26/2015 02:00,EST,Other Renewables,315.0
12/26/2015 02:00,EST,Wind,241.0
12/26/2015 02:05,EST,Dual Fuel,1830.0
12/26/2015 02:05,EST,Hydro,1802.0
12/26/2015 02:05,EST,Natural Gas,955.0
12/26/2015 02:05,EST,Nuclear,5424.0
12/26/2015 02:05,EST,Other Fossil Fuels,38.0
12/26/2015 02:05,EST,Other Renewables,313.0
12/26/2015 02:05,EST,Wind,247.0
12/26/2015 02:10,EST,Dual Fuel,1829.0
12/26/2015 02:10,EST,Hydro,1846.0
12/26/2015 02:10,EST,Natural Gas,954.0
12/26/2015 02:10,EST,Nuclear,5421.0
12/26/2015 02:10,EST,Other Fossil Fuels,38.0
12/26/2015 02:10,EST,Other Renewables,311.0
12/26/2015 02:10,EST,Wind,259.0
12/26/2015 02:15,EST,Dual Fuel,1826.0
12/26/2015 02:15,EST,Hydro,1820.0
12/26/2015 02:15,EST,Natural Gas,952.0
12/26/2015 02:15,EST,Nuclear,5422.0
12/26/2015 02:15,EST,Other Fossil Fuels,38.0
12/26/2015 02:15,EST,Other Renewables,305.0
12/26/2015 02:15,EST,Wind,256.0
12/26/2015 02:20,EST,Dual Fuel,1824.0
12/26/2015 02:20,EST,Hydro,1781.0
12/26/2015 02:20,EST,Natural Gas,952.0
12/26/2015 02:20,EST,Nuclear,5425.0
12/26/2015 02:20,EST,Other Fossil Fuels,38.0
12/26/2015 02:20,EST,Other Renewables,309.0
12/26/2015 02:20,EST,Wind,251.0
12/26/2015 02:25,EST,Dual Fuel,1823.0
12/26/2015 02:25,EST,Hydro,1730.0
12/26/2015 02:25,EST,Natural Gas,950.0
12/26/2015 02:25,EST,Nuclear,5424.0
12/26/2015 02:25,EST,Other Fossil Fuels,38.0
12/26/2015 02:25,EST,Other Renewables,313.0
12/26/2015 02:25,EST,Wind,244.0
12/26/2015 02:30,EST,Dual Fuel,1825.0
12/26/2015 02:30,EST,Hydro,1709.0
12/26/2015 02:30,EST,Natural Gas,949.0
12/26/2015 02:30,EST,Nuclear,5422.0
12/26/2015 02:30,EST,Other Fossil Fuels,38.0
12/26/2015 02:30,EST,Other Renewables,313.0
12/26/2015 02:30,EST,Wind,242.0
12/26/2015 02:35,EST,Dual Fuel,1827.0
12/26/2015 02:35,EST,Hydro,1710.0
12/26/2015 02:35,EST,Natural Gas,949.0
12/26/2015 02:35,EST,Nuclear,5422.0
12/26/2015 02:35,EST,Other Fossil Fuels,38.0
12/26/2015 02:35,EST,Other Renewables,314.0
12/26/2015 02:35,EST,Wind,235.0
12/26/2015 02:40,EST,Dual Fuel,1829.0
12/26/2015 02:40,EST,Hydro,1717.0
12/26/2015 02:40,EST,Natural Gas,950.0
12/26/2015 02:40,EST,Nuclear,5423.0
12/26/2015 02:40,EST,Other Fossil Fuels,38.0
12/26/2015 02:40,EST,Other Renewables,314.0
12/26/2015 02:40,EST,Wind,229.0
12/26/2015 02:45,EST,Dual Fuel,1827.0
12/26/2015 02:45,EST,Hydro,1708.0
12/26/2015 02:45,EST,Natural Gas,948.0
12/26/2015 02:45,EST,Nuclear,5421.0
12/26/2015 02:45,EST,Other Fossil Fuels,38.0
12/26/2015 02:45,EST,Other Renewables,310.0
12/26/2015 02:45,EST,Wind,221.0
12/26/2015 02:50,EST,Dual Fuel,1825.0
12/26/2015 02:50,EST,Hydro,1692.0
12/26/2015 02:50,EST,Natural Gas,947.0
12/26/2015 02:50,EST,Nuclear,5423.0
12/26/2015 02:50,EST,Other Fossil Fuels,38.0
12/26/2015 02:50,EST,Other Renewables,315.0
12/26/2015 02:50,EST,Wind,215.0
12/26/2015 02:55,EST,Dual Fuel,1824.0
12/26/2015 02:55,EST,Hydro,1663.0
12/26/2015 02:55,EST,Natural Gas,938.0
12/26/2015 02:55,EST,Nuclear,5423.0
12/26/2015 02:55,EST,Other Fossil Fuels,38.0
12/26/2015 02:55,EST,Other Renewables,310.0
12/26/2015 02:55,EST,Wind,210.0
12/26/2015 03:00,EST,Dual Fuel,1826.0
12/26/2015 03:00,EST,Hydro,1648.0
12/26/2015 03:00,EST,Natural Gas,936.0
12/26/2015 03:00,EST,Nuclear,5425.0
12/26/2015 03:00,EST,Other Fossil Fuels,38.0
12/26/2015 03:00,EST,Other Renewables,307.0
12/26/2015 03:00,EST,Wind,209.0
12/26/2015 03:05,EST,Dual Fuel,1826.0
12/26/2015 03:05,EST,Hydro,1728.0
12/26/2015 03:05,EST,Natural Gas,937.0
12/26/2015 03:05,EST,Nuclear,5423.0
12/26/2015 03:05,EST,Other Fossil Fuels,38.0
12/26/2015 03:05,EST,Other Renewables,309.0
12/26/2015 03:05,EST,Wind,206.0
12/26/2015 03:10,EST,Dual Fuel,1829.0
12/26/2015 03:10,EST,Hydro,1674.0
12/26/2015 03:10,EST,Natural Gas,937.0
12/26/2015 03:10,EST,Nuclear,5424.0
12/26/2015 03:10,EST,Other Fossil Fuels,38.0
12/26/2015 03:10,EST,Other Renewables,308.0
12/26/2015 03:10,EST,Wind,202.0
12/26/2015 03:15,EST,Dual Fuel,1829.0
12/26/2015 03:15,EST,Hydro,1656.0
12/26/2015 03:15,EST,Natural Gas,939.0
12/26/2015 03:15,EST,Nuclear,5424.0
12/26/2015 03:15,EST,Other Fossil Fuels,38.0
12/26/2015 03:15,EST,Other Renewables,305.0
12/26/2015 03:15,EST,Wind,195.0
12/26/2015 03:20,EST,Dual Fuel,1828.0
12/26/2015 03:20,EST,Hydro,1621.0
12/26/2015 03:20,EST,Natural Gas,936.0
12/26/2015 03:20,EST,Nuclear,5422.0
12/26/2015 03:20,EST,Other Fossil Fuels,38.0
12/26/2015 03:20,EST,Other Renewables,312.0
12/26/2015 03:20,EST,Wind,194.0
12/26/2015 03:25,EST,Dual Fuel,1827.0
12/26/2015 03:25,EST,Hydro,1579.0
12/26/2015 03:25,EST,Natural Gas,934.0
12/26/2015 03:25,EST,Nuclear,5423.0
12/26/2015 03:25,EST,Other Fossil Fuels,38.0
12/26/2015 03:25,EST,Other Renewables,308.0
12/26/2015 03:25,EST,Wind,199.0
12/26/2015 03:30,EST,Dual Fuel,1826.0
12/26/2015 03:30,EST,Hydro,1589.0
12/26/2015 03:30,EST,Natural Gas,937.0
12/26/2015 03:30,EST,Nuclear,5422.0
12/26/2015 03:30,EST,Other Fossil Fuels,38.0
12/26/2015 03:30,EST,Other Renewables,310.0
12/26/2015 03:30,EST,Wind,201.0
12/26/2015 03:35,EST,Dual Fuel,1824.0
12/26/2015 03:35,EST,Hydro,1581.0
12/26/2015 03:35,EST,Natural Gas,935.0
12/26/2015 03:35,EST,Nuclear,5422.0
12/26/2015 03:35,EST,Other Fossil Fuels,38.0
12/26/2015 03:35,EST,Other Renewables,309.0
12/26/2015 03:35,EST,Wind,200.0
12/26/2015 03:40,EST,Dual Fuel,1824.0
12/26/2015 03:40,EST,Hydro,1578.0
12/26/2015 03:40,EST,Natural Gas,936.0
12/26/2015 03:40,EST,Nuclear,5420.0
12/26/2015 03:40,EST,Other Fossil Fuels,38.0
12/26/2015 03:40,EST,Other Renewables,313.0
12/26/2015 03:40,EST,Wind,195.0
12/26/2015 03:45,EST,Dual Fuel,1824.0
12/26/2015 03:45,EST,Hydro,1619.0
12/26/2015 03:45,EST,Natural Gas,936.0
12/26/2015 03:45,EST,Nuclear,5416.0
12/26/2015 03:45,EST,Other Fossil Fuels,38.0
12/26/2015 03:45,EST,Other Renewables,316.0
12/26/2015 03:45,EST,Wind,184.0
12/26/2015 03:50,EST,Dual Fuel,1825.0
12/26/2015 03:50,EST,Hydro,1618.0
12/26/2015 03:50,EST,Natural Gas,939.0
12/26/2015 03:50,EST,Nuclear,5413.0
12/26/2015 03:50,EST,Other Fossil Fuels,38.0
12/26/2015 03:50,EST,Other Renewables,315.0
12/26/2015 03:50,EST,Wind,179.0
12/26/2015 03:55,EST,Dual Fuel,1824.0
12/26/2015 03:55,EST,Hydro,1627.0
12/26/2015 03:55,EST,Natural Gas,937.0
12/26/2015 03:55,EST,Nuclear,5416.0
12/26/2015 03:55,EST,Other Fossil Fuels,38.0
12/26/2015 03:55,EST,Other Renewables,312.0
12/26/2015 03:55,EST,Wind,183.0
12/26/2015 04:00,EST,Dual Fuel,1824.0
12/26/2015 04:00,EST,Hydro,1632.0
12/26/2015 04:00,EST,Natural Gas,940.0
12/26/2015 04:00,EST,Nuclear,5415.0
12/26/2015 04:00,EST,Other Fossil Fuels,38.0
12/26/2015 04:00,EST,Other Renewables,309.0
12/26/2015 04:00,EST,Wind,185.0
12/26/2015 04:05,EST,Dual Fuel,1822.0
12/26/2015 04:05,EST,Hydro,1626.0
12/26/2015 04:05,EST,Natural Gas,938.0
12/26/2015 04:05,EST,Nuclear,5418.0
12/26/2015 04:05,EST,Other Fossil Fuels,38.0
12/26/2015 04:05,EST,Other Renewables,311.0
12/26/2015 04:05,EST,Wind,190.0
12/26/2015 04:10,EST,Dual Fuel,1823.0
12/26/2015 04:10,EST,Hydro,1623.0
12/26/2015 04:10,EST,Natural Gas,938.0
12/26/2015 04:10,EST,Nuclear,5415.0
12/26/2015 04:10,EST,Other Fossil Fuels,38.0
12/26/2015 04:10,EST,Other Renewables,311.0
12/26/2015 04:10,EST,Wind,192.0
12/26/2015 04:15,EST,Dual Fuel,1822.0
12/26/2015 04:15,EST,Hydro,1625.0
12/26/2015 04:15,EST,Natural Gas,941.0
12/26/2015 04:15,EST,Nuclear,5416.0
12/26/2015 04:15,EST,Other Fossil Fuels,38.0
12/26/2015 04:15,EST,Other Renewables,312.0
12/26/2015 04:15,EST,Wind,191.0
12/26/2015 04:20,EST,Dual Fuel,1820.0
12/26/2015 04:20,EST,Hydro,1617.0
12/26/2015 04:20,EST,Natural Gas,939.0
12/26/2015 04:20,EST,Nuclear,5417.0
12/26/2015 04:20,EST,Other Fossil Fuels,38.0
12/26/2015 04:20,EST,Other Renewables,313.0
12/26/2015 04:20,EST,Wind,189.0
12/26/2015 04:25,EST,Dual Fuel,1818.0
12/26/2015 04:25,EST,Hydro,1610.0
12/26/2015 04:25,EST,Natural Gas,941.0
12/26/2015 04:25,EST,Nuclear,5415.0
12/26/2015 04:25,EST,Other Fossil Fuels,38.0
12/26/2015 04:25,EST,Other Renewables,316.0
12/26/2015 04:25,EST,Wind,197.0
12/26/2015 04:30,EST,Dual Fuel,1821.0
12/26/2015 04:30,EST,Hydro,1598.0
12/26/2015 04:30,EST,Natural Gas,1012.0
12/26/2015 04:30,EST,Nuclear,5421.0
12/26/2015 04:30,EST,Other Fossil Fuels,38.0
12/26/2015 04:30,EST,Other Renewables,316.0
12/26/2015 04:30,EST,Wind,199.0
12/26/2015 04:35,EST,Dual Fuel,1825.0
12/26/2015 04:35,EST,Hydro,1584.0
12/26/2015 04:35,EST,Natural Gas,1019.0
12/26/2015 04:35,EST,Nuclear,5420.0
12/26/2015 04:35,EST,Other Fossil Fuels,38.0
12/26/2015 04:35,EST,Other Renewables,316.0
12/26/2015 04:35,EST,Wind,193.0
12/26/2015 04:40,EST,Dual Fuel,1822.0
12/26/2015 04:40,EST,Hydro,1543.0
12/26/2015 04:40,EST,Natural Gas,1012.0
12/26/2015 04:40,EST,Nuclear,5418.0
12/26/2015 04:40,EST,Other Fossil Fuels,38.0
12/26/2015 04:40,EST,Other Renewables,314.0
12/26/2015 04:40,EST,Wind,185.0
12/26/2015 04:45,EST,Dual Fuel,1822.0
12/26/2015 04:45,EST,Hydro,1534.0
12/26/2015 04:45,EST,Natural Gas,1008.0
12/26/2015 04:45,EST,Nuclear,5416.0
12/26/2015 04:45,EST,Other Fossil Fuels,38.0
12/26/2015 04:45,EST,Other Renewables,312.0
12/26/2015 04:45,EST,Wind,176.0
12/26/2015 04:50,EST,Dual Fuel,1824.0
12/26/2015 04:50,EST,Hydro,1566.0
12/26/2015 04:50,EST,Natural Gas,1006.0
12/26/2015 04:50,EST,Nuclear,5417.0
12/26/2015 04:50,EST,Other Fossil Fuels,38.0
12/26/2015 04:50,EST,Other Renewables,314.0
12/26/2015 04:50,EST,Wind,175.0
12/26/2015 04:55,EST,Dual Fuel,1821.0
12/26/2015 04:55,EST,Hydro,1606.0
12/26/2015 04:55,EST,Natural Gas,1006.0
12/26/2015 04:55,EST,Nuclear,5417.0
12/26/2015 04:55,EST,Other Fossil Fuels,38.0
12/26/2015 04:55,EST,Other Renewables,313.0
12/26/2015 04:55,EST,Wind,172.0
12/26/2015 05:00,EST,Dual Fuel,1824.0
12/26/2015 05:00,EST,Hydro,1643.0
12/26/2015 05:00,EST,Natural Gas,1013.0
12/26/2015 05:00,EST,Nuclear,5422.0
12/26/2015 05:00,EST,Other Fossil Fuels,38.0
12/26/2015 05:00,EST,Other Renewables,314.0
12/26/2015 05:00,EST,Wind,167.0
12/26/2015 05:05,EST,Dual Fuel,1827.0
12/26/2015 05:05,EST,Hydro,1625.0
12/26/2015 05:05,EST,Natural Gas,1030.0
12/26/2015 05:05,EST,Nuclear,5423.0
12/26/2015 05:05,EST,Other Fossil Fuels,38.0
12/26/2015 05:05,EST,Other Renewables,317.0
12/26/2015 05:05,EST,Wind,164.0
12/26/2015 05:10,EST,Dual Fuel,1824.0
12/26/2015 05:10,EST,Hydro,1616.0
12/26/2015 05:10,EST,Natural Gas,1044.0
12/26/2015 05:10,EST,Nuclear,5424.0
12/26/2015 05:10,EST,Other Fossil Fuels,38.0
12/26/2015 05:10,EST,Other Renewables,315.0
12/26/2015 05:10,EST,Wind,166.0
12/26/2015 05:15,EST,Dual Fuel,1813.0
12/26/2015 05:15,EST,Hydro,1646.0
12/26/2015 05:15,EST,Natural Gas,1053.0
12/26/2015 05:15,EST,Nuclear,5424.0
12/26/2015 05:15,EST,Other Fossil Fuels,38.0
12/26/2015 05:15,EST,Other Renewables,317.0
12/26/2015 05:15,EST,Wind,174.0
12/26/2015 05:20,EST,Dual Fuel,1809.0
12/26/2015 05:20,EST,Hydro,1642.0
12/26/2015 05:20,EST,Natural Gas,1069.0
12/26/2015 05:20,EST,Nuclear,5424.0
12/26/2015 05:20,EST,Other Fossil Fuels,38.0
12/26/2015 05:20,EST,Other Renewables,316.0
12/26/2015 05:20,EST,Wind,189.0
12/26/2015 05:25,EST,Dual Fuel,1815.0
12/26/2015 05:25,EST,Hydro,1659.0
12/26/2015 05:25,EST,Natural Gas,1076.0
12/26/2015 05:25,EST,Nuclear,5424.0
12/26/2015 05:25,EST,Other Fossil Fuels,38.0
12/26/2015 05:25,EST,Other Renewables,319.0
12/26/2015 05:25,EST,Wind,196.0
12/26/2015 05:30,EST,Dual Fuel,1813.0
12/26/2015 05:30,EST,Hydro,1673.0
12/26/2015 05:30,EST,Natural Gas,1084.0
12/26/2015 05:30,EST,Nuclear,5423.0
12/26/2015 05:30,EST,Other Fossil Fuels,38.0
12/26/2015 05:30,EST,Other Renewables,322.0
12/26/2015 05:30,EST,Wind,206.0
12/26/2015 05:35,EST,Dual Fuel,1811.0
12/26/2015 05:35,EST,Hydro,1698.0
12/26/2015 05:35,EST,Natural Gas,1085.0
12/26/2015 05:35,EST,Nuclear,5425.0
12/26/2015 05:35,EST,Other Fossil Fuels,38.0
12/26/2015 05:35,EST,Other Renewables,321.0
12/26/2015 05:35,EST,Wind,226.0
12/26/2015 05:40,EST,Dual Fuel,1804.0
12/26/2015 05:40,EST,Hydro,1724.0
12/26/2015 05:40,EST,Natural Gas,1102.0
12/26/2015 05:40,EST,Nuclear,5421.0
12/26/2015 05:40,EST,Other Fossil Fuels,38.0
12/26/2015 05:40,EST,Other Renewables,320.0
12/26/2015 05:40,EST,Wind,243.0
12/26/2015 05:45,EST,Dual Fuel,1800.0
12/26/2015 05:45,EST,Hydro,1737.0
12/26/2015 05:45,EST,Natural Gas,1138.0
12/26/2015 05:45,EST,Nuclear,5422.0
12/26/2015 05:45,EST,Other Fossil Fuels,38.0
12/26/2015 05:45,EST,Other Renewables,317.0
12/26/2015 05:45,EST,Wind,252.0
12/26/2015 05:50,EST,Dual Fuel,1804.0
12/26/2015 05:50,EST,Hydro,1744.0
12/26/2015 05:50,EST,Natural Gas,1150.0
12/26/2015 05:50,EST,Nuclear,5427.0
12/26/2015 05:50,EST,Other Fossil Fuels,38.0
12/26/2015 05:50,EST,Other Renewables,317.0
12/26/2015 05:50,EST,Wind,250.0
12/26/2015 05:55,EST,Dual Fuel,1804.0
12/26/2015 05:55,EST,Hydro,1760.0
12/26/2015 05:55,EST,Natural Gas,1161.0
12/26/2015 05:55,EST,Nuclear,5424.0
12/26/2015 05:55,EST,Other Fossil Fuels,38.0
12/26/2015 05:55,EST,Other Renewables,318.0
12/26/2015 05:55,EST,Wind,257.0
12/26/2015 06:00,EST,Dual Fuel,1805.0
12/26/2015 06:00,EST,Hydro,1788.0
12/26/2015 06:00,EST,Natural Gas,1227.0
12/26/2015 06:00,EST,Nuclear,5425.0
12/26/2015 06:00,EST,Other Fossil Fuels,38.0
12/26/2015 06:00,EST,Other Renewables,319.0
12/26/2015 06:00,EST,Wind,263.0
12/26/2015 06:05,EST,Dual Fuel,1836.0
12/26/2015 06:05,EST,Hydro,1838.0
12/26/2015 06:05,EST,Natural Gas,1257.0
12/26/2015 06:05,EST,Nuclear,5425.0
12/26/2015 06:05,EST,Other Fossil Fuels,38.0
12/26/2015 06:05,EST,Other Renewables,320.0
12/26/2015 06:05,EST,Wind,259.0
12/26/2015 06:10,EST,Dual Fuel,1892.0
12/26/2015 06:10,EST,Hydro,1942.0
12/26/2015 06:10,EST,Natural Gas,1233.0
12/26/2015 06:10,EST,Nuclear,5424.0
12/26/2015 06:10,EST,Other Fossil Fuels,38.0
12/26/2015 06:10,EST,Other Renewables,316.0
12/26/2015 06:10,EST,Wind,260.0
12/26/2015 06:15,EST,Dual Fuel,1853.0
12/26/2015 06:15,EST,Hydro,1986.0
12/26/2015 06:15,EST,Natural Gas,1241.0
12/26/2015 06:15,EST,Nuclear,5425.0
12/26/2015 06:15,EST,Other Fossil Fuels,38.0
12/26/2015 06:15,EST,Other Renewables,314.0
12/26/2015 06:15,EST,Wind,260.0
12/26/2015 06:20,EST,Dual Fuel,1836.0
12/26/2015 06:20,EST,Hydro,2014.0
12/26/2015 06:20,EST,Natural Gas,1264.0
12/26/2015 06:20,EST,Nuclear,5424.0
12/26/2015 06:20,EST,Other Fossil Fuels,38.0
12/26/2015 06:20,EST,Other Renewables,316.0
12/26/2015 06:20,EST,Wind,261.0
12/26/2015 06:25,EST,Dual Fuel,1823.0
12/26/2015 06:25,EST,Hydro,2048.0
12/26/2015 06:25,EST,Natural Gas,1273.0
12/26/2015 06:25,EST,Nuclear,5425.0
12/26/2015 06:25,EST,Other Fossil Fuels,38.0
12/26/2015 06:25,EST,Other Renewables,315.0
12/26/2015 06:25,EST,Wind,265.0
12/26/2015 06:30,EST,Dual Fuel,1814.0
12/26/2015 06:30,EST,Hydro,2032.0
12/26/2015 06:30,EST,Natural Gas,1275.0
12/26/2015 06:30,EST,Nuclear,5425.0
12/26/2015 06:30,EST,Other Fossil Fuels,38.0
12/26/2015 06:30,EST,Other Renewables,314.0
12/26/2015 06:30,EST,Wind,266.0
12/26/2015 06:35,EST,Dual Fuel,1820.0
12/26/2015 06:35,EST,Hydro,2068.0
12/26/2015 06:35,EST,Natural Gas,1303.0
12/26/2015 06:35,EST,Nuclear,5424.0
12/26/2015 06:35,EST,Other Fossil Fuels,38.0
12/26/2015 06:35,EST,Other Renewables,315.0
12/26/2015 06:35,EST,Wind,263.0
12/26/2015 06:40,EST,Dual Fuel,1813.0
12/26/2015 06:40,EST,Hydro,2144.0
12/26/2015 06:40,EST,Natural Gas,1346.0
12/26/2015 06:40,EST,Nuclear,5425.0
12/26/2015 06:40,EST,Other Fossil Fuels,38.0
12/26/2015 06:40,EST,Other Renewables,312.0
12/26/2015 06:40,EST,Wind,264.0
12/26/2015 06:45,EST,Dual Fuel,1811.0
12/26/2015 06:45,EST,Hydro,2178.0
12/26/2015 06:45,EST,Natural Gas,1370.0
12/26/2015 06:45,EST,Nuclear,5427.0
12/26/2015 06:45,EST,Other Fossil Fuels,38.0
12/26/2015 06:45,EST,Other Renewables,313.0
12/26/2015 06:45,EST,Wind,262.0
12/26/2015 06:50,EST,Dual Fuel,1812.0
12/26/2015 06:50,EST,Hydro,2201.0
12/26/2015 06:50,EST,Natural Gas,1385.0
12/26/2015 06:50,EST,Nuclear,5424.0
12/26/2015 06:50,EST,Other Fossil Fuels,38.0
12/26/2015 06:50,EST,Other Renewables,315.0
12/26/2015 06:50,EST,Wind,267.0
12/26/2015 06:55,EST,Dual Fuel,1817.0
12/26/2015 06:55,EST,Hydro,2219.0
12/26/2015 06:55,EST,Natural Gas,1391.0
12/26/2015 06:55,EST,Nuclear,5424.0
12/26/2015 06:55,EST,Other Fossil Fuels,38.0
12/26/2015 06:55,EST,Other Renewables,319.0
12/26/2015 06:55,EST,Wind,272.0
12/26/2015 07:00,EST,Dual Fuel,1832.0
12/26/2015 07:00,EST,Hydro,2286.0
12/26/2015 07:00,EST,Natural Gas,1411.0
12/26/2015 07:00,EST,Nuclear,5423.0
12/26/2015 07:00,EST,Other Fossil Fuels,38.0
12/26/2015 07:00,EST,Other Renewables,313.0
12/26/2015 07:00,EST,Wind,279.0
12/26/2015 07:05,EST,Dual Fuel,1853.0
12/26/2015 07:05,EST,Hydro,2287.0
12/26/2015 07:05,EST,Natural Gas,1437.0
12/26/2015 07:05,EST,Nuclear,5422.0
12/26/2015 07:05,EST,Other Fossil Fuels,38.0
12/26/2015 07:05,EST,Other Renewables,313.0
12/26/2015 07:05,EST,Wind,290.0
12/26/2015 07:10,EST,Dual Fuel,1833.0
12/26/2015 07:10,EST,Hydro,2380.0
12/26/2015 07:10,EST,Natural Gas,1452.0
12/26/2015 07:10,EST,Nuclear,5424.0
12/26/2015 07:10,EST,Other Fossil Fuels,38.0
12/26/2015 07:10,EST,Other Renewables,315.0
12/26/2015 07:10,EST,Wind,293.0
12/26/2015 07:15,EST,Dual Fuel,1821.0
12/26/2015 07:15,EST,Hydro,2449.0
12/26/2015 07:15,EST,Natural Gas,1479.0
12/26/2015 07:15,EST,Nuclear,5425.0
12/26/2015 07:15,EST,Other Fossil Fuels,38.0
12/26/2015 07:15,EST,Other Renewables,306.0
12/26/2015 07:15,EST,Wind,293.0
12/26/2015 07:20,EST,Dual Fuel,1837.0
12/26/2015 07:20,EST,Hydro,2519.0
12/26/2015 07:20,EST,Natural Gas,1489.0
12/26/2015 07:20,EST,Nuclear,5423.0
12/26/2015 07:20,EST,Other Fossil Fuels,38.0
12/26/2015 07:20,EST,Other Renewables,312.0
12/26/2015 07:20,EST,Wind,293.0
12/26/2015 07:25,EST,Dual Fuel,1837.0
12/26/2015 07:25,EST,Hydro,2534.0
12/26/2015 07:25,EST,Natural Gas,1488.0
12/26/2015 07:25,EST,Nuclear,5424.0
12/26/2015 07:25,EST,Other Fossil Fuels,38.0
12/26/2015 07:25,EST,Other Renewables,309.0
12/26/2015 07:25,EST,Wind,295.0
12/26/2015 07:30,EST,Dual Fuel,1844.0
12/26/2015 07:30,EST,Hydro,2528.0
12/26/2015 07:30,EST,Natural Gas,1461.0
12/26/2015 07:30,EST,Nuclear,5424.0
12/26/2015 07:30,EST,Other Fossil Fuels,38.0
12/26/2015 07:30,EST,Other Renewables,309.0
12/26/2015 07:30,EST,Wind,293.0
12/26/2015 07:35,EST,Dual Fuel,1842.0
12/26/2015 07:35,EST,Hydro,2567.0
12/26/2015 07:35,EST,Natural Gas,1462.0
12/26/2015 07:35,EST,Nuclear,5424.0
12/26/2015 07:35,EST,Other Fossil Fuels,38.0
12/26/2015 07:35,EST,Other Renewables,315.0
12/26/2015 07:35,EST,Wind,285.0
12/26/2015 07:40,EST,Dual Fuel,1844.0
12/26/2015 07:40,EST,Hydro,2592.0
12/26/2015 07:40,EST,Natural Gas,1496.0
12/26/2015 07:40,EST,Nuclear,5425.0
12/26/2015 07:40,EST,Other Fossil Fuels,38.0
12/26/2015 07:40,EST,Other Renewables,317.0
12/26/2015 07:40,EST,Wind,281.0
12/26/2015 07:45,EST,Dual Fuel,1902.0
12/26/2015 07:45,EST,Hydro,2552.0
12/26/2015 07:45,EST,Natural Gas,1514.0
12/26/2015 07:45,EST,Nuclear,5425.0
12/26/2015 07:45,EST,Other Fossil Fuels,38.0
12/26/2015 07:45,EST,Other Renewables,318.0
12/26/2015 07:45,EST,Wind,277.0
12/26/2015 07:50,EST,Dual Fuel,2021.0
12/26/2015 07:50,EST,Hydro,2444.0
12/26/2015 07:50,EST,Natural Gas,1504.0
12/26/2015 07:50,EST,Nuclear,5427.0
12/26/2015 07:50,EST,Other Fossil Fuels,38.0
12/26/2015 07:50,EST,Other Renewables,317.0
12/26/2015 07:50,EST,Wind,284.0
12/26/2015 07:55,EST,Dual Fuel,2069.0
12/26/2015 07:55,EST,Hydro,2386.0
12/26/2015 07:55,EST,Natural Gas,1493.0
12/26/2015 07:55,EST,Nuclear,5426.0
12/26/2015 07:55,EST,Other Fossil Fuels,38.0
12/26/2015 07:55,EST,Other Renewables,324.0
12/26/2015 07:55,EST,Wind,282.0
12/26/2015 08:00,EST,Dual Fuel,2092.0
12/26/2015 08:00,EST,Hydro,2373.0
12/26/2015 08:00,EST,Natural Gas,1472.0
12/26/2015 08:00,EST,Nuclear,5424.0
12/26/2015 08:00,EST,Other Fossil Fuels,38.0
12/26/2015 08:00,EST,Other Renewables,320.0
12/26/2015 08:00,EST,Wind,270.0
12/26/2015 08:05,EST,Dual Fuel,2123.0
12/26/2015 08:05,EST,Hydro,2504.0
12/26/2015 08:05,EST,Natural Gas,1507.0
12/26/2015 08:05,EST,Nuclear,5426.0
12/26/2015 08:05,EST,Other Fossil Fuels,38.0
12/26/2015 08:05,EST,Other Renewables,315.0
12/26/2015 08:05,EST,Wind,265.0
12/26/2015 08:10,EST,Dual Fuel,2155.0
12/26/2015 08:10,EST,Hydro,2608.0
12/26/2015 08:10,EST,Natural Gas,1480.0
12/26/2015 08:10,EST,Nuclear,5423.0
12/26/2015 08:10,EST,Other Fossil Fuels,40.0
12/26/2015 08:10,EST,Other Renewables,313.0
12/26/2015 08:10,EST,Wind,258.0
12/26/2015 08:15,EST,Dual Fuel,2147.0
12/26/2015 08:15,EST,Hydro,2726.0
12/26/2015 08:15,EST,Natural Gas,1503.0
12/26/2015 08:15,EST,Nuclear,5424.0
12/26/2015 08:15,EST,Other Fossil Fuels,42.0
12/26/2015 08:15,EST,Other Renewables,311.0
12/26/2015 08:15,EST,Wind,253.0
12/26/2015 08:20,EST,Dual Fuel,2131.0
12/26/2015 08:20,EST,Hydro,2813.0
12/26/2015 08:20,EST,Natural Gas,1529.0
12/26/2015 08:20,EST,Nuclear,5425.0
12/26/2015 08:20,EST,Other Fossil Fuels,44.0
12/26/2015 08:20,EST,Other Renewables,310.0
12/26/2015 08:20,EST,Wind,251.0
12/26/2015 08:25,EST,Dual Fuel,2130.0
12/26/2015 08:25,EST,Hydro,2856.0
12/26/2015 08:25,EST,Natural Gas,1544.0
12/26/2015 08:25,EST,Nuclear,5425.0
12/26/2015 08:25,EST,Other Fossil Fuels,46.0
12/26/2015 08:25,EST,Other Renewables,312.0
12/26/2015 08:25,EST,Wind,249.0
12/26/2015 08:30,EST,Dual Fuel,2155.0
12/26/2015 08:30,EST,Hydro,2898.0
12/26/2015 08:30,EST,Natural Gas,1551.0
12/26/2015 08:30,EST,Nuclear,5425.0
12/26/2015 08:30,EST,Other Fossil Fuels,49.0
12/26/2015 08:30,EST,Other Renewables,311.0
12/26/2015 08:30,EST,Wind,254.0
12/26/2015 08:35,EST,Dual Fuel,2203.0
12/26/2015 08:35,EST,Hydro,3004.0
12/26/2015 08:35,EST,Natural Gas,1566.0
12/26/2015 08:35,EST,Nuclear,5428.0
12/26/2015 08:35,EST,Other Fossil Fuels,51.0
12/26/2015 08:35,EST,Other Renewables,315.0
12/26/2015 08:35,EST,Wind,251.0
12/26/2015 08:40,EST,Dual Fuel,2202.0
12/26/2015 08:40,EST,Hydro,3121.0
12/26/2015 08:40,EST,Natural Gas,1553.0
12/26/2015 08:40,EST,Nuclear,5427.0
12/26/2015 08:40,EST,Other Fossil Fuels,53.0
12/26/2015 08:40,EST,Other Renewables,313.0
12/26/2015 08:40,EST,Wind,249.0
12/26/2015 08:45,EST,Dual Fuel,2207.0
12/26/2015 08:45,EST,Hydro,3214.0
12/26/2015 08:45,EST,Natural Gas,1534.0
12/26/2015 08:45,EST,Nuclear,5425.0
12/26/2015 08:45,EST,Other Fossil Fuels,53.0
12/26/2015 08:45,EST,Other Renewables,317.0
12/26/2015 08:45,EST,Wind,247.0
12/26/2015 08:50,EST,Dual Fuel,2274.0
12/26/2015 08:50,EST,Hydro,3244.0
12/26/2015 08:50,EST,Natural Gas,1557.0
12/26/2015 08:50,EST,Nuclear,5423.0
12/26/2015 08:50,EST,Other Fossil Fuels,53.0
12/26/2015 08:50,EST,Other Renewables,304.0
12/26/2015 08:50,EST,Wind,251.0
12/26/2015 08:55,EST,Dual Fuel,2333.0
12/26/2015 08:55,EST,Hydro,3208.0
12/26/2015 08:55,EST,Natural Gas,1595.0
12/26/2015 08:55,EST,Nuclear,5426.0
12/26/2015 08:55,EST,Other Fossil Fuels,53.0
12/26/2015 08:55,EST,Other Renewables,306.0
12/26/2015 08:55,EST,Wind,253.0
12/26/2015 09:00,EST,Dual Fuel,2297.0
12/26/2015 09:00,EST,Hydro,3181.0
12/26/2015 09:00,EST,Natural Gas,1637.0
12/26/2015 09:00,EST,Nuclear,5427.0
12/26/2015 09:00,EST,Other Fossil Fuels,54.0
12/26/2015 09:00,EST,Other Renewables,309.0
12/26/2015 09:00,EST,Wind,251.0
12/26/2015 09:05,EST,Dual Fuel,2250.0
12/26/2015 09:05,EST,Hydro,3066.0
12/26/2015 09:05,EST,Natural Gas,1637.0
12/26/2015 09:05,EST,Nuclear,5429.0
12/26/2015 09:05,EST,Other Fossil Fuels,55.0
12/26/2015 09:05,EST,Other Renewables,307.0
12/26/2015 09:05,EST,Wind,246.0
12/26/2015 09:10,EST,Dual Fuel,2294.0
12/26/2015 09:10,EST,Hydro,2964.0
12/26/2015 09:10,EST,Natural Gas,1664.0
12/26/2015 09:10,EST,Nuclear,5425.0
12/26/2015 09:10,EST,Other Fossil Fuels,56.0
12/26/2015 09:10,EST,Other Renewables,309.0
12/26/2015 09:10,EST,Wind,245.0
12/26/2015 09:15,EST,Dual Fuel,2297.0
12/26/2015 09:15,EST,Hydro,2908.0
12/26/2015 09:15,EST,Natural Gas,1644.0
12/26/2015 09:15,EST,Nuclear,5427.0
12/26/2015 09:15,EST,Other Fossil Fuels,55.0
12/26/2015 09:15,EST,Other Renewables,309.0
12/26/2015 09:15,EST,Wind,248.0
12/26/2015 09:20,EST,Dual Fuel,2302.0
12/26/2015 09:20,EST,Hydro,2961.0
12/26/2015 09:20,EST,Natural Gas,1654.0
12/26/2015 09:20,EST,Nuclear,5424.0
12/26/2015 09:20,EST,Other Fossil Fuels,55.0
12/26/2015 09:20,EST,Other Renewables,310.0
12/26/2015 09:20,EST,Wind,252.0
12/26/2015 09:25,EST,Dual Fuel,2336.0
12/26/2015 09:25,EST,Hydro,2990.0
12/26/2015 09:25,EST,Natural Gas,1668.0
12/26/2015 09:25,EST,Nuclear,5425.0
12/26/2015 09:25,EST,Other Fossil Fuels,55.0
12/26/2015 09:25,EST,Other Renewables,309.0
12/26/2015 09:25,EST,Wind,251.0
12/26/2015 09:30,EST,Dual Fuel,2372.0
12/26/2015 09:30,EST,Hydro,2978.0
12/26/2015 09:30,EST,Natural Gas,1687.0
12/26/2015 09:30,EST,Nuclear,5428.0
12/26/2015 09:30,EST,Other Fossil Fuels,55.0
12/26/2015 09:30,EST,Other Renewables,311.0
12/26/2015 09:30,EST,Wind,246.0
12/26/2015 09:35,EST,Dual Fuel,2376.0
12/26/2015 09:35,EST,Hydro,3005.0
12/26/2015 09:35,EST,Natural Gas,1698.0
12/26/2015 09:35,EST,Nuclear,5425.0
12/26/2015 09:35,EST,Other Fossil Fuels,55.0
12/26/2015 09:35,EST,Other Renewables,314.0
12/26/2015 09:35,EST,Wind,243.0
12/26/2015 09:40,EST,Dual Fuel,2374.0
12/26/2015 09:40,EST,Hydro,3112.0
12/26/2015 09:40,EST,Natural Gas,1672.0
12/26/2015 09:40,EST,Nuclear,5425.0
12/26/2015 09:40,EST,Other Fossil Fuels,55.0
12/26/2015 09:40,EST,Other Renewables,313.0
12/26/2015 09:40,EST,Wind,240.0
12/26/2015 09:45,EST,Dual Fuel,2375.0
12/26/2015 09:45,EST,Hydro,3144.0
12/26/2015 09:45,EST,Natural Gas,1667.0
12/26/2015 09:45,EST,Nuclear,5426.0
12/26/2015 09:45,EST,Other Fossil Fuels,55.0
12/26/2015 09:45,EST,Other Renewables,310.0
12/26/2015 09:45,EST,Wind,242.0
12/26/2015 09:50,EST,Dual Fuel,2390.0
12/26/2015 09:50,EST,Hydro,3155.0
12/26/2015 09:50,EST,Natural Gas,1699.0
12/26/2015 09:50,EST,Nuclear,5425.0
12/26/2015 09:50,EST,Other Fossil Fuels,55.0
12/26/2015 09:50,EST,Other Renewables,322.0
12/26/2015 09:50,EST,Wind,246.0
12/26/2015 09:55,EST,Dual Fuel,2401.0
12/26/2015 09:55,EST,Hydro,3195.0
12/26/2015 09:55,EST,Natural Gas,1717.0
12/26/2015 09:55,EST,Nuclear,5427.0
12/26/2015 09:55,EST,Other Fossil Fuels,55.0
12/26/2015 09:55,EST,Other Renewables,324.0
12/26/2015 09:55,EST,Wind,246.0
12/26/2015 10:00,EST,Dual Fuel,2417.0
12/26/2015 10:00,EST,Hydro,3211.0
12/26/2015 10:00,EST,Natural Gas,1728.0
12/26/2015 10:00,EST,Nuclear,5423.0
12/26/2015 10:00,EST,Other Fossil Fuels,55.0
12/26/2015 10:00,EST,Other Renewables,323.0
12/26/2015 10:00,EST,Wind,241.0
12/26/2015 10:05,EST,Dual Fuel,2401.0
12/26/2015 10:05,EST,Hydro,3199.0
12/26/2015 10:05,EST,Natural Gas,1740.0
12/26/2015 10:05,EST,Nuclear,5428.0
12/26/2015 10:05,EST,Other Fossil Fuels,55.0
12/26/2015 10:05,EST,Other Renewables,322.0
12/26/2015 10:05,EST,Wind,248.0
12/26/2015 10:10,EST,Dual Fuel,2395.0
12/26/2015 10:10,EST,Hydro,3220.0
12/26/2015 10:10,EST,Natural Gas,1744.0
12/26/2015 10:10,EST,Nuclear,5427.0
12/26/2015 10:10,EST,Other Fossil Fuels,55.0
12/26/2015 10:10,EST,Other Renewables,320.0
12/26/2015 10:10,EST,Wind,253.0
12/26/2015 10:15,EST,Dual Fuel,2381.0
12/26/2015 10:15,EST,Hydro,3245.0
12/26/2015 10:15,EST,Natural Gas,1742.0
12/26/2015 10:15,EST,Nuclear,5425.0
12/26/2015 10:15,EST,Other Fossil Fuels,55.0
12/26/2015 10:15,EST,Other Renewables,313.0
12/26/2015 10:15,EST,Wind,245.0
12/26/2015 10:20,EST,Dual Fuel,2383.0
12/26/2015 10:20,EST,Hydro,3270.0
12/26/2015 10:20,EST,Natural Gas,1745.0
12/26/2015 10:20,EST,Nuclear,5425.0
12/26/2015 10:20,EST,Other Fossil Fuels,55.0
12/26/2015 10:20,EST,Other Renewables,318.0
12/26/2015 10:20,EST,Wind,239.0
12/26/2015 10:25,EST,Dual Fuel,2377.0
12/26/2015 10:25,EST,Hydro,3245.0
12/26/2015 10:25,EST,Natural Gas,1742.0
12/26/2015 10:25,EST,Nuclear,5424.0
12/26/2015 10:25,EST,Other Fossil Fuels,55.0
12/26/2015 10:25,EST,Other Renewables,323.0
12/26/2015 10:25,EST,Wind,225.0
12/26/2015 10:30,EST,Dual Fuel,2382.0
12/26/2015 10:30,EST,Hydro,3261.0
12/26/2015 10:30,EST,Natural Gas,1742.0
12/26/2015 10:30,EST,Nuclear,5425.0
12/26/2015 10:30,EST,Other Fossil Fuels,56.0
12/26/2015 10:30,EST,Other Renewables,326.0
12/26/2015 10:30,EST,Wind,204.0
12/26/2015 10:35,EST,Dual Fuel,2404.0
12/26/2015 10:35,EST,Hydro,3307.0
12/26/2015 10:35,EST,Natural Gas,1743.0
12/26/2015 10:35,EST,Nuclear,5424.0
12/26/2015 10:35,EST,Other Fossil Fuels,55.0
12/26/2015 10:35,EST,Other Renewables,328.0
12/26/2015 10:35,EST,Wind,193.0
12/26/2015 10:40,EST,Dual Fuel,2387.0
12/26/2015 10:40,EST,Hydro,3333.0
12/26/2015 10:40,EST,Natural Gas,1743.0
12/26/2015 10:40,EST,Nuclear,5426.0
12/26/2015 10:40,EST,Other Fossil Fuels,55.0
12/26/2015 10:40,EST,Other Renewables,324.0
12/26/2015 10:40,EST,Wind,185.0
12/26/2015 10:45,EST,Dual Fuel,2389.0
12/26/2015 10:45,EST,Hydro,3392.0
12/26/2015 10:45,EST,Natural Gas,1742.0
12/26/2015 10:45,EST,Nuclear,5427.0
12/26/2015 10:45,EST,Other Fossil Fuels,55.0
12/26/2015 10:45,EST,Other Renewables,318.0
12/26/2015 10:45,EST,Wind,176.0
12/26/2015 10:50,EST,Dual Fuel,2382.0
12/26/2015 10:50,EST,Hydro,3431.0
12/26/2015 10:50,EST,Natural Gas,1745.0
12/26/2015 10:50,EST,Nuclear,5425.0
12/26/2015 10:50,EST,Other Fossil Fuels,55.0
12/26/2015 10:50,EST,Other Renewables,313.0
12/26/2015 10:50,EST,Wind,172.0
12/26/2015 10:55,EST,Dual Fuel,2379.0
12/26/2015 10:55,EST,Hydro,3480.0
12/26/2015 10:55,EST,Natural Gas,1743.0
12/26/2015 10:55,EST,Nuclear,5425.0
12/26/2015 10:55,EST,Other Fossil Fuels,55.0
12/26/2015 10:55,EST,Other Renewables,309.0
12/26/2015 10:55,EST,Wind,175.0
12/26/2015 11:00,EST,Dual Fuel,2387.0
12/26/2015 11:00,EST,Hydro,3562.0
12/26/2015 11:00,EST,Natural Gas,1738.0
12/26/2015 11:00,EST,Nuclear,5427.0
12/26/2015 11:00,EST,Other Fossil Fuels,55.0
12/26/2015 11:00,EST,Other Renewables,312.0
12/26/2015 11:00,EST,Wind,172.0
12/26/2015 11:05,EST,Dual Fuel,2381.0
12/26/2015 11:05,EST,Hydro,3711.0
12/26/2015 11:05,EST,Natural Gas,1721.0
12/26/2015 11:05,EST,Nuclear,5422.0
12/26/2015 11:05,EST,Other Fossil Fuels,55.0
12/26/2015 11:05,EST,Other Renewables,318.0
12/26/2015 11:05,EST,Wind,163.0
12/26/2015 11:10,EST,Dual Fuel,2385.0
12/26/2015 11:10,EST,Hydro,3833.0
12/26/2015 11:10,EST,Natural Gas,1714.0
12/26/2015 11:10,EST,Nuclear,5424.0
12/26/2015 11:10,EST,Other Fossil Fuels,56.0
12/26/2015 11:10,EST,Other Renewables,314.0
12/26/2015 11:10,EST,Wind,158.0
12/26/2015 11:15,EST,Dual Fuel,2375.0
12/26/2015 11:15,EST,Hydro,3891.0
12/26/2015 11:15,EST,Natural Gas,1709.0
12/26/2015 11:15,EST,Nuclear,5423.0
12/26/2015 11:15,EST,Other Fossil Fuels,56.0
12/26/2015 11:15,EST,Other Renewables,308.0
12/26/2015 11:15,EST,Wind,166.0
12/26/2015 11:20,EST,Dual Fuel,2389.0
12/26/2015 11:20,EST,Hydro,3881.0
12/26/2015 11:20,EST,Natural Gas,1714.0
12/26/2015 11:20,EST,Nuclear,5425.0
12/26/2015 11:20,EST,Other Fossil Fuels,55.0
12/26/2015 11:20,EST,Other Renewables,312.0
12/26/2015 11:20,EST,Wind,173.0
12/26/2015 11:25,EST,Dual Fuel,2403.0
12/26/2015 11:25,EST,Hydro,3870.0
12/26/2015 11:25,EST,Natural Gas,1728.0
12/26/2015 11:25,EST,Nuclear,5426.0
12/26/2015 11:25,EST,Other Fossil Fuels,55.0
12/26/2015 11:25,EST,Other Renewables,311.0
12/26/2015 11:25,EST,Wind,180.0
12/26/2015 11:30,EST,Dual Fuel,2426.0
12/26/2015 11:30,EST,Hydro,3860.0
12/26/2015 11:30,EST,Natural Gas,1733.0
12/26/2015 11:30,EST,Nuclear,5427.0
12/26/2015 11:30,EST,Other Fossil Fuels,56.0
12/26/2015 11:30,EST,Other Renewables,310.0
12/26/2015 11:30,EST,Wind,190.0
12/26/2015 11:35,EST,Dual Fuel,2416.0
12/26/2015 11:35,EST,Hydro,3875.0
12/26/2015 11:35,EST,Natural Gas,1735.0
12/26/2015 11:35,EST,Nuclear,5424.0
12/26/2015 11:35,EST,Other Fossil Fuels,56.0
12/26/2015 11:35,EST,Other Renewables,311.0
12/26/2015 11:35,EST,Wind,194.0
12/26/2015 11:40,EST,Dual Fuel,2441.0
12/26/2015 11:40,EST,Hydro,3874.0
12/26/2015 11:40,EST,Natural Gas,1736.0
12/26/2015 11:40,EST,Nuclear,5424.0
12/26/2015 11:40,EST,Other Fossil Fuels,56.0
12/26/2015 11:40,EST,Other Renewables,311.0
12/26/2015 11:40,EST,Wind,203.0
12/26/2015 11:45,EST,Dual Fuel,2429.0
12/26/2015 11:45,EST,Hydro,3870.0
12/26/2015 11:45,EST,Natural Gas,1723.0
12/26/2015 11:45,EST,Nuclear,5424.0
12/26/2015 11:45,EST,Other Fossil Fuels,55.0
12/26/2015 11:45,EST,Other Renewables,310.0
12/26/2015 11:45,EST,Wind,211.0
12/26/2015 11:50,EST,Dual Fuel,2432.0
12/26/2015 11:50,EST,Hydro,3878.0
12/26/2015 11:50,EST,Natural Gas,1727.0
12/26/2015 11:50,EST,Nuclear,5424.0
12/26/2015 11:50,EST,Other Fossil Fuels,55.0
12/26/2015 11:50,EST,Other Renewables,313.0
12/26/2015 11:50,EST,Wind,205.0
12/26/2015 11:55,EST,Dual Fuel,2444.0
12/26/2015 11:55,EST,Hydro,3897.0
12/26/2015 11:55,EST,Natural Gas,1733.0
12/26/2015 11:55,EST,Nuclear,5425.0
12/26/2015 11:55,EST,Other Fossil Fuels,56.0
12/26/2015 11:55,EST,Other Renewables,315.0
12/26/2015 11:55,EST,Wind,201.0
12/26/2015 12:00,EST,Dual Fuel,2433.0
12/26/2015 12:00,EST,Hydro,3940.0
12/26/2015 12:00,EST,Natural Gas,1717.0
12/26/2015 12:00,EST,Nuclear,5426.0
12/26/2015 12:00,EST,Other Fossil Fuels,55.0
12/26/2015 12:00,EST,Other Renewables,315.0
12/26/2015 12:00,EST,Wind,199.0
12/26/2015 12:05,EST,Dual Fuel,2468.0
12/26/2015 12:05,EST,Hydro,4062.0
12/26/2015 12:05,EST,Natural Gas,1702.0
12/26/2015 12:05,EST,Nuclear,5425.0
12/26/2015 12:05,EST,Other Fossil Fuels,55.0
12/26/2015 12:05,EST,Other Renewables,313.0
12/26/2015 12:05,EST,Wind,200.0
12/26/2015 12:10,EST,Dual Fuel,2457.0
12/26/2015 12:10,EST,Hydro,4151.0
12/26/2015 12:10,EST,Natural Gas,1684.0
12/26/2015 12:10,EST,Nuclear,5424.0
12/26/2015 12:10,EST,Other Fossil Fuels,56.0
12/26/2015 12:10,EST,Other Renewables,313.0
12/26/2015 12:10,EST,Wind,200.0
12/26/2015 12:15,EST,Dual Fuel,2447.0
12/26/2015 12:15,EST,Hydro,4192.0
12/26/2015 12:15,EST,Natural Gas,1675.0
12/26/2015 12:15,EST,Nuclear,5426.0
12/26/2015 12:15,EST,Other Fossil Fuels,55.0
12/26/2015 12:15,EST,Other Renewables,314.0
12/26/2015 12:15,EST,Wind,191.0
12/26/2015 12:20,EST,Dual Fuel,2459.0
12/26/2015 12:20,EST,Hydro,4177.0
12/26/2015 12:20,EST,Natural Gas,1681.0
12/26/2015 12:20,EST,Nuclear,5424.0
12/26/2015 12:20,EST,Other Fossil Fuels,55.0
12/26/2015 12:20,EST,Other Renewables,311.0
12/26/2015 12:20,EST,Wind,181.0
12/26/2015 12:25,EST,Dual Fuel,2466.0
12/26/2015 12:25,EST,Hydro,4183.0
12/26/2015 12:25,EST,Natural Gas,1685.0
12/26/2015 12:25,EST,Nuclear,5426.0
12/26/2015 12:25,EST,Other Fossil Fuels,55.0
12/26/2015 12:25,EST,Other Renewables,311.0
12/26/2015 12:25,EST,Wind,185.0
12/26/2015 12:30,EST,Dual Fuel,2488.0
12/26/2015 12:30,EST,Hydro,4177.0
12/26/2015 12:30,EST,Natural Gas,1690.0
12/26/2015 12:30,EST,Nuclear,5424.0
12/26/2015 12:30,EST,Other Fossil Fuels,55.0
12/26/2015 12:30,EST,Other Renewables,311.0
12/26/2015 12:30,EST,Wind,182.0
12/26/2015 12:35,EST,Dual Fuel,2477.0
12/26/2015 12:35,EST,Hydro,4177.0
12/26/2015 12:35,EST,Natural Gas,1672.0
12/26/2015 12:35,EST,Nuclear,5424.0
12/26/2015 12:35,EST,Other Fossil Fuels,55.0
12/26/2015 12:35,EST,Other Renewables,307.0
12/26/2015 12:35,EST,Wind,186.0
12/26/2015 12:40,EST,Dual Fuel,2480.0
12/26/2015 12:40,EST,Hydro,4190.0
12/26/2015 12:40,EST,Natural Gas,1677.0
12/26/2015 12:40,EST,Nuclear,5422.0
12/26/2015 12:40,EST,Other Fossil Fuels,55.0
12/26/2015 12:40,EST,Other Renewables,311.0
12/26/2015 12:40,EST,Wind,195.0
12/26/2015 12:45,EST,Dual Fuel,2476.0
12/26/2015 12:45,EST,Hydro,4184.0
12/26/2015 12:45,EST,Natural Gas,1674.0
12/26/2015 12:45,EST,Nuclear,5423.0
12/26/2015 12:45,EST,Other Fossil Fuels,55.0
12/26/2015 12:45,EST,Other Renewables,311.0
12/26/2015 12:45,EST,Wind,194.0
12/26/2015 12:50,EST,Dual Fuel,2473.0
12/26/2015 12:50,EST,Hydro,4189.0
12/26/2015 12:50,EST,Natural Gas,1673.0
12/26/2015 12:50,EST,Nuclear,5425.0
12/26/2015 12:50,EST,Other Fossil Fuels,55.0
12/26/2015 12:50,EST,Other Renewables,314.0
12/26/2015 12:50,EST,Wind,194.0
12/26/2015 12:55,EST,Dual Fuel,2464.0
12/26/2015 12:55,EST,Hydro,4187.0
12/26/2015 12:55,EST,Natural Gas,1672.0
12/26/2015 12:55,EST,Nuclear,5423.0
12/26/2015 12:55,EST,Other Fossil Fuels,55.0
12/26/2015 12:55,EST,Other Renewables,315.0
12/26/2015 12:55,EST,Wind,203.0
12/26/2015 13:00,EST,Dual Fuel,2499.0
12/26/2015 13:00,EST,Hydro,4170.0
12/26/2015 13:00,EST,Natural Gas,1657.0
12/26/2015 13:00,EST,Nuclear,5422.0
12/26/2015 13:00,EST,Other Fossil Fuels,55.0
12/26/2015 13:00,EST,Other Renewables,316.0
12/26/2015 13:00,EST,Wind,216.0
12/26/2015 13:05,EST,Dual Fuel,2605.0
12/26/2015 13:05,EST,Hydro,4124.0
12/26/2015 13:05,EST,Natural Gas,1624.0
12/26/2015 13:05,EST,Nuclear,5425.0
12/26/2015 13:05,EST,Other Fossil Fuels,55.0
12/26/2015 13:05,EST,Other Renewables,315.0
12/26/2015 13:05,EST,Wind,216.0
12/26/2015 13:10,EST,Dual Fuel,2674.0
12/26/2015 13:10,EST,Hydro,4120.0
12/26/2015 13:10,EST,Natural Gas,1611.0
12/26/2015 13:10,EST,Nuclear,5423.0
12/26/2015 13:10,EST,Other Fossil Fuels,55.0
12/26/2015 13:10,EST,Other Renewables,318.0
12/26/2015 13:10,EST,Wind,209.0
12/26/2015 13:15,EST,Dual Fuel,2743.0
12/26/2015 13:15,EST,Hydro,4133.0
12/26/2015 13:15,EST,Natural Gas,1628.0
12/26/2015 13:15,EST,Nuclear,5424.0
12/26/2015 13:15,EST,Other Fossil Fuels,55.0
12/26/2015 13:15,EST,Other Renewables,313.0
12/26/2015 13:15,EST,Wind,218.0
12/26/2015 13:20,EST,Dual Fuel,2739.0
12/26/2015 13:20,EST,Hydro,4127.0
12/26/2015 13:20,EST,Natural Gas,1628.0
12/26/2015 13:20,EST,Nuclear,5422.0
12/26/2015 13:20,EST,Other Fossil Fuels,55.0
12/26/2015 13:20,EST,Other Renewables,317.0
12/26/2015 13:20,EST,Wind,209.0
12/26/2015 13:25,EST,Dual Fuel,2743.0
12/26/2015 13:25,EST,Hydro,4124.0
12/26/2015 13:25,EST,Natural Gas,1628.0
12/26/2015 13:25,EST,Nuclear,5426.0
12/26/2015 13:25,EST,Other Fossil Fuels,55.0
12/26/2015 13:25,EST,Other Renewables,319.0
12/26/2015 13:25,EST,Wind,205.0
12/26/2015 13:30,EST,Dual Fuel,2719.0
12/26/2015 13:30,EST,Hydro,4128.0
12/26/2015 13:30,EST,Natural Gas,1634.0
12/26/2015 13:30,EST,Nuclear,5423.0
12/26/2015 13:30,EST,Other Fossil Fuels,55.0
12/26/2015 13:30,EST,Other Renewables,318.0
12/26/2015 13:30,EST,Wind,201.0
12/26/2015 13:35,EST,Dual Fuel,2708.0
12/26/2015 13:35,EST,Hydro,4118.0
12/26/2015 13:35,EST,Natural Gas,1628.0
12/26/2015 13:35,EST,Nuclear,5423.0
12/26/2015 13:35,EST,Other Fossil Fuels,55.0
12/26/2015 13:35,EST,Other Renewables,315.0
12/26/2015 13:35,EST,Wind,206.0
12/26/2015 13:40,EST,Dual Fuel,2683.0
12/26/2015 13:40,EST,Hydro,4117.0
12/26/2015 13:40,EST,Natural Gas,1626.0
12/26/2015 13:40,EST,Nuclear,5423.0
12/26/2015 13:40,EST,Other Fossil Fuels,55.0
12/26/2015 13:40,EST,Other Renewables,316.0
12/26/2015 13:40,EST,Wind,205.0
12/26/2015 13:45,EST,Dual Fuel,2691.0
12/26/2015 13:45,EST,Hydro,4131.0
12/26/2015 13:45,EST,Natural Gas,1633.0
12/26/2015 13:45,EST,Nuclear,5424.0
12/26/2015 13:45,EST,Other Fossil Fuels,55.0
12/26/2015 13:45,EST,Other Renewables,316.0
12/26/2015 13:45,EST,Wind,206.0
12/26/2015 13:50,EST,Dual Fuel,2652.0
12/26/2015 13:50,EST,Hydro,4113.0
12/26/2015 13:50,EST,Natural Gas,1628.0
12/26/2015 13:50,EST,Nuclear,5425.0
12/26/2015 13:50,EST,Other Fossil Fuels,55.0
12/26/2015 13:50,EST,Other Renewables,311.0
12/26/2015 13:50,EST,Wind,210.0
12/26/2015 13:55,EST,Dual Fuel,2631.0
12/26/2015 13:55,EST,Hydro,4128.0
12/26/2015 13:55,EST,Natural Gas,1634.0
12/26/2015 13:55,EST,Nuclear,5427.0
12/26/2015 13:55,EST,Other Fossil Fuels,55.0
12/26/2015 13:55,EST,Other Renewables,310.0
12/26/2015 13:55,EST,Wind,218.0
12/26/2015 14:00,EST,Dual Fuel,2597.0
12/26/2015 14:00,EST,Hydro,4090.0
12/26/2015 14:00,EST,Natural Gas,1623.0
12/26/2015 14:00,EST,Nuclear,5425.0
12/26/2015 14:00,EST,Other Fossil Fuels,55.0
12/26/2015 14:00,EST,Other Renewables,313.0
12/26/2015 14:00,EST,Wind,225.0
12/26/2015 14:05,EST,Dual Fuel,2541.0
12/26/2015 14:05,EST,Hydro,4089.0
12/26/2015 14:05,EST,Natural Gas,1615.0
12/26/2015 14:05,EST,Nuclear,5423.0
12/26/2015 14:05,EST,Other Fossil Fuels,55.0
12/26/2015 14:05,EST,Other Renewables,313.0
12/26/2015 14:05,EST,Wind,234.0
12/26/2015 14:10,EST,Dual Fuel,2512.0
12/26/2015 14:10,EST,Hydro,4079.0
12/26/2015 14:10,EST,Natural Gas,1615.0
12/26/2015 14:10,EST,Nuclear,5424.0
12/26/2015 14:10,EST,Other Fossil Fuels,56.0
12/26/2015 14:10,EST,Other Renewables,311.0
12/26/2015 14:10,EST,Wind,237.0
12/26/2015 14:15,EST,Dual Fuel,2505.0
12/26/2015 14:15,EST,Hydro,4119.0
12/26/2015 14:15,EST,Natural Gas,1612.0
12/26/2015 14:15,EST,Nuclear,5426.0
12/26/2015 14:15,EST,Other Fossil Fuels,55.0
12/26/2015 14:15,EST,Other Renewables,310.0
12/26/2015 14:15,EST,Wind,249.0
12/26/2015 14:20,EST,Dual Fuel,2510.0
12/26/2015 14:20,EST,Hydro,4119.0
12/26/2015 14:20,EST,Natural Gas,1609.0
12/26/2015 14:20,EST,Nuclear,5426.0
12/26/2015 14:20,EST,Other Fossil Fuels,56.0
12/26/2015 14:20,EST,Other Renewables,311.0
12/26/2015 14:20,EST,Wind,265.0
12/26/2015 14:25,EST,Dual Fuel,2502.0
12/26/2015 14:25,EST,Hydro,4096.0
12/26/2015 14:25,EST,Natural Gas,1611.0
12/26/2015 14:25,EST,Nuclear,5425.0
12/26/2015 14:25,EST,Other Fossil Fuels,55.0
12/26/2015 14:25,EST,Other Renewables,311.0
12/26/2015 14:25,EST,Wind,284.0
12/26/2015 14:30,EST,Dual Fuel,2519.0
12/26/2015 14:30,EST,Hydro,4104.0
12/26/2015 14:30,EST,Natural Gas,1611.0
12/26/2015 14:30,EST,Nuclear,5425.0
12/26/2015 14:30,EST,Other Fossil Fuels,55.0
12/26/2015 14:30,EST,Other Renewables,312.0
12/26/2015 14:30,EST,Wind,294.0
12/26/2015 14:35,EST,Dual Fuel,2573.0
12/26/2015 14:35,EST,Hydro,4128.0
12/26/2015 14:35,EST,Natural Gas,1613.0
12/26/2015 14:35,EST,Nuclear,5424.0
12/26/2015 14:35,EST,Other Fossil Fuels,56.0
12/26/2015 14:35,EST,Other Renewables,317.0
12/26/2015 14:35,EST,Wind,296.0
12/26/2015 14:40,EST,Dual Fuel,2575.0
12/26/2015 14:40,EST,Hydro,4112.0
12/26/2015 14:40,EST,Natural Gas,1610.0
12/26/2015 14:40,EST,Nuclear,5422.0
12/26/2015 14:40,EST,Other Fossil Fuels,56.0
12/26/2015 14:40,EST,Other Renewables,317.0
12/26/2015 14:40,EST,Wind,298.0
12/26/2015 14:45,EST,Dual Fuel,2558.0
12/26/2015 14:45,EST,Hydro,4110.0
12/26/2015 14:45,EST,Natural Gas,1614.0
12/26/2015 14:45,EST,Nuclear,5422.0
12/26/2015 14:45,EST,Other Fossil Fuels,55.0
12/26/2015 14:45,EST,Other Renewables,316.0
12/26/2015 14:45,EST,Wind,304.0
12/26/2015 14:50,EST,Dual Fuel,2567.0
12/26/2015 14:50,EST,Hydro,4110.0
12/26/2015 14:50,EST,Natural Gas,1614.0
12/26/2015 14:50,EST,Nuclear,5418.0
12/26/2015 14:50,EST,Other Fossil Fuels,56.0
12/26/2015 14:50,EST,Other Renewables,318.0
12/26/2015 14:50,EST,Wind,316.0
12/26/2015 14:55,EST,Dual Fuel,2553.0
12/26/2015 14:55,EST,Hydro,4085.0
12/26/2015 14:55,EST,Natural Gas,1612.0
12/26/2015 14:55,EST,Nuclear,5419.0
12/26/2015 14:55,EST,Other Fossil Fuels,55.0
12/26/2015 14:55,EST,Other Renewables,318.0
12/26/2015 14:55,EST,Wind,321.0
12/26/2015 15:00,EST,Dual Fuel,2537.0
12/26/2015 15:00,EST,Hydro,4062.0
12/26/2015 15:00,EST,Natural Gas,1611.0
12/26/2015 15:00,EST,Nuclear,5423.0
12/26/2015 15:00,EST,Other Fossil Fuels,56.0
12/26/2015 15:00,EST,Other Renewables,318.0
12/26/2015 15:00,EST,Wind,326.0
12/26/2015 15:05,EST,Dual Fuel,2491.0
12/26/2015 15:05,EST,Hydro,4080.0
12/26/2015 15:05,EST,Natural Gas,1618.0
12/26/2015 15:05,EST,Nuclear,5422.0
12/26/2015 15:05,EST,Other Fossil Fuels,56.0
12/26/2015 15:05,EST,Other Renewables,317.0
12/26/2015 15:05,EST,Wind,322.0
12/26/2015 15:10,EST,Dual Fuel,2485.0
12/26/2015 15:10,EST,Hydro,4097.0
12/26/2015 15:10,EST,Natural Gas,1627.0
12/26/2015 15:10,EST,Nuclear,5420.0
12/26/2015 15:10,EST,Other Fossil Fuels,55.0
12/26/2015 15:10,EST,Other Renewables,315.0
12/26/2015 15:10,EST,Wind,334.0
12/26/2015 15:15,EST,Dual Fuel,2495.0
12/26/2015 15:15,EST,Hydro,4095.0
12/26/2015 15:15,EST,Natural Gas,1631.0
12/26/2015 15:15,EST,Nuclear,5422.0
12/26/2015 15:15,EST,Other Fossil Fuels,55.0
12/26/2015 15:15,EST,Other Renewables,312.0
12/26/2015 15:15,EST,Wind,327.0
12/26/2015 15:20,EST,Dual Fuel,2513.0
12/26/2015 15:20,EST,Hydro,4105.0
12/26/2015 15:20,EST,Natural Gas,1642.0
12/26/2015 15:20,EST,Nuclear,5422.0
12/26/2015 15:20,EST,Other Fossil Fuels,56.0
12/26/2015 15:20,EST,Other Renewables,311.0
12/26/2015 15:20,EST,Wind,326.0
12/26/2015 15:25,EST,Dual Fuel,2536.0
12/26/2015 15:25,EST,Hydro,4117.0
12/26/2015 15:25,EST,Natural Gas,1646.0
12/26/2015 15:25,EST,Nuclear,5424.0
12/26/2015 15:25,EST,Other Fossil Fuels,56.0
12/26/2015 15:25,EST,Other Renewables,315.0
12/26/2015 15:25,EST,Wind,324.0
12/26/2015 15:30,EST,Dual Fuel,2580.0
12/26/2015 15:30,EST,Hydro,4106.0
12/26/2015 15:30,EST,Natural Gas,1642.0
12/26/2015 15:30,EST,Nuclear,5423.0
12/26/2015 15:30,EST,Other Fossil Fuels,55.0
12/26/2015 15:30,EST,Other Renewables,320.0
12/26/2015 15:30,EST,Wind,330.0
12/26/2015 15:35,EST,Dual Fuel,2615.0
12/26/2015 15:35,EST,Hydro,4101.0
12/26/2015 15:35,EST,Natural Gas,1643.0
12/26/2015 15:35,EST,Nuclear,5423.0
12/26/2015 15:35,EST,Other Fossil Fuels,56.0
12/26/2015 15:35,EST,Other Renewables,321.0
12/26/2015 15:35,EST,Wind,341.0
12/26/2015 15:40,EST,Dual Fuel,2663.0
12/26/2015 15:40,EST,Hydro,4104.0
12/26/2015 15:40,EST,Natural Gas,1644.0
12/26/2015 15:40,EST,Nuclear,5423.0
12/26/2015 15:40,EST,Other Fossil Fuels,56.0
12/26/2015 15:40,EST,Other Renewables,314.0
12/26/2015 15:40,EST,Wind,363.0
12/26/2015 15:45,EST,Dual Fuel,2650.0
12/26/2015 15:45,EST,Hydro,4085.0
12/26/2015 15:45,EST,Natural Gas,1639.0
12/26/2015 15:45,EST,Nuclear,5419.0
12/26/2015 15:45,EST,Other Fossil Fuels,56.0
12/26/2015 15:45,EST,Other Renewables,309.0
12/26/2015 15:45,EST,Wind,386.0
12/26/2015 15:50,EST,Dual Fuel,2651.0
12/26/2015 15:50,EST,Hydro,4074.0
12/26/2015 15:50,EST,Natural Gas,1637.0
12/26/2015 15:50,EST,Nuclear,5423.0
12/26/2015 15:50,EST,Other Fossil Fuels,56.0
12/26/2015 15:50,EST,Other Renewables,312.0
12/26/2015 15:50,EST,Wind,394.0
12/26/2015 15:55,EST,Dual Fuel,2649.0
12/26/2015 15:55,EST,Hydro,4087.0
12/26/2015 15:55,EST,Natural Gas,1652.0
12/26/2015 15:55,EST,Nuclear,5420.0
12/26/2015 15:55,EST,Other Fossil Fuels,56.0
12/26/2015 15:55,EST,Other Renewables,314.0
12/26/2015 15:55,EST,Wind,405.0
12/26/2015 16:00,EST,Dual Fuel,2631.0
12/26/2015 16:00,EST,Hydro,4107.0
12/26/2015 16:00,EST,Natural Gas,1663.0
12/26/2015 16:00,EST,Nuclear,5421.0
12/26/2015 16:00,EST,Other Fossil Fuels,56.0
12/26/2015 16:00,EST,Other Renewables,312.0
12/26/2015 16:00,EST,Wind,418.0
12/26/2015 16:05,EST,Dual Fuel,2657.0
12/26/2015 16:05,EST,Hydro,4056.0
12/26/2015 16:05,EST,Natural Gas,1720.0
12/26/2015 16:05,EST,Nuclear,5421.0
12/26/2015 16:05,EST,Other Fossil Fuels,55.0
12/26/2015 16:05,EST,Other Renewables,310.0
12/26/2015 16:05,EST,Wind,438.0
12/26/2015 16:10,EST,Dual Fuel,2681.0
12/26/2015 16:10,EST,Hydro,4022.0
12/26/2015 16:10,EST,Natural Gas,1795.0
12/26/2015 16:10,EST,Nuclear,5420.0
12/26/2015 16:10,EST,Other Fossil Fuels,55.0
12/26/2015 16:10,EST,Other Renewables,313.0
12/26/2015 16:10,EST,Wind,452.0
12/26/2015 16:15,EST,Dual Fuel,2672.0
12/26/2015 16:15,EST,Hydro,4092.0
12/26/2015 16:15,EST,Natural Gas,1801.0
12/26/2015 16:15,EST,Nuclear,5423.0
12/26/2015 16:15,EST,Other Fossil Fuels,56.0
12/26/2015 16:15,EST,Other Renewables,313.0
12/26/2015 16:15,EST,Wind,461.0
12/26/2015 16:20,EST,Dual Fuel,2688.0
12/26/2015 16:20,EST,Hydro,4133.0
12/26/2015 16:20,EST,Natural Gas,1814.0
12/26/2015 16:20,EST,Nuclear,5421.0
12/26/2015 16:20,EST,Other Fossil Fuels,56.0
12/26/2015 16:20,EST,Other Renewables,313.0
12/26/2015 16:20,EST,Wind,467.0
12/26/2015 16:25,EST,Dual Fuel,2794.0
12/26/2015 16:25,EST,Hydro,4201.0
12/26/2015 16:25,EST,Natural Gas,1897.0
12/26/2015 16:25,EST,Nuclear,5422.0
12/26/2015 16:25,EST,Other Fossil Fuels,56.0
12/26/2015 16:25,EST,Other Renewables,312.0
12/26/2015 16:25,EST,Wind,460.0
12/26/2015 16:30,EST,Dual Fuel,2922.0
12/26/2015 16:30,EST,Hydro,4194.0
12/26/2015 16:30,EST,Natural Gas,1918.0
12/26/2015 16:30,EST,Nuclear,5420.0
12/26/2015 16:30,EST,Other Fossil Fuels,56.0
12/26/2015 16:30,EST,Other Renewables,308.0
12/26/2015 16:30,EST,Wind,464.0
12/26/2015 16:35,EST,Dual Fuel,3028.0
12/26/2015 16:35,EST,Hydro,4208.0
12/26/2015 16:35,EST,Natural Gas,1938.0
12/26/2015 16:35,EST,Nuclear,5419.0
12/26/2015 16:35,EST,Other Fossil Fuels,56.0
12/26/2015 16:35,EST,Other Renewables,307.0
12/26/2015 16:35,EST,Wind,468.0
12/26/2015 16:40,EST,Dual Fuel,3148.0
12/26/2015 16:40,EST,Hydro,4216.0
12/26/2015 16:40,EST,Natural Gas,1939.0
12/26/2015 16:40,EST,Nuclear,5422.0
12/26/2015 16:40,EST,Other Fossil Fuels,56.0
12/26/2015 16:40,EST,Other Renewables,306.0
12/26/2015 16:40,EST,Wind,476.0
12/26/2015 16:45,EST,Dual Fuel,3275.0
12/26/2015 16:45,EST,Hydro,4204.0
12/26/2015 16:45,EST,Natural Gas,1931.0
12/26/2015 16:45,EST,Nuclear,5420.0
12/26/2015 16:45,EST,Other Fossil Fuels,56.0
12/26/2015 16:45,EST,Other Renewables,309.0
12/26/2015 16:45,EST,Wind,478.0
12/26/2015 16:50,EST,Dual Fuel,3423.0
12/26/2015 16:50,EST,Hydro,4159.0
12/26/2015 16:50,EST,Natural Gas,1888.0
12/26/2015 16:50,EST,Nuclear,5422.0
12/26/2015 16:50,EST,Other Fossil Fuels,56.0
12/26/2015 16:50,EST,Other Renewables,308.0
12/26/2015 16:50,EST,Wind,474.0
12/26/2015 16:55,EST,Dual Fuel,3563.0
12/26/2015 16:55,EST,Hydro,4141.0
12/26/2015 16:55,EST,Natural Gas,1852.0
12/26/2015 16:55,EST,Nuclear,5422.0
12/26/2015 16:55,EST,Other Fossil Fuels,56.0
12/26/2015 16:55,EST,Other Renewables,307.0
12/26/2015 16:55,EST,Wind,485.0
12/26/2015 17:00,EST,Dual Fuel,3614.0
12/26/2015 17:00,EST,Hydro,4137.0
12/26/2015 17:00,EST,Natural Gas,1883.0
12/26/2015 17:00,EST,Nuclear,5420.0
12/26/2015 17:00,EST,Other Fossil Fuels,56.0
12/26/2015 17:00,EST,Other Renewables,312.0
12/26/2015 17:00,EST,Wind,476.0
12/26/2015 17:05,EST,Dual Fuel,3588.0
12/26/2015 17:05,EST,Hydro,4052.0
12/26/2015 17:05,EST,Natural Gas,1963.0
12/26/2015 17:05,EST,Nuclear,5419.0
12/26/2015 17:05,EST,Other Fossil Fuels,55.0
12/26/2015 17:05,EST,Other Renewables,314.0
12/26/2015 17:05,EST,Wind,465.0
12/26/2015 17:10,EST,Dual Fuel,3639.0
12/26/2015 17:10,EST,Hydro,4044.0
12/26/2015 17:10,EST,Natural Gas,1972.0
12/26/2015 17:10,EST,Nuclear,5423.0
12/26/2015 17:10,EST,Other Fossil Fuels,56.0
12/26/2015 17:10,EST,Other Renewables,313.0
12/26/2015 17:10,EST,Wind,469.0
12/26/2015 17:15,EST,Dual Fuel,3662.0
12/26/2015 17:15,EST,Hydro,4025.0
12/26/2015 17:15,EST,Natural Gas,1964.0
12/26/2015 17:15,EST,Nuclear,5421.0
12/26/2015 17:15,EST,Other Fossil Fuels,56.0
12/26/2015 17:15,EST,Other Renewables,313.0
12/26/2015 17:15,EST,Wind,468.0
12/26/2015 17:20,EST,Dual Fuel,3666.0
12/26/2015 17:20,EST,Hydro,4038.0
12/26/2015 17:20,EST,Natural Gas,1900.0
12/26/2015 17:20,EST,Nuclear,5422.0
12/26/2015 17:20,EST,Other Fossil Fuels,56.0
12/26/2015 17:20,EST,Other Renewables,313.0
12/26/2015 17:20,EST,Wind,477.0
12/26/2015 17:25,EST,Dual Fuel,3614.0
12/26/2015 17:25,EST,Hydro,4047.0
12/26/2015 17:25,EST,Natural Gas,1897.0
12/26/2015 17:25,EST,Nuclear,5421.0
12/26/2015 17:25,EST,Other Fossil Fuels,56.0
12/26/2015 17:25,EST,Other Renewables,316.0
12/26/2015 17:25,EST,Wind,485.0
12/26/2015 17:30,EST,Dual Fuel,3630.0
12/26/2015 17:30,EST,Hydro,4106.0
12/26/2015 17:30,EST,Natural Gas,1925.0
12/26/2015 17:30,EST,Nuclear,5419.0
12/26/2015 17:30,EST,Other Fossil Fuels,56.0
12/26/2015 17:30,EST,Other Renewables,312.0
12/26/2015 17:30,EST,Wind,482.0
12/26/2015 17:35,EST,Dual Fuel,3653.0
12/26/2015 17:35,EST,Hydro,4092.0
12/26/2015 17:35,EST,Natural Gas,1918.0
12/26/2015 17:35,EST,Nuclear,5422.0
12/26/2015 17:35,EST,Other Fossil Fuels,56.0
12/26/2015 17:35,EST,Other Renewables,313.0
12/26/2015 17:35,EST,Wind,482.0
12/26/2015 17:40,EST,Dual Fuel,3637.0
12/26/2015 17:40,EST,Hydro,4089.0
12/26/2015 17:40,EST,Natural Gas,1922.0
12/26/2015 17:40,EST,Nuclear,5422.0
12/26/2015 17:40,EST,Other Fossil Fuels,56.0
12/26/2015 17:40,EST,Other Renewables,311.0
12/26/2015 17:40,EST,Wind,463.0
12/26/2015 17:45,EST,Dual Fuel,3617.0
12/26/2015 17:45,EST,Hydro,4141.0
12/26/2015 17:45,EST,Natural Gas,1952.0
12/26/2015 17:45,EST,Nuclear,5421.0
12/26/2015 17:45,EST,Other Fossil Fuels,56.0
12/26/2015 17:45,EST,Other Renewables,317.0
12/26/2015 17:45,EST,Wind,438.0
12/26/2015 17:50,EST,Dual Fuel,3608.0
12/26/2015 17:50,EST,Hydro,4213.0
12/26/2015 17:50,EST,Natural Gas,1972.0
12/26/2015 17:50,EST,Nuclear,5420.0
12/26/2015 17:50,EST,Other Fossil Fuels,56.0
12/26/2015 17:50,EST,Other Renewables,318.0
12/26/2015 17:50,EST,Wind,433.0
12/26/2015 17:55,EST,Dual Fuel,3643.0
12/26/2015 17:55,EST,Hydro,4214.0
12/26/2015 17:55,EST,Natural Gas,1961.0
12/26/2015 17:55,EST,Nuclear,5421.0
12/26/2015 17:55,EST,Other Fossil Fuels,56.0
12/26/2015 17:55,EST,Other Renewables,319.0
12/26/2015 17:55,EST,Wind,421.0
12/26/2015 18:00,EST,Dual Fuel,3660.0
12/26/2015 18:00,EST,Hydro,4217.0
12/26/2015 18:00,EST,Natural Gas,1957.0
12/26/2015 18:00,EST,Nuclear,5422.0
12/26/2015 18:00,EST,Other Fossil Fuels,56.0
12/26/2015 18:00,EST,Other Renewables,322.0
12/26/2015 18:00,EST,Wind,422.0
12/26/2015 18:05,EST,Dual Fuel,3707.0
12/26/2015 18:05,EST,Hydro,4197.0
12/26/2015 18:05,EST,Natural Gas,1946.0
12/26/2015 18:05,EST,Nuclear,5423.0
12/26/2015 18:05,EST,Other Fossil Fuels,56.0
12/26/2015 18:05,EST,Other Renewables,319.0
12/26/2015 18:05,EST,Wind,417.0
12/26/2015 18:10,EST,Dual Fuel,3729.0
12/26/2015 18:10,EST,Hydro,4239.0
12/26/2015 18:10,EST,Natural Gas,1982.0
12/26/2015 18:10,EST,Nuclear,5421.0
12/26/2015 18:10,EST,Other Fossil Fuels,56.0
12/26/2015 18:10,EST,Other Renewables,319.0
12/26/2015 18:10,EST,Wind,410.0
12/26/2015 18:15,EST,Dual Fuel,3715.0
12/26/2015 18:15,EST,Hydro,4260.0
12/26/2015 18:15,EST,Natural Gas,2001.0
12/26/2015 18:15,EST,Nuclear,5421.0
12/26/2015 18:15,EST,Other Fossil Fuels,56.0
12/26/2015 18:15,EST,Other Renewables,315.0
12/26/2015 18:15,EST,Wind,406.0
12/26/2015 18:20,EST,Dual Fuel,3680.0
12/26/2015 18:20,EST,Hydro,4267.0
12/26/2015 18:20,EST,Natural Gas,1994.0
12/26/2015 18:20,EST,Nuclear,5421.0
12/26/2015 18:20,EST,Other Fossil Fuels,57.0
12/26/2015 18:20,EST,Other Renewables,314.0
12/26/2015 18:20,EST,Wind,408.0
12/26/2015 18:25,EST,Dual Fuel,3657.0
12/26/2015 18:25,EST,Hydro,4221.0
12/26/2015 18:25,EST,Natural Gas,1960.0
12/26/2015 18:25,EST,Nuclear,5421.0
12/26/2015 18:25,EST,Other Fossil Fuels,58.0
12/26/2015 18:25,EST,Other Renewables,316.0
12/26/2015 18:25,EST,Wind,409.0
12/26/2015 18:30,EST,Dual Fuel,3621.0
12/26/2015 18:30,EST,Hydro,4218.0
12/26/2015 18:30,EST,Natural Gas,1930.0
12/26/2015 18:30,EST,Nuclear,5420.0
12/26/2015 18:30,EST,Other Fossil Fuels,57.0
12/26/2015 18:30,EST,Other Renewables,316.0
12/26/2015 18:30,EST,Wind,414.0
12/26/2015 18:35,EST,Dual Fuel,3639.0
12/26/2015 18:35,EST,Hydro,4198.0
12/26/2015 18:35,EST,Natural Gas,1913.0
12/26/2015 18:35,EST,Nuclear,5420.0
12/26/2015 18:35,EST,Other Fossil Fuels,57.0
12/26/2015 18:35,EST,Other Renewables,316.0
12/26/2015 18:35,EST,Wind,409.0
12/26/2015 18:40,EST,Dual Fuel,3634.0
12/26/2015 18:40,EST,Hydro,4205.0
12/26/2015 18:40,EST,Natural Gas,1918.0
12/26/2015 18:40,EST,Nuclear,5424.0
12/26/2015 18:40,EST,Other Fossil Fuels,57.0
12/26/2015 18:40,EST,Other Renewables,315.0
12/26/2015 18:40,EST,Wind,408.0
12/26/2015 18:45,EST,Dual Fuel,3607.0
12/26/2015 18:45,EST,Hydro,4161.0
12/26/2015 18:45,EST,Natural Gas,1899.0
12/26/2015 18:45,EST,Nuclear,5421.0
12/26/2015 18:45,EST,Other Fossil Fuels,57.0
12/26/2015 18:45,EST,Other Renewables,316.0
12/26/2015 18:45,EST,Wind,409.0
12/26/2015 18:50,EST,Dual Fuel,3575.0
12/26/2015 18:50,EST,Hydro,4171.0
12/26/2015 18:50,EST,Natural Gas,1913.0
12/26/2015 18:50,EST,Nuclear,5423.0
12/26/2015 18:50,EST,Other Fossil Fuels,57.0
12/26/2015 18:50,EST,Other Renewables,318.0
12/26/2015 18:50,EST,Wind,414.0
12/26/2015 18:55,EST,Dual Fuel,3551.0
12/26/2015 18:55,EST,Hydro,4190.0
12/26/2015 18:55,EST,Natural Gas,1935.0
12/26/2015 18:55,EST,Nuclear,5420.0
12/26/2015 18:55,EST,Other Fossil Fuels,57.0
12/26/2015 18:55,EST,Other Renewables,321.0
12/26/2015 18:55,EST,Wind,415.0
12/26/2015 19:00,EST,Dual Fuel,3550.0
12/26/2015 19:00,EST,Hydro,4221.0
12/26/2015 19:00,EST,Natural Gas,1952.0
12/26/2015 19:00,EST,Nuclear,5422.0
12/26/2015 19:00,EST,Other Fossil Fuels,57.0
12/26/2015 19:00,EST,Other Renewables,319.0
12/26/2015 19:00,EST,Wind,416.0
12/26/2015 19:05,EST,Dual Fuel,3593.0
12/26/2015 19:05,EST,Hydro,4252.0
12/26/2015 19:05,EST,Natural Gas,1948.0
12/26/2015 19:05,EST,Nuclear,5423.0
12/26/2015 19:05,EST,Other Fossil Fuels,58.0
12/26/2015 19:05,EST,Other Renewables,321.0
12/26/2015 19:05,EST,Wind,422.0
12/26/2015 19:10,EST,Dual Fuel,3633.0
12/26/2015 19:10,EST,Hydro,4262.0
12/26/2015 19:10,EST,Natural Gas,1950.0
12/26/2015 19:10,EST,Nuclear,5421.0
12/26/2015 19:10,EST,Other Fossil Fuels,58.0
12/26/2015 19:10,EST,Other Renewables,316.0
12/26/2015 19:10,EST,Wind,430.0
12/26/2015 19:15,EST,Dual Fuel,3645.0
12/26/2015 19:15,EST,Hydro,4204.0
12/26/2015 19:15,EST,Natural Gas,1906.0
12/26/2015 19:15,EST,Nuclear,5421.0
12/26/2015 19:15,EST,Other Fossil Fuels,58.0
12/26/2015 19:15,EST,Other Renewables,314.0
12/26/2015 19:15,EST,Wind,443.0
12/26/2015 19:18,EST,Dual Fuel,3391.0
12/26/2015 19:18,EST,Hydro,4262.0
12/26/2015 19:18,EST,Natural Gas,1893.0
12/26/2015 19:18,EST,Nuclear,5423.0
12/26/2015 19:18,EST,Other Fossil Fuels,57.0
12/26/2015 19:18,EST,Other Renewables,315.0
12/26/2015 19:18,EST,Wind,454.0
12/26/2015 19:20,EST,Dual Fuel,3337.0
12/26/2015 19:20,EST,Hydro,4270.0
12/26/2015 19:20,EST,Natural Gas,1909.0
12/26/2015 19:20,EST,Nuclear,5423.0
12/26/2015 19:20,EST,Other Fossil Fuels,57.0
12/26/2015 19:20,EST,Other Renewables,318.0
12/26/2015 19:20,EST,Wind,456.0
12/26/2015 19:20,EST,Dual Fuel,3343.0
12/26/2015 19:20,EST,Hydro,4249.0
12/26/2015 19:20,EST,Natural Gas,1920.0
12/26/2015 19:20,EST,Nuclear,5428.0
12/26/2015 19:20,EST,Other Fossil Fuels,57.0
12/26/2015 19:20,EST,Other Renewables,319.0
12/26/2015 19:20,EST,Wind,454.0
12/26/2015 19:25,EST,Dual Fuel,3358.0
12/26/2015 19:25,EST,Hydro,4289.0
12/26/2015 19:25,EST,Natural Gas,1958.0
12/26/2015 19:25,EST,Nuclear,5421.0
12/26/2015 19:25,EST,Other Fossil Fuels,57.0
12/26/2015 19:25,EST,Other Renewables,320.0
12/26/2015 19:25,EST,Wind,459.0
12/26/2015 19:30,EST,Dual Fuel,3365.0
12/26/2015 19:30,EST,Hydro,4293.0
12/26/2015 19:30,EST,Natural Gas,1996.0
12/26/2015 19:30,EST,Nuclear,5423.0
12/26/2015 19:30,EST,Other Fossil Fuels,58.0
12/26/2015 19:30,EST,Other Renewables,318.0
12/26/2015 19:30,EST,Wind,465.0
12/26/2015 19:35,EST,Dual Fuel,3385.0
12/26/2015 19:35,EST,Hydro,4245.0
12/26/2015 19:35,EST,Natural Gas,1980.0
12/26/2015 19:35,EST,Nuclear,5423.0
12/26/2015 19:35,EST,Other Fossil Fuels,58.0
12/26/2015 19:35,EST,Other Renewables,318.0
12/26/2015 19:35,EST,Wind,474.0
12/26/2015 19:40,EST,Dual Fuel,3443.0
12/26/2015 19:40,EST,Hydro,4196.0
12/26/2015 19:40,EST,Natural Gas,1945.0
12/26/2015 19:40,EST,Nuclear,5420.0
12/26/2015 19:40,EST,Other Fossil Fuels,60.0
12/26/2015 19:40,EST,Other Renewables,315.0
12/26/2015 19:40,EST,Wind,488.0
12/26/2015 19:45,EST,Dual Fuel,3437.0
12/26/2015 19:45,EST,Hydro,4165.0
12/26/2015 19:45,EST,Natural Gas,1924.0
12/26/2015 19:45,EST,Nuclear,5424.0
12/26/2015 19:45,EST,Other Fossil Fuels,59.0
12/26/2015 19:45,EST,Other Renewables,313.0
12/26/2015 19:45,EST,Wind,504.0
12/26/2015 19:50,EST,Dual Fuel,3444.0
12/26/2015 19:50,EST,Hydro,4186.0
12/26/2015 19:50,EST,Natural Gas,1922.0
12/26/2015 19:50,EST,Nuclear,5421.0
12/26/2015 19:50,EST,Other Fossil Fuels,57.0
12/26/2015 19:50,EST,Other Renewables,312.0
12/26/2015 19:50,EST,Wind,519.0
12/26/2015 19:55,EST,Dual Fuel,3445.0
12/26/2015 19:55,EST,Hydro,4194.0
12/26/2015 19:55,EST,Natural Gas,1917.0
12/26/2015 19:55,EST,Nuclear,5420.0
12/26/2015 19:55,EST,Other Fossil Fuels,57.0
12/26/2015 19:55,EST,Other Renewables,312.0
12/26/2015 19:55,EST,Wind,545.0
12/26/2015 20:00,EST,Dual Fuel,3410.0
12/26/2015 20:00,EST,Hydro,4177.0
12/26/2015 20:00,EST,Natural Gas,1872.0
12/26/2015 20:00,EST,Nuclear,5422.0
12/26/2015 20:00,EST,Other Fossil Fuels,57.0
12/26/2015 20:00,EST,Other Renewables,310.0
12/26/2015 20:00,EST,Wind,574.0
12/26/2015 20:05,EST,Dual Fuel,3366.0
12/26/2015 20:05,EST,Hydro,4153.0
12/26/2015 20:05,EST,Natural Gas,1819.0
12/26/2015 20:05,EST,Nuclear,5423.0
12/26/2015 20:05,EST,Other Fossil Fuels,57.0
12/26/2015 20:05,EST,Other Renewables,314.0
12/26/2015 20:05,EST,Wind,582.0
12/26/2015 20:10,EST,Dual Fuel,3326.0
12/26/2015 20:10,EST,Hydro,4101.0
12/26/2015 20:10,EST,Natural Gas,1846.0
12/26/2015 20:10,EST,Nuclear,5422.0
12/26/2015 20:10,EST,Other Fossil Fuels,57.0
12/26/2015 20:10,EST,Other Renewables,314.0
12/26/2015 20:10,EST,Wind,577.0
12/26/2015 20:15,EST,Dual Fuel,3296.0
12/26/2015 20:15,EST,Hydro,4087.0
12/26/2015 20:15,EST,Natural Gas,1863.0
12/26/2015 20:15,EST,Nuclear,5422.0
12/26/2015 20:15,EST,Other Fossil Fuels,57.0
12/26/2015 20:15,EST,Other Renewables,311.0
12/26/2015 20:15,EST,Wind,580.0
12/26/2015 20:20,EST,Dual Fuel,3261.0
12/26/2015 20:20,EST,Hydro,4088.0
12/26/2015 20:20,EST,Natural Gas,1806.0
12/26/2015 20:20,EST,Nuclear,5424.0
12/26/2015 20:20,EST,Other Fossil Fuels,57.0
12/26/2015 20:20,EST,Other Renewables,312.0
12/26/2015 20:20,EST,Wind,576.0
12/26/2015 20:25,EST,Dual Fuel,3236.0
12/26/2015 20:25,EST,Hydro,4096.0
12/26/2015 20:25,EST,Natural Gas,1829.0
12/26/2015 20:25,EST,Nuclear,5425.0
12/26/2015 20:25,EST,Other Fossil Fuels,57.0
12/26/2015 20:25,EST,Other Renewables,304.0
12/26/2015 20:25,EST,Wind,602.0
12/26/2015 20:30,EST,Dual Fuel,3219.0
12/26/2015 20:30,EST,Hydro,4071.0
12/26/2015 20:30,EST,Natural Gas,1834.0
12/26/2015 20:30,EST,Nuclear,5420.0
12/26/2015 20:30,EST,Other Fossil Fuels,57.0
12/26/2015 20:30,EST,Other Renewables,304.0
12/26/2015 20:30,EST,Wind,614.0
12/26/2015 20:35,EST,Dual Fuel,3199.0
12/26/2015 20:35,EST,Hydro,4081.0
12/26/2015 20:35,EST,Natural Gas,1858.0
12/26/2015 20:35,EST,Nuclear,5421.0
12/26/2015 20:35,EST,Other Fossil Fuels,57.0
12/26/2015 20:35,EST,Other Renewables,305.0
12/26/2015 20:35,EST,Wind,604.0
12/26/2015 20:40,EST,Dual Fuel,3135.0
12/26/2015 20:40,EST,Hydro,4081.0
12/26/2015 20:40,EST,Natural Gas,1866.0
12/26/2015 20:40,EST,Nuclear,5421.0
12/26/2015 20:40,EST,Other Fossil Fuels,56.0
12/26/2015 20:40,EST,Other Renewables,307.0
12/26/2015 20:40,EST,Wind,624.0
12/26/2015 20:45,EST,Dual Fuel,3090.0
12/26/2015 20:45,EST,Hydro,4076.0
12/26/2015 20:45,EST,Natural Gas,1866.0
12/26/2015 20:45,EST,Nuclear,5422.0
12/26/2015 20:45,EST,Other Fossil Fuels,54.0
12/26/2015 20:45,EST,Other Renewables,304.0
12/26/2015 20:45,EST,Wind,660.0
12/26/2015 20:50,EST,Dual Fuel,3075.0
12/26/2015 20:50,EST,Hydro,4070.0
12/26/2015 20:50,EST,Natural Gas,1841.0
12/26/2015 20:50,EST,Nuclear,5423.0
12/26/2015 20:50,EST,Other Fossil Fuels,52.0
12/26/2015 20:50,EST,Other Renewables,292.0
12/26/2015 20:50,EST,Wind,678.0
12/26/2015 20:55,EST,Dual Fuel,3031.0
12/26/2015 20:55,EST,Hydro,4059.0
12/26/2015 20:55,EST,Natural Gas,1843.0
12/26/2015 20:55,EST,Nuclear,5420.0
12/26/2015 20:55,EST,Other Fossil Fuels,51.0
12/26/2015 20:55,EST,Other Renewables,288.0
12/26/2015 20:55,EST,Wind,719.0
12/26/2015 21:00,EST,Dual Fuel,3019.0
12/26/2015 21:00,EST,Hydro,3949.0
12/26/2015 21:00,EST,Natural Gas,1802.0
12/26/2015 21:00,EST,Nuclear,5421.0
12/26/2015 21:00,EST,Other Fossil Fuels,51.0
12/26/2015 21:00,EST,Other Renewables,295.0
12/26/2015 21:00,EST,Wind,749.0
12/26/2015 21:05,EST,Dual Fuel,2980.0
12/26/2015 21:05,EST,Hydro,3803.0
12/26/2015 21:05,EST,Natural Gas,1721.0
12/26/2015 21:05,EST,Nuclear,5422.0
12/26/2015 21:05,EST,Other Fossil Fuels,51.0
12/26/2015 21:05,EST,Other Renewables,293.0
12/26/2015 21:05,EST,Wind,775.0
12/26/2015 21:10,EST,Dual Fuel,2819.0
12/26/2015 21:10,EST,Hydro,3769.0
12/26/2015 21:10,EST,Natural Gas,1674.0
12/26/2015 21:10,EST,Nuclear,5423.0
12/26/2015 21:10,EST,Other Fossil Fuels,51.0
12/26/2015 21:10,EST,Other Renewables,302.0
12/26/2015 21:10,EST,Wind,787.0
12/26/2015 21:15,EST,Dual Fuel,2740.0
12/26/2015 21:15,EST,Hydro,3790.0
12/26/2015 21:15,EST,Natural Gas,1684.0
12/26/2015 21:15,EST,Nuclear,5425.0
12/26/2015 21:15,EST,Other Fossil Fuels,51.0
12/26/2015 21:15,EST,Other Renewables,303.0
12/26/2015 21:15,EST,Wind,798.0
12/26/2015 21:20,EST,Dual Fuel,2718.0
12/26/2015 21:20,EST,Hydro,3797.0
12/26/2015 21:20,EST,Natural Gas,1686.0
12/26/2015 21:20,EST,Nuclear,5422.0
12/26/2015 21:20,EST,Other Fossil Fuels,51.0
12/26/2015 21:20,EST,Other Renewables,301.0
12/26/2015 21:20,EST,Wind,825.0
12/26/2015 21:25,EST,Dual Fuel,2705.0
12/26/2015 21:25,EST,Hydro,3782.0
12/26/2015 21:25,EST,Natural Gas,1683.0
12/26/2015 21:25,EST,Nuclear,5423.0
12/26/2015 21:25,EST,Other Fossil Fuels,51.0
12/26/2015 21:25,EST,Other Renewables,302.0
12/26/2015 21:25,EST,Wind,859.0
12/26/2015 21:30,EST,Dual Fuel,2673.0
12/26/2015 21:30,EST,Hydro,3765.0
12/26/2015 21:30,EST,Natural Gas,1692.0
12/26/2015 21:30,EST,Nuclear,5423.0
12/26/2015 21:30,EST,Other Fossil Fuels,50.0
12/26/2015 21:30,EST,Other Renewables,304.0
12/26/2015 21:30,EST,Wind,876.0
12/26/2015 21:35,EST,Dual Fuel,2644.0
12/26/2015 21:35,EST,Hydro,3730.0
12/26/2015 21:35,EST,Natural Gas,1700.0
12/26/2015 21:35,EST,Nuclear,5422.0
12/26/2015 21:35,EST,Other Fossil Fuels,47.0
12/26/2015 21:35,EST,Other Renewables,303.0
12/26/2015 21:35,EST,Wind,871.0
12/26/2015 21:40,EST,Dual Fuel,2661.0
12/26/2015 21:40,EST,Hydro,3704.0
12/26/2015 21:40,EST,Natural Gas,1724.0
12/26/2015 21:40,EST,Nuclear,5420.0
12/26/2015 21:40,EST,Other Fossil Fuels,45.0
12/26/2015 21:40,EST,Other Renewables,302.0
12/26/2015 21:40,EST,Wind,867.0
12/26/2015 21:45,EST,Dual Fuel,2650.0
12/26/2015 21:45,EST,Hydro,3617.0
12/26/2015 21:45,EST,Natural Gas,1702.0
12/26/2015 21:45,EST,Nuclear,5422.0
12/26/2015 21:45,EST,Other Fossil Fuels,43.0
12/26/2015 21:45,EST,Other Renewables,303.0
12/26/2015 21:45,EST,Wind,882.0
12/26/2015 21:50,EST,Dual Fuel,2661.0
12/26/2015 21:50,EST,Hydro,3553.0
12/26/2015 21:50,EST,Natural Gas,1678.0
12/26/2015 21:50,EST,Nuclear,5422.0
12/26/2015 21:50,EST,Other Fossil Fuels,40.0
12/26/2015 21:50,EST,Other Renewables,307.0
12/26/2015 21:50,EST,Wind,914.0
12/26/2015 21:55,EST,Dual Fuel,2618.0
12/26/2015 21:55,EST,Hydro,3521.0
12/26/2015 21:55,EST,Natural Gas,1653.0
12/26/2015 21:55,EST,Nuclear,5422.0
12/26/2015 21:55,EST,Other Fossil Fuels,38.0
12/26/2015 21:55,EST,Other Renewables,310.0
12/26/2015 21:55,EST,Wind,914.0
12/26/2015 22:00,EST,Dual Fuel,2560.0
12/26/2015 22:00,EST,Hydro,3539.0
12/26/2015 22:00,EST,Natural Gas,1603.0
12/26/2015 22:00,EST,Nuclear,5425.0
12/26/2015 22:00,EST,Other Fossil Fuels,38.0
12/26/2015 22:00,EST,Other Renewables,318.0
12/26/2015 22:00,EST,Wind,896.0
12/26/2015 22:05,EST,Dual Fuel,2615.0
12/26/2015 22:05,EST,Hydro,3595.0
12/26/2015 22:05,EST,Natural Gas,1501.0
12/26/2015 22:05,EST,Nuclear,5425.0
12/26/2015 22:05,EST,Other Fossil Fuels,38.0
12/26/2015 22:05,EST,Other Renewables,316.0
12/26/2015 22:05,EST,Wind,877.0
12/26/2015 22:10,EST,Dual Fuel,2637.0
12/26/2015 22:10,EST,Hydro,3718.0
12/26/2015 22:10,EST,Natural Gas,1389.0
12/26/2015 22:10,EST,Nuclear,5421.0
12/26/2015 22:10,EST,Other Fossil Fuels,38.0
12/26/2015 22:10,EST,Other Renewables,316.0
12/26/2015 22:10,EST,Wind,881.0
12/26/2015 22:15,EST,Dual Fuel,2674.0
12/26/2015 22:15,EST,Hydro,3705.0
12/26/2015 22:15,EST,Natural Gas,1297.0
12/26/2015 22:15,EST,Nuclear,5421.0
12/26/2015 22:15,EST,Other Fossil Fuels,38.0
12/26/2015 22:15,EST,Other Renewables,317.0
12/26/2015 22:15,EST,Wind,904.0
12/26/2015 22:20,EST,Dual Fuel,2665.0
12/26/2015 22:20,EST,Hydro,3637.0
12/26/2015 22:20,EST,Natural Gas,1249.0
12/26/2015 22:20,EST,Nuclear,5422.0
12/26/2015 22:20,EST,Other Fossil Fuels,38.0
12/26/2015 22:20,EST,Other Renewables,315.0
12/26/2015 22:20,EST,Wind,937.0
12/26/2015 22:25,EST,Dual Fuel,2591.0
12/26/2015 22:25,EST,Hydro,3556.0
12/26/2015 22:25,EST,Natural Gas,1250.0
12/26/2015 22:25,EST,Nuclear,5420.0
12/26/2015 22:25,EST,Other Fossil Fuels,38.0
12/26/2015 22:25,EST,Other Renewables,312.0
12/26/2015 22:25,EST,Wind,946.0
12/26/2015 22:30,EST,Dual Fuel,2516.0
12/26/2015 22:30,EST,Hydro,3581.0
12/26/2015 22:30,EST,Natural Gas,1251.0
12/26/2015 22:30,EST,Nuclear,5421.0
12/26/2015 22:30,EST,Other Fossil Fuels,37.0
12/26/2015 22:30,EST,Other Renewables,315.0
12/26/2015 22:30,EST,Wind,940.0
12/26/2015 22:35,EST,Dual Fuel,2456.0
12/26/2015 22:35,EST,Hydro,3507.0
12/26/2015 22:35,EST,Natural Gas,1249.0
12/26/2015 22:35,EST,Nuclear,5421.0
12/26/2015 22:35,EST,Other Fossil Fuels,37.0
12/26/2015 22:35,EST,Other Renewables,314.0
12/26/2015 22:35,EST,Wind,953.0
12/26/2015 22:40,EST,Dual Fuel,2440.0
12/26/2015 22:40,EST,Hydro,3457.0
12/26/2015 22:40,EST,Natural Gas,1250.0
12/26/2015 22:40,EST,Nuclear,5424.0
12/26/2015 22:40,EST,Other Fossil Fuels,38.0
12/26/2015 22:40,EST,Other Renewables,314.0
12/26/2015 22:40,EST,Wind,960.0
12/26/2015 22:45,EST,Dual Fuel,2427.0
12/26/2015 22:45,EST,Hydro,3337.0
12/26/2015 22:45,EST,Natural Gas,1205.0
12/26/2015 22:45,EST,Nuclear,5423.0
12/26/2015 22:45,EST,Other Fossil Fuels,38.0
12/26/2015 22:45,EST,Other Renewables,315.0
12/26/2015 22:45,EST,Wind,983.0
12/26/2015 22:50,EST,Dual Fuel,2428.0
12/26/2015 22:50,EST,Hydro,3264.0
12/26/2015 22:50,EST,Natural Gas,1189.0
12/26/2015 22:50,EST,Nuclear,5422.0
12/26/2015 22:50,EST,Other Fossil Fuels,38.0
12/26/2015 22:50,EST,Other Renewables,315.0
12/26/2015 22:50,EST,Wind,996.0
12/26/2015 22:55,EST,Dual Fuel,2427.0
12/26/2015 22:55,EST,Hydro,3306.0
12/26/2015 22:55,EST,Natural Gas,1194.0
12/26/2015 22:55,EST,Nuclear,5421.0
12/26/2015 22:55,EST,Other Fossil Fuels,37.0
12/26/2015 22:55,EST,Other Renewables,317.0
12/26/2015 22:55,EST,Wind,1026.0
12/26/2015 23:00,EST,Dual Fuel,2412.0
12/26/2015 23:00,EST,Hydro,3186.0
12/26/2015 23:00,EST,Natural Gas,1178.0
12/26/2015 23:00,EST,Nuclear,5422.0
12/26/2015 23:00,EST,Other Fossil Fuels,38.0
12/26/2015 23:00,EST,Other Renewables,315.0
12/26/2015 23:00,EST,Wind,1051.0
12/26/2015 23:05,EST,Dual Fuel,2396.0
12/26/2015 23:05,EST,Hydro,3033.0
12/26/2015 23:05,EST,Natural Gas,1157.0
12/26/2015 23:05,EST,Nuclear,5420.0
12/26/2015 23:05,EST,Other Fossil Fuels,38.0
12/26/2015 23:05,EST,Other Renewables,317.0
12/26/2015 23:05,EST,Wind,1042.0
12/26/2015 23:10,EST,Dual Fuel,2349.0
12/26/2015 23:10,EST,Hydro,2908.0
12/26/2015 23:10,EST,Natural Gas,1149.0
12/26/2015 23:10,EST,Nuclear,5423.0
12/26/2015 23:10,EST,Other Fossil Fuels,38.0
12/26/2015 23:10,EST,Other Renewables,315.0
12/26/2015 23:10,EST,Wind,1014.0
12/26/2015 23:15,EST,Dual Fuel,2351.0
12/26/2015 23:15,EST,Hydro,2784.0
12/26/2015 23:15,EST,Natural Gas,1141.0
12/26/2015 23:15,EST,Nuclear,5421.0
12/26/2015 23:15,EST,Other Fossil Fuels,38.0
12/26/2015 23:15,EST,Other Renewables,313.0
12/26/2015 23:15,EST,Wind,1008.0
12/26/2015 23:20,EST,Dual Fuel,2387.0
12/26/2015 23:20,EST,Hydro,2672.0
12/26/2015 23:20,EST,Natural Gas,1147.0
12/26/2015 23:20,EST,Nuclear,5419.0
12/26/2015 23:20,EST,Other Fossil Fuels,38.0
12/26/2015 23:20,EST,Other Renewables,314.0
12/26/2015 23:20,EST,Wind,1016.0
12/26/2015 23:25,EST,Dual Fuel,2389.0
12/26/2015 23:25,EST,Hydro,2543.0
12/26/2015 23:25,EST,Natural Gas,1148.0
12/26/2015 23:25,EST,Nuclear,5422.0
12/26/2015 23:25,EST,Other Fossil Fuels,38.0
12/26/2015 23:25,EST,Other Renewables,313.0
12/26/2015 23:25,EST,Wind,1017.0
12/26/2015 23:30,EST,Dual Fuel,2379.0
12/26/2015 23:30,EST,Hydro,2462.0
12/26/2015 23:30,EST,Natural Gas,1145.0
12/26/2015 23:30,EST,Nuclear,5419.0
12/26/2015 23:30,EST,Other Fossil Fuels,38.0
12/26/2015 23:30,EST,Other Renewables,315.0
12/26/2015 23:30,EST,Wind,1033.0
12/26/2015 23:35,EST,Dual Fuel,2373.0
12/26/2015 23:35,EST,Hydro,2357.0
12/26/2015 23:35,EST,Natural Gas,1147.0
12/26/2015 23:35,EST,Nuclear,5421.0
12/26/2015 23:35,EST,Other Fossil Fuels,38.0
12/26/2015 23:35,EST,Other Renewables,315.0
12/26/2015 23:35,EST,Wind,1039.0
12/26/2015 23:40,EST,Dual Fuel,2363.0
12/26/2015 23:40,EST,Hydro,2250.0
12/26/2015 23:40,EST,Natural Gas,1154.0
12/26/2015 23:40,EST,Nuclear,5422.0
12/26/2015 23:40,EST,Other Fossil Fuels,38.0
12/26/2015 23:40,EST,Other Renewables,313.0
12/26/2015 23:40,EST,Wind,1027.0
12/26/2015 23:45,EST,Dual Fuel,2318.0
12/26/2015 23:45,EST,Hydro,2215.0
12/26/2015 23:45,EST,Natural Gas,1148.0
12/26/2015 23:45,EST,Nuclear,5423.0
12/26/2015 23:45,EST,Other Fossil Fuels,38.0
12/26/2015 23:45,EST,Other Renewables,317.0
12/26/2015 23:45,EST,Wind,999.0
12/26/2015 23:50,EST,Dual Fuel,2263.0
12/26/2015 23:50,EST,Hydro,2241.0
12/26/2015 23:50,EST,Natural Gas,1152.0
12/26/2015 23:50,EST,Nuclear,5420.0
12/26/2015 23:50,EST,Other Fossil Fuels,38.0
12/26/2015 23:50,EST,Other Renewables,318.0
12/26/2015 23:50,EST,Wind,980.0
12/26/2015 23:55,EST,Dual Fuel,2248.0
12/26/2015 23:55,EST,Hydro,2224.0
12/26/2015 23:55,EST,Natural Gas,1139.0
12/26/2015 23:55,EST,Nuclear,5422.0
12/26/2015 23:55,EST,Other Fossil Fuels,38.0
12/26/2015 23:55,EST,Other Renewables,317.0
12/26/2015 23:55,EST,Wind,980.0
12/27/2015 00:00,EST,Dual Fuel,2211.0
12/27/2015 00:00,EST,Hydro,2232.0
12/27/2015 00:00,EST,Natural Gas,1116.0
12/27/2015 00:00,EST,Nuclear,5420.0
12/27/2015 00:00,EST,Other Fossil Fuels,38.0
12/27/2015 00:00,EST,Other Renewables,312.0
12/27/2015 00:00,EST,Wind,1008.0