Time Stamp,Time Zone,Fuel Category,Gen MWh
12/16/2015 00:05,EST,Dual Fuel,3131.0
12/16/2015 00:05,EST,Hydro,3038.0
12/16/2015 00:05,EST,Natural Gas,1562.0
12/16/2015 00:05,EST,Nuclear,4373.0
12/16/2015 00:05,EST,Other Fossil Fuels,36.0
12/16/2015 00:05,EST,Other Renewables,313.0
12/16/2015 00:05,EST,Wind,75.0
12/16/2015 00:10,EST,Dual Fuel,3005.0
12/16/2015 00:10,EST,Hydro,2872.0
12/16/2015 00:10,EST,Natural Gas,1540.0
12/16/2015 00:10,EST,Nuclear,4372.0
12/16/2015 00:10,EST,Other Fossil Fuels,36.0
12/16/2015 00:10,EST,Other Renewables,314.0
12/16/2015 00:10,EST,Wind,76.0
12/16/2015 00:15,EST,Dual Fuel,2978.0
12/16/2015 00:15,EST,Hydro,2798.0
12/16/2015 00:15,EST,Natural Gas,1532.0
12/16/2015 00:15,EST,Nuclear,4372.0
12/16/2015 00:15,EST,Other Fossil Fuels,36.0
12/16/2015 00:15,EST,Other Renewables,314.0
12/16/2015 00:15,EST,Wind,76.0
12/16/2015 00:20,EST,Dual Fuel,2952.0
12/16/2015 00:20,EST,Hydro,2799.0
12/16/2015 00:20,EST,Natural Gas,1519.0
12/16/2015 00:20,EST,Nuclear,4372.0
12/16/2015 00:20,EST,Other Fossil Fuels,36.0
12/16/2015 00:20,EST,Other Renewables,314.0
12/16/2015 00:20,EST,Wind,75.0
12/16/2015 00:25,EST,Dual Fuel,2877.0
12/16/2015 00:25,EST,Hydro,2812.0
12/16/2015 00:25,EST,Natural Gas,1513.0
12/16/2015 00:25,EST,Nuclear,4369.0
12/16/2015 00:25,EST,Other Fossil Fuels,37.0
12/16/2015 00:25,EST,Other Renewables,314.0
12/16/2015 00:25,EST,Wind,74.0
12/16/2015 00:30,EST,Dual Fuel,2839.0
12/16/2015 00:30,EST,Hydro,2751.0
12/16/2015 00:30,EST,Natural Gas,1506.0
12/16/2015 00:30,EST,Nuclear,4372.0
12/16/2015 00:30,EST,Other Fossil Fuels,36.0
12/16/2015 00:30,EST,Other Renewables,310.0
12/16/2015 00:30,EST,Wind,70.0
12/16/2015 00:35,EST,Dual Fuel,2926.0
12/16/2015 00:35,EST,Hydro,2641.0
12/16/2015 00:35,EST,Natural Gas,1493.0
12/16/2015 00:35,EST,Nuclear,4369.0
12/16/2015 00:35,EST,Other Fossil Fuels,36.0
12/16/2015 00:35,EST,Other Renewables,314.0
12/16/2015 00:35,EST,Wind,67.0
12/16/2015 00:40,EST,Dual Fuel,2928.0
12/16/2015 00:40,EST,Hydro,2613.0
12/16/2015 00:40,EST,Natural Gas,1493.0
12/16/2015 00:40,EST,Nuclear,4369.0
12/16/2015 00:40,EST,Other Fossil Fuels,36.0
12/16/2015 00:40,EST,Other Renewables,318.0
12/16/2015 00:40,EST,Wind,67.0
12/16/2015 00:45,EST,Dual Fuel,2810.0
12/16/2015 00:45,EST,Hydro,2615.0
12/16/2015 00:45,EST,Natural Gas,1487.0
12/16/2015 00:45,EST,Nuclear,4370.0
12/16/2015 00:45,EST,Other Fossil Fuels,36.0
12/16/2015 00:45,EST,Other Renewables,320.0
12/16/2015 00:45,EST,Wind,64.0
12/16/2015 00:50,EST,Dual Fuel,2734.0
12/16/2015 00:50,EST,Hydro,2627.0
12/16/2015 00:50,EST,Natural Gas,1476.0
12/16/2015 00:50,EST,Nuclear,4370.0
12/16/2015 00:50,EST,Other Fossil Fuels,36.0
12/16/2015 00:50,EST,Other Renewables,317.0
12/16/2015 00:50,EST,Wind,63.0
12/16/2015 00:55,EST,Dual Fuel,2719.0
12/16/2015 00:55,EST,Hydro,2668.0
12/16/2015 00:55,EST,Natural Gas,1444.0
12/16/2015 00:55,EST,Nuclear,4370.0
12/16/2015 00:55,EST,Other Fossil Fuels,36.0
12/16/2015 00:55,EST,Other Renewables,316.0
12/16/2015 00:55,EST,Wind,57.0
12/16/2015 01:00,EST,Dual Fuel,2789.0
12/16/2015 01:00,EST,Hydro,2660.0
12/16/2015 01:00,EST,Natural Gas,1421.0
12/16/2015 01:00,EST,Nuclear,4370.0
12/16/2015 01:00,EST,Other Fossil Fuels,37.0
12/16/2015 01:00,EST,Other Renewables,313.0
12/16/2015 01:00,EST,Wind,52.0
12/16/2015 01:05,EST,Dual Fuel,2869.0
12/16/2015 01:05,EST,Hydro,2726.0
12/16/2015 01:05,EST,Natural Gas,1425.0
12/16/2015 01:05,EST,Nuclear,4369.0
12/16/2015 01:05,EST,Other Fossil Fuels,37.0
12/16/2015 01:05,EST,Other Renewables,311.0
12/16/2015 01:05,EST,Wind,44.0
12/16/2015 01:10,EST,Dual Fuel,2903.0
12/16/2015 01:10,EST,Hydro,2706.0
12/16/2015 01:10,EST,Natural Gas,1405.0
12/16/2015 01:10,EST,Nuclear,4370.0
12/16/2015 01:10,EST,Other Fossil Fuels,45.0
12/16/2015 01:10,EST,Other Renewables,312.0
12/16/2015 01:10,EST,Wind,40.0
12/16/2015 01:15,EST,Dual Fuel,2862.0
12/16/2015 01:15,EST,Hydro,2709.0
12/16/2015 01:15,EST,Natural Gas,1411.0
12/16/2015 01:15,EST,Nuclear,4369.0
12/16/2015 01:15,EST,Other Fossil Fuels,52.0
12/16/2015 01:15,EST,Other Renewables,312.0
12/16/2015 01:15,EST,Wind,40.0
12/16/2015 01:20,EST,Dual Fuel,2811.0
12/16/2015 01:20,EST,Hydro,2720.0
12/16/2015 01:20,EST,Natural Gas,1407.0
12/16/2015 01:20,EST,Nuclear,4369.0
12/16/2015 01:20,EST,Other Fossil Fuels,56.0
12/16/2015 01:20,EST,Other Renewables,314.0
12/16/2015 01:20,EST,Wind,41.0
12/16/2015 01:25,EST,Dual Fuel,2880.0
12/16/2015 01:25,EST,Hydro,2725.0
12/16/2015 01:25,EST,Natural Gas,1401.0
12/16/2015 01:25,EST,Nuclear,4368.0
12/16/2015 01:25,EST,Other Fossil Fuels,56.0
12/16/2015 01:25,EST,Other Renewables,310.0
12/16/2015 01:25,EST,Wind,43.0
12/16/2015 01:30,EST,Dual Fuel,2862.0
12/16/2015 01:30,EST,Hydro,2652.0
12/16/2015 01:30,EST,Natural Gas,1399.0
12/16/2015 01:30,EST,Nuclear,4369.0
12/16/2015 01:30,EST,Other Fossil Fuels,63.0
12/16/2015 01:30,EST,Other Renewables,313.0
12/16/2015 01:30,EST,Wind,42.0
12/16/2015 01:35,EST,Dual Fuel,2790.0
12/16/2015 01:35,EST,Hydro,2613.0
12/16/2015 01:35,EST,Natural Gas,1393.0
12/16/2015 01:35,EST,Nuclear,4369.0
12/16/2015 01:35,EST,Other Fossil Fuels,72.0
12/16/2015 01:35,EST,Other Renewables,313.0
12/16/2015 01:35,EST,Wind,41.0
12/16/2015 01:40,EST,Dual Fuel,2750.0
12/16/2015 01:40,EST,Hydro,2643.0
12/16/2015 01:40,EST,Natural Gas,1397.0
12/16/2015 01:40,EST,Nuclear,4369.0
12/16/2015 01:40,EST,Other Fossil Fuels,76.0
12/16/2015 01:40,EST,Other Renewables,318.0
12/16/2015 01:40,EST,Wind,38.0
12/16/2015 01:45,EST,Dual Fuel,2673.0
12/16/2015 01:45,EST,Hydro,2613.0
12/16/2015 01:45,EST,Natural Gas,1397.0
12/16/2015 01:45,EST,Nuclear,4368.0
12/16/2015 01:45,EST,Other Fossil Fuels,78.0
12/16/2015 01:45,EST,Other Renewables,319.0
12/16/2015 01:45,EST,Wind,35.0
12/16/2015 01:50,EST,Dual Fuel,2689.0
12/16/2015 01:50,EST,Hydro,2613.0
12/16/2015 01:50,EST,Natural Gas,1398.0
12/16/2015 01:50,EST,Nuclear,4369.0
12/16/2015 01:50,EST,Other Fossil Fuels,80.0
12/16/2015 01:50,EST,Other Renewables,319.0
12/16/2015 01:50,EST,Wind,32.0
12/16/2015 01:55,EST,Dual Fuel,2706.0
12/16/2015 01:55,EST,Hydro,2618.0
12/16/2015 01:55,EST,Natural Gas,1392.0
12/16/2015 01:55,EST,Nuclear,4369.0
12/16/2015 01:55,EST,Other Fossil Fuels,80.0
12/16/2015 01:55,EST,Other Renewables,319.0
12/16/2015 01:55,EST,Wind,32.0
12/16/2015 02:00,EST,Dual Fuel,2636.0
12/16/2015 02:00,EST,Hydro,2629.0
12/16/2015 02:00,EST,Natural Gas,1387.0
12/16/2015 02:00,EST,Nuclear,4373.0
12/16/2015 02:00,EST,Other Fossil Fuels,84.0
12/16/2015 02:00,EST,Other Renewables,317.0
12/16/2015 02:00,EST,Wind,35.0
12/16/2015 02:05,EST,Dual Fuel,2562.0
12/16/2015 02:05,EST,Hydro,2527.0
12/16/2015 02:05,EST,Natural Gas,1385.0
12/16/2015 02:05,EST,Nuclear,4371.0
12/16/2015 02:05,EST,Other Fossil Fuels,86.0
12/16/2015 02:05,EST,Other Renewables,316.0
12/16/2015 02:05,EST,Wind,34.0
12/16/2015 02:10,EST,Dual Fuel,2534.0
12/16/2015 02:10,EST,Hydro,2477.0
12/16/2015 02:10,EST,Natural Gas,1385.0
12/16/2015 02:10,EST,Nuclear,4371.0
12/16/2015 02:10,EST,Other Fossil Fuels,88.0
12/16/2015 02:10,EST,Other Renewables,315.0
12/16/2015 02:10,EST,Wind,34.0
12/16/2015 02:15,EST,Dual Fuel,2583.0
12/16/2015 02:15,EST,Hydro,2410.0
12/16/2015 02:15,EST,Natural Gas,1381.0
12/16/2015 02:15,EST,Nuclear,4371.0
12/16/2015 02:15,EST,Other Fossil Fuels,90.0
12/16/2015 02:15,EST,Other Renewables,317.0
12/16/2015 02:15,EST,Wind,30.0
12/16/2015 02:20,EST,Dual Fuel,2560.0
12/16/2015 02:20,EST,Hydro,2424.0
12/16/2015 02:20,EST,Natural Gas,1373.0
12/16/2015 02:20,EST,Nuclear,4371.0
12/16/2015 02:20,EST,Other Fossil Fuels,92.0
12/16/2015 02:20,EST,Other Renewables,319.0
12/16/2015 02:20,EST,Wind,23.0
12/16/2015 02:25,EST,Dual Fuel,2542.0
12/16/2015 02:25,EST,Hydro,2451.0
12/16/2015 02:25,EST,Natural Gas,1362.0
12/16/2015 02:25,EST,Nuclear,4370.0
12/16/2015 02:25,EST,Other Fossil Fuels,94.0
12/16/2015 02:25,EST,Other Renewables,315.0
12/16/2015 02:25,EST,Wind,22.0
12/16/2015 02:30,EST,Dual Fuel,2551.0
12/16/2015 02:30,EST,Hydro,2457.0
12/16/2015 02:30,EST,Natural Gas,1360.0
12/16/2015 02:30,EST,Nuclear,4370.0
12/16/2015 02:30,EST,Other Fossil Fuels,94.0
12/16/2015 02:30,EST,Other Renewables,314.0
12/16/2015 02:30,EST,Wind,22.0
12/16/2015 02:35,EST,Dual Fuel,2536.0
12/16/2015 02:35,EST,Hydro,2470.0
12/16/2015 02:35,EST,Natural Gas,1361.0
12/16/2015 02:35,EST,Nuclear,4370.0
12/16/2015 02:35,EST,Other Fossil Fuels,94.0
12/16/2015 02:35,EST,Other Renewables,313.0
12/16/2015 02:35,EST,Wind,23.0
12/16/2015 02:40,EST,Dual Fuel,2530.0
12/16/2015 02:40,EST,Hydro,2511.0
12/16/2015 02:40,EST,Natural Gas,1359.0
12/16/2015 02:40,EST,Nuclear,4369.0
12/16/2015 02:40,EST,Other Fossil Fuels,95.0
12/16/2015 02:40,EST,Other Renewables,314.0
12/16/2015 02:40,EST,Wind,22.0
12/16/2015 02:45,EST,Dual Fuel,2526.0
12/16/2015 02:45,EST,Hydro,2489.0
12/16/2015 02:45,EST,Natural Gas,1359.0
12/16/2015 02:45,EST,Nuclear,4371.0
12/16/2015 02:45,EST,Other Fossil Fuels,95.0
12/16/2015 02:45,EST,Other Renewables,316.0
12/16/2015 02:45,EST,Wind,21.0
12/16/2015 02:50,EST,Dual Fuel,2528.0
12/16/2015 02:50,EST,Hydro,2488.0
12/16/2015 02:50,EST,Natural Gas,1358.0
12/16/2015 02:50,EST,Nuclear,4370.0
12/16/2015 02:50,EST,Other Fossil Fuels,97.0
12/16/2015 02:50,EST,Other Renewables,318.0
12/16/2015 02:50,EST,Wind,20.0
12/16/2015 02:55,EST,Dual Fuel,2541.0
12/16/2015 02:55,EST,Hydro,2480.0
12/16/2015 02:55,EST,Natural Gas,1362.0
12/16/2015 02:55,EST,Nuclear,4370.0
12/16/2015 02:55,EST,Other Fossil Fuels,100.0
12/16/2015 02:55,EST,Other Renewables,317.0
12/16/2015 02:55,EST,Wind,18.0
12/16/2015 03:00,EST,Dual Fuel,2546.0
12/16/2015 03:00,EST,Hydro,2417.0
12/16/2015 03:00,EST,Natural Gas,1359.0
12/16/2015 03:00,EST,Nuclear,4368.0
12/16/2015 03:00,EST,Other Fossil Fuels,104.0
12/16/2015 03:00,EST,Other Renewables,316.0
12/16/2015 03:00,EST,Wind,19.0
12/16/2015 03:05,EST,Dual Fuel,2602.0
12/16/2015 03:05,EST,Hydro,2342.0
12/16/2015 03:05,EST,Natural Gas,1356.0
12/16/2015 03:05,EST,Nuclear,4371.0
12/16/2015 03:05,EST,Other Fossil Fuels,105.0
12/16/2015 03:05,EST,Other Renewables,316.0
12/16/2015 03:05,EST,Wind,18.0
12/16/2015 03:10,EST,Dual Fuel,2662.0
12/16/2015 03:10,EST,Hydro,2385.0
12/16/2015 03:10,EST,Natural Gas,1357.0
12/16/2015 03:10,EST,Nuclear,4372.0
12/16/2015 03:10,EST,Other Fossil Fuels,106.0
12/16/2015 03:10,EST,Other Renewables,317.0
12/16/2015 03:10,EST,Wind,17.0
12/16/2015 03:15,EST,Dual Fuel,2653.0
12/16/2015 03:15,EST,Hydro,2397.0
12/16/2015 03:15,EST,Natural Gas,1361.0
12/16/2015 03:15,EST,Nuclear,4370.0
12/16/2015 03:15,EST,Other Fossil Fuels,106.0
12/16/2015 03:15,EST,Other Renewables,317.0
12/16/2015 03:15,EST,Wind,15.0
12/16/2015 03:20,EST,Dual Fuel,2683.0
12/16/2015 03:20,EST,Hydro,2397.0
12/16/2015 03:20,EST,Natural Gas,1322.0
12/16/2015 03:20,EST,Nuclear,4369.0
12/16/2015 03:20,EST,Other Fossil Fuels,107.0
12/16/2015 03:20,EST,Other Renewables,318.0
12/16/2015 03:20,EST,Wind,12.0
12/16/2015 03:25,EST,Dual Fuel,2726.0
12/16/2015 03:25,EST,Hydro,2398.0
12/16/2015 03:25,EST,Natural Gas,1302.0
12/16/2015 03:25,EST,Nuclear,4371.0
12/16/2015 03:25,EST,Other Fossil Fuels,108.0
12/16/2015 03:25,EST,Other Renewables,320.0
12/16/2015 03:25,EST,Wind,9.0
12/16/2015 03:30,EST,Dual Fuel,2735.0
12/16/2015 03:30,EST,Hydro,2400.0
12/16/2015 03:30,EST,Natural Gas,1292.0
12/16/2015 03:30,EST,Nuclear,4370.0
12/16/2015 03:30,EST,Other Fossil Fuels,107.0
12/16/2015 03:30,EST,Other Renewables,318.0
12/16/2015 03:30,EST,Wind,9.0
12/16/2015 03:35,EST,Dual Fuel,2718.0
12/16/2015 03:35,EST,Hydro,2400.0
12/16/2015 03:35,EST,Natural Gas,1292.0
12/16/2015 03:35,EST,Nuclear,4371.0
12/16/2015 03:35,EST,Other Fossil Fuels,107.0
12/16/2015 03:35,EST,Other Renewables,314.0
12/16/2015 03:35,EST,Wind,10.0
12/16/2015 03:40,EST,Dual Fuel,2707.0
12/16/2015 03:40,EST,Hydro,2399.0
12/16/2015 03:40,EST,Natural Gas,1297.0
12/16/2015 03:40,EST,Nuclear,4371.0
12/16/2015 03:40,EST,Other Fossil Fuels,107.0
12/16/2015 03:40,EST,Other Renewables,312.0
12/16/2015 03:40,EST,Wind,11.0
12/16/2015 03:45,EST,Dual Fuel,2709.0
12/16/2015 03:45,EST,Hydro,2394.0
12/16/2015 03:45,EST,Natural Gas,1297.0
12/16/2015 03:45,EST,Nuclear,4372.0
12/16/2015 03:45,EST,Other Fossil Fuels,108.0
12/16/2015 03:45,EST,Other Renewables,314.0
12/16/2015 03:45,EST,Wind,14.0
12/16/2015 03:50,EST,Dual Fuel,2749.0
12/16/2015 03:50,EST,Hydro,2397.0
12/16/2015 03:50,EST,Natural Gas,1296.0
12/16/2015 03:50,EST,Nuclear,4371.0
12/16/2015 03:50,EST,Other Fossil Fuels,111.0
12/16/2015 03:50,EST,Other Renewables,313.0
12/16/2015 03:50,EST,Wind,16.0
12/16/2015 03:55,EST,Dual Fuel,2743.0
12/16/2015 03:55,EST,Hydro,2388.0
12/16/2015 03:55,EST,Natural Gas,1295.0
12/16/2015 03:55,EST,Nuclear,4371.0
12/16/2015 03:55,EST,Other Fossil Fuels,112.0
12/16/2015 03:55,EST,Other Renewables,312.0
12/16/2015 03:55,EST,Wind,16.0
12/16/2015 04:00,EST,Dual Fuel,2860.0
12/16/2015 04:00,EST,Hydro,2372.0
12/16/2015 04:00,EST,Natural Gas,1290.0
12/16/2015 04:00,EST,Nuclear,4370.0
12/16/2015 04:00,EST,Other Fossil Fuels,114.0
12/16/2015 04:00,EST,Other Renewables,310.0
12/16/2015 04:00,EST,Wind,15.0
12/16/2015 04:05,EST,Dual Fuel,3016.0
12/16/2015 04:05,EST,Hydro,2469.0
12/16/2015 04:05,EST,Natural Gas,1297.0
12/16/2015 04:05,EST,Nuclear,4369.0
12/16/2015 04:05,EST,Other Fossil Fuels,118.0
12/16/2015 04:05,EST,Other Renewables,310.0
12/16/2015 04:05,EST,Wind,13.0
12/16/2015 04:10,EST,Dual Fuel,3069.0
12/16/2015 04:10,EST,Hydro,2580.0
12/16/2015 04:10,EST,Natural Gas,1296.0
12/16/2015 04:10,EST,Nuclear,4369.0
12/16/2015 04:10,EST,Other Fossil Fuels,117.0
12/16/2015 04:10,EST,Other Renewables,312.0
12/16/2015 04:10,EST,Wind,14.0
12/16/2015 04:15,EST,Dual Fuel,3096.0
12/16/2015 04:15,EST,Hydro,2616.0
12/16/2015 04:15,EST,Natural Gas,1295.0
12/16/2015 04:15,EST,Nuclear,4371.0
12/16/2015 04:15,EST,Other Fossil Fuels,117.0
12/16/2015 04:15,EST,Other Renewables,310.0
12/16/2015 04:15,EST,Wind,14.0
12/16/2015 04:20,EST,Dual Fuel,3121.0
12/16/2015 04:20,EST,Hydro,2563.0
12/16/2015 04:20,EST,Natural Gas,1291.0
12/16/2015 04:20,EST,Nuclear,4370.0
12/16/2015 04:20,EST,Other Fossil Fuels,117.0
12/16/2015 04:20,EST,Other Renewables,307.0
12/16/2015 04:20,EST,Wind,13.0
12/16/2015 04:25,EST,Dual Fuel,3136.0
12/16/2015 04:25,EST,Hydro,2553.0
12/16/2015 04:25,EST,Natural Gas,1292.0
12/16/2015 04:25,EST,Nuclear,4371.0
12/16/2015 04:25,EST,Other Fossil Fuels,117.0
12/16/2015 04:25,EST,Other Renewables,307.0
12/16/2015 04:25,EST,Wind,13.0
12/16/2015 04:30,EST,Dual Fuel,3155.0
12/16/2015 04:30,EST,Hydro,2583.0
12/16/2015 04:30,EST,Natural Gas,1293.0
12/16/2015 04:30,EST,Nuclear,4371.0
12/16/2015 04:30,EST,Other Fossil Fuels,117.0
12/16/2015 04:30,EST,Other Renewables,308.0
12/16/2015 04:30,EST,Wind,14.0
12/16/2015 04:35,EST,Dual Fuel,3173.0
12/16/2015 04:35,EST,Hydro,2589.0
12/16/2015 04:35,EST,Natural Gas,1296.0
12/16/2015 04:35,EST,Nuclear,4371.0
12/16/2015 04:35,EST,Other Fossil Fuels,117.0
12/16/2015 04:35,EST,Other Renewables,304.0
12/16/2015 04:35,EST,Wind,11.0
12/16/2015 04:40,EST,Dual Fuel,3140.0
12/16/2015 04:40,EST,Hydro,2580.0
12/16/2015 04:40,EST,Natural Gas,1297.0
12/16/2015 04:40,EST,Nuclear,4370.0
12/16/2015 04:40,EST,Other Fossil Fuels,118.0
12/16/2015 04:40,EST,Other Renewables,301.0
12/16/2015 04:40,EST,Wind,10.0
12/16/2015 04:45,EST,Dual Fuel,3173.0
12/16/2015 04:45,EST,Hydro,2558.0
12/16/2015 04:45,EST,Natural Gas,1303.0
12/16/2015 04:45,EST,Nuclear,4371.0
12/16/2015 04:45,EST,Other Fossil Fuels,118.0
12/16/2015 04:45,EST,Other Renewables,304.0
12/16/2015 04:45,EST,Wind,11.0
12/16/2015 04:50,EST,Dual Fuel,3217.0
12/16/2015 04:50,EST,Hydro,2577.0
12/16/2015 04:50,EST,Natural Gas,1316.0
12/16/2015 04:50,EST,Nuclear,4372.0
12/16/2015 04:50,EST,Other Fossil Fuels,118.0
12/16/2015 04:50,EST,Other Renewables,308.0
12/16/2015 04:50,EST,Wind,11.0
12/16/2015 04:55,EST,Dual Fuel,3249.0
12/16/2015 04:55,EST,Hydro,2578.0
12/16/2015 04:55,EST,Natural Gas,1356.0
12/16/2015 04:55,EST,Nuclear,4371.0
12/16/2015 04:55,EST,Other Fossil Fuels,117.0
12/16/2015 04:55,EST,Other Renewables,307.0
12/16/2015 04:55,EST,Wind,11.0
12/16/2015 05:00,EST,Dual Fuel,3229.0
12/16/2015 05:00,EST,Hydro,2593.0
12/16/2015 05:00,EST,Natural Gas,1385.0
12/16/2015 05:00,EST,Nuclear,4370.0
12/16/2015 05:00,EST,Other Fossil Fuels,117.0
12/16/2015 05:00,EST,Other Renewables,311.0
12/16/2015 05:00,EST,Wind,10.0
12/16/2015 05:05,EST,Dual Fuel,3183.0
12/16/2015 05:05,EST,Hydro,2586.0
12/16/2015 05:05,EST,Natural Gas,1397.0
12/16/2015 05:05,EST,Nuclear,4370.0
12/16/2015 05:05,EST,Other Fossil Fuels,116.0
12/16/2015 05:05,EST,Other Renewables,306.0
12/16/2015 05:05,EST,Wind,9.0
12/16/2015 05:10,EST,Dual Fuel,3270.0
12/16/2015 05:10,EST,Hydro,2591.0
12/16/2015 05:10,EST,Natural Gas,1445.0
12/16/2015 05:10,EST,Nuclear,4372.0
12/16/2015 05:10,EST,Other Fossil Fuels,116.0
12/16/2015 05:10,EST,Other Renewables,307.0
12/16/2015 05:10,EST,Wind,8.0
12/16/2015 05:15,EST,Dual Fuel,3337.0
12/16/2015 05:15,EST,Hydro,2582.0
12/16/2015 05:15,EST,Natural Gas,1453.0
12/16/2015 05:15,EST,Nuclear,4372.0
12/16/2015 05:15,EST,Other Fossil Fuels,116.0
12/16/2015 05:15,EST,Other Renewables,305.0
12/16/2015 05:15,EST,Wind,9.0
12/16/2015 05:20,EST,Dual Fuel,3376.0
12/16/2015 05:20,EST,Hydro,2606.0
12/16/2015 05:20,EST,Natural Gas,1443.0
12/16/2015 05:20,EST,Nuclear,4371.0
12/16/2015 05:20,EST,Other Fossil Fuels,116.0
12/16/2015 05:20,EST,Other Renewables,307.0
12/16/2015 05:20,EST,Wind,9.0
12/16/2015 05:25,EST,Dual Fuel,3414.0
12/16/2015 05:25,EST,Hydro,2557.0
12/16/2015 05:25,EST,Natural Gas,1454.0
12/16/2015 05:25,EST,Nuclear,4371.0
12/16/2015 05:25,EST,Other Fossil Fuels,116.0
12/16/2015 05:25,EST,Other Renewables,305.0
12/16/2015 05:25,EST,Wind,8.0
12/16/2015 05:30,EST,Dual Fuel,3440.0
12/16/2015 05:30,EST,Hydro,2503.0
12/16/2015 05:30,EST,Natural Gas,1511.0
12/16/2015 05:30,EST,Nuclear,4371.0
12/16/2015 05:30,EST,Other Fossil Fuels,116.0
12/16/2015 05:30,EST,Other Renewables,305.0
12/16/2015 05:30,EST,Wind,8.0
12/16/2015 05:35,EST,Dual Fuel,3461.0
12/16/2015 05:35,EST,Hydro,2496.0
12/16/2015 05:35,EST,Natural Gas,1583.0
12/16/2015 05:35,EST,Nuclear,4373.0
12/16/2015 05:35,EST,Other Fossil Fuels,116.0
12/16/2015 05:35,EST,Other Renewables,306.0
12/16/2015 05:35,EST,Wind,7.0
12/16/2015 05:40,EST,Dual Fuel,3511.0
12/16/2015 05:40,EST,Hydro,2544.0
12/16/2015 05:40,EST,Natural Gas,1629.0
12/16/2015 05:40,EST,Nuclear,4371.0
12/16/2015 05:40,EST,Other Fossil Fuels,117.0
12/16/2015 05:40,EST,Other Renewables,306.0
12/16/2015 05:40,EST,Wind,7.0
12/16/2015 05:45,EST,Dual Fuel,3616.0
12/16/2015 05:45,EST,Hydro,2567.0
12/16/2015 05:45,EST,Natural Gas,1650.0
12/16/2015 05:45,EST,Nuclear,4371.0
12/16/2015 05:45,EST,Other Fossil Fuels,118.0
12/16/2015 05:45,EST,Other Renewables,306.0
12/16/2015 05:45,EST,Wind,7.0
12/16/2015 05:50,EST,Dual Fuel,3698.0
12/16/2015 05:50,EST,Hydro,2657.0
12/16/2015 05:50,EST,Natural Gas,1712.0
12/16/2015 05:50,EST,Nuclear,4371.0
12/16/2015 05:50,EST,Other Fossil Fuels,118.0
12/16/2015 05:50,EST,Other Renewables,307.0
12/16/2015 05:50,EST,Wind,7.0
12/16/2015 05:55,EST,Dual Fuel,3717.0
12/16/2015 05:55,EST,Hydro,2744.0
12/16/2015 05:55,EST,Natural Gas,1775.0
12/16/2015 05:55,EST,Nuclear,4370.0
12/16/2015 05:55,EST,Other Fossil Fuels,117.0
12/16/2015 05:55,EST,Other Renewables,307.0
12/16/2015 05:55,EST,Wind,6.0
12/16/2015 06:00,EST,Dual Fuel,3739.0
12/16/2015 06:00,EST,Hydro,2733.0
12/16/2015 06:00,EST,Natural Gas,1901.0
12/16/2015 06:00,EST,Nuclear,4369.0
12/16/2015 06:00,EST,Other Fossil Fuels,122.0
12/16/2015 06:00,EST,Other Renewables,306.0
12/16/2015 06:00,EST,Wind,5.0
12/16/2015 06:05,EST,Dual Fuel,3744.0
12/16/2015 06:05,EST,Hydro,2695.0
12/16/2015 06:05,EST,Natural Gas,1989.0
12/16/2015 06:05,EST,Nuclear,4372.0
12/16/2015 06:05,EST,Other Fossil Fuels,122.0
12/16/2015 06:05,EST,Other Renewables,299.0
12/16/2015 06:05,EST,Wind,5.0
12/16/2015 06:10,EST,Dual Fuel,3822.0
12/16/2015 06:10,EST,Hydro,2832.0
12/16/2015 06:10,EST,Natural Gas,2054.0
12/16/2015 06:10,EST,Nuclear,4370.0
12/16/2015 06:10,EST,Other Fossil Fuels,123.0
12/16/2015 06:10,EST,Other Renewables,301.0
12/16/2015 06:10,EST,Wind,5.0
12/16/2015 06:15,EST,Dual Fuel,3945.0
12/16/2015 06:15,EST,Hydro,2988.0
12/16/2015 06:15,EST,Natural Gas,2073.0
12/16/2015 06:15,EST,Nuclear,4370.0
12/16/2015 06:15,EST,Other Fossil Fuels,123.0
12/16/2015 06:15,EST,Other Renewables,304.0
12/16/2015 06:15,EST,Wind,5.0
12/16/2015 06:20,EST,Dual Fuel,4096.0
12/16/2015 06:20,EST,Hydro,3046.0
12/16/2015 06:20,EST,Natural Gas,2073.0
12/16/2015 06:20,EST,Nuclear,4370.0
12/16/2015 06:20,EST,Other Fossil Fuels,122.0
12/16/2015 06:20,EST,Other Renewables,305.0
12/16/2015 06:20,EST,Wind,4.0
12/16/2015 06:25,EST,Dual Fuel,4196.0
12/16/2015 06:25,EST,Hydro,3108.0
12/16/2015 06:25,EST,Natural Gas,2116.0
12/16/2015 06:25,EST,Nuclear,4372.0
12/16/2015 06:25,EST,Other Fossil Fuels,123.0
12/16/2015 06:25,EST,Other Renewables,304.0
12/16/2015 06:25,EST,Wind,4.0
12/16/2015 06:30,EST,Dual Fuel,4312.0
12/16/2015 06:30,EST,Hydro,3127.0
12/16/2015 06:30,EST,Natural Gas,2146.0
12/16/2015 06:30,EST,Nuclear,4369.0
12/16/2015 06:30,EST,Other Fossil Fuels,123.0
12/16/2015 06:30,EST,Other Renewables,300.0
12/16/2015 06:30,EST,Wind,4.0
12/16/2015 06:35,EST,Dual Fuel,4521.0
12/16/2015 06:35,EST,Hydro,3133.0
12/16/2015 06:35,EST,Natural Gas,2155.0
12/16/2015 06:35,EST,Nuclear,4371.0
12/16/2015 06:35,EST,Other Fossil Fuels,123.0
12/16/2015 06:35,EST,Other Renewables,299.0
12/16/2015 06:35,EST,Wind,3.0
12/16/2015 06:40,EST,Dual Fuel,4663.0
12/16/2015 06:40,EST,Hydro,3129.0
12/16/2015 06:40,EST,Natural Gas,2167.0
12/16/2015 06:40,EST,Nuclear,4372.0
12/16/2015 06:40,EST,Other Fossil Fuels,122.0
12/16/2015 06:40,EST,Other Renewables,304.0
12/16/2015 06:40,EST,Wind,4.0
12/16/2015 06:45,EST,Dual Fuel,4785.0
12/16/2015 06:45,EST,Hydro,3102.0
12/16/2015 06:45,EST,Natural Gas,2152.0
12/16/2015 06:45,EST,Nuclear,4370.0
12/16/2015 06:45,EST,Other Fossil Fuels,122.0
12/16/2015 06:45,EST,Other Renewables,306.0
12/16/2015 06:45,EST,Wind,3.0
12/16/2015 06:50,EST,Dual Fuel,4827.0
12/16/2015 06:50,EST,Hydro,3093.0
12/16/2015 06:50,EST,Natural Gas,2137.0
12/16/2015 06:50,EST,Nuclear,4372.0
12/16/2015 06:50,EST,Other Fossil Fuels,122.0
12/16/2015 06:50,EST,Other Renewables,308.0
12/16/2015 06:50,EST,Wind,4.0
12/16/2015 06:55,EST,Dual Fuel,4867.0
12/16/2015 06:55,EST,Hydro,3100.0
12/16/2015 06:55,EST,Natural Gas,2134.0
12/16/2015 06:55,EST,Nuclear,4369.0
12/16/2015 06:55,EST,Other Fossil Fuels,122.0
12/16/2015 06:55,EST,Other Renewables,304.0
12/16/2015 06:55,EST,Wind,3.0
12/16/2015 07:00,EST,Dual Fuel,4841.0
12/16/2015 07:00,EST,Hydro,3229.0
12/16/2015 07:00,EST,Natural Gas,2143.0
12/16/2015 07:00,EST,Nuclear,4371.0
12/16/2015 07:00,EST,Other Fossil Fuels,125.0
12/16/2015 07:00,EST,Other Renewables,308.0
12/16/2015 07:00,EST,Wind,3.0
12/16/2015 07:05,EST,Dual Fuel,4777.0
12/16/2015 07:05,EST,Hydro,3263.0
12/16/2015 07:05,EST,Natural Gas,2222.0
12/16/2015 07:05,EST,Nuclear,4373.0
12/16/2015 07:05,EST,Other Fossil Fuels,132.0
12/16/2015 07:05,EST,Other Renewables,311.0
12/16/2015 07:05,EST,Wind,3.0
12/16/2015 07:10,EST,Dual Fuel,4843.0
12/16/2015 07:10,EST,Hydro,3277.0
12/16/2015 07:10,EST,Natural Gas,2252.0
12/16/2015 07:10,EST,Nuclear,4372.0
12/16/2015 07:10,EST,Other Fossil Fuels,136.0
12/16/2015 07:10,EST,Other Renewables,314.0
12/16/2015 07:10,EST,Wind,2.0
12/16/2015 07:15,EST,Dual Fuel,4838.0
12/16/2015 07:15,EST,Hydro,3396.0
12/16/2015 07:15,EST,Natural Gas,2223.0
12/16/2015 07:15,EST,Nuclear,4371.0
12/16/2015 07:15,EST,Other Fossil Fuels,138.0
12/16/2015 07:15,EST,Other Renewables,315.0
12/16/2015 07:15,EST,Wind,2.0
12/16/2015 07:20,EST,Dual Fuel,4843.0
12/16/2015 07:20,EST,Hydro,3398.0
12/16/2015 07:20,EST,Natural Gas,2231.0
12/16/2015 07:20,EST,Nuclear,4372.0
12/16/2015 07:20,EST,Other Fossil Fuels,143.0
12/16/2015 07:20,EST,Other Renewables,316.0
12/16/2015 07:20,EST,Wind,3.0
12/16/2015 07:25,EST,Dual Fuel,4852.0
12/16/2015 07:25,EST,Hydro,3383.0
12/16/2015 07:25,EST,Natural Gas,2229.0
12/16/2015 07:25,EST,Nuclear,4374.0
12/16/2015 07:25,EST,Other Fossil Fuels,145.0
12/16/2015 07:25,EST,Other Renewables,313.0
12/16/2015 07:25,EST,Wind,3.0
12/16/2015 07:30,EST,Dual Fuel,4853.0
12/16/2015 07:30,EST,Hydro,3382.0
12/16/2015 07:30,EST,Natural Gas,2232.0
12/16/2015 07:30,EST,Nuclear,4371.0
12/16/2015 07:30,EST,Other Fossil Fuels,148.0
12/16/2015 07:30,EST,Other Renewables,312.0
12/16/2015 07:30,EST,Wind,4.0
12/16/2015 07:35,EST,Dual Fuel,4891.0
12/16/2015 07:35,EST,Hydro,3399.0
12/16/2015 07:35,EST,Natural Gas,2247.0
12/16/2015 07:35,EST,Nuclear,4373.0
12/16/2015 07:35,EST,Other Fossil Fuels,153.0
12/16/2015 07:35,EST,Other Renewables,314.0
12/16/2015 07:35,EST,Wind,4.0
12/16/2015 07:40,EST,Dual Fuel,4909.0
12/16/2015 07:40,EST,Hydro,3395.0
12/16/2015 07:40,EST,Natural Gas,2219.0
12/16/2015 07:40,EST,Nuclear,4373.0
12/16/2015 07:40,EST,Other Fossil Fuels,156.0
12/16/2015 07:40,EST,Other Renewables,313.0
12/16/2015 07:40,EST,Wind,5.0
12/16/2015 07:45,EST,Dual Fuel,4914.0
12/16/2015 07:45,EST,Hydro,3434.0
12/16/2015 07:45,EST,Natural Gas,2198.0
12/16/2015 07:45,EST,Nuclear,4372.0
12/16/2015 07:45,EST,Other Fossil Fuels,159.0
12/16/2015 07:45,EST,Other Renewables,317.0
12/16/2015 07:45,EST,Wind,4.0
12/16/2015 07:50,EST,Dual Fuel,4955.0
12/16/2015 07:50,EST,Hydro,3499.0
12/16/2015 07:50,EST,Natural Gas,2191.0
12/16/2015 07:50,EST,Nuclear,4372.0
12/16/2015 07:50,EST,Other Fossil Fuels,162.0
12/16/2015 07:50,EST,Other Renewables,316.0
12/16/2015 07:50,EST,Wind,2.0
12/16/2015 07:55,EST,Dual Fuel,4991.0
12/16/2015 07:55,EST,Hydro,3560.0
12/16/2015 07:55,EST,Natural Gas,2201.0
12/16/2015 07:55,EST,Nuclear,4371.0
12/16/2015 07:55,EST,Other Fossil Fuels,162.0
12/16/2015 07:55,EST,Other Renewables,314.0
12/16/2015 07:55,EST,Wind,3.0
12/16/2015 08:00,EST,Dual Fuel,4975.0
12/16/2015 08:00,EST,Hydro,3557.0
12/16/2015 08:00,EST,Natural Gas,2207.0
12/16/2015 08:00,EST,Nuclear,4371.0
12/16/2015 08:00,EST,Other Fossil Fuels,163.0
12/16/2015 08:00,EST,Other Renewables,314.0
12/16/2015 08:00,EST,Wind,7.0
12/16/2015 08:05,EST,Dual Fuel,4897.0
12/16/2015 08:05,EST,Hydro,3733.0
12/16/2015 08:05,EST,Natural Gas,2221.0
12/16/2015 08:05,EST,Nuclear,4372.0
12/16/2015 08:05,EST,Other Fossil Fuels,170.0
12/16/2015 08:05,EST,Other Renewables,310.0
12/16/2015 08:05,EST,Wind,12.0
12/16/2015 08:10,EST,Dual Fuel,4977.0
12/16/2015 08:10,EST,Hydro,3758.0
12/16/2015 08:10,EST,Natural Gas,2258.0
12/16/2015 08:10,EST,Nuclear,4371.0
12/16/2015 08:10,EST,Other Fossil Fuels,177.0
12/16/2015 08:10,EST,Other Renewables,312.0
12/16/2015 08:10,EST,Wind,14.0
12/16/2015 08:15,EST,Dual Fuel,5007.0
12/16/2015 08:15,EST,Hydro,3720.0
12/16/2015 08:15,EST,Natural Gas,2227.0
12/16/2015 08:15,EST,Nuclear,4372.0
12/16/2015 08:15,EST,Other Fossil Fuels,181.0
12/16/2015 08:15,EST,Other Renewables,313.0
12/16/2015 08:15,EST,Wind,16.0
12/16/2015 08:20,EST,Dual Fuel,5009.0
12/16/2015 08:20,EST,Hydro,3727.0
12/16/2015 08:20,EST,Natural Gas,2208.0
12/16/2015 08:20,EST,Nuclear,4371.0
12/16/2015 08:20,EST,Other Fossil Fuels,186.0
12/16/2015 08:20,EST,Other Renewables,313.0
12/16/2015 08:20,EST,Wind,19.0
12/16/2015 08:25,EST,Dual Fuel,5006.0
12/16/2015 08:25,EST,Hydro,3735.0
12/16/2015 08:25,EST,Natural Gas,2209.0
12/16/2015 08:25,EST,Nuclear,4372.0
12/16/2015 08:25,EST,Other Fossil Fuels,193.0
12/16/2015 08:25,EST,Other Renewables,318.0
12/16/2015 08:25,EST,Wind,23.0
12/16/2015 08:30,EST,Dual Fuel,5000.0
12/16/2015 08:30,EST,Hydro,3712.0
12/16/2015 08:30,EST,Natural Gas,2190.0
12/16/2015 08:30,EST,Nuclear,4370.0
12/16/2015 08:30,EST,Other Fossil Fuels,198.0
12/16/2015 08:30,EST,Other Renewables,319.0
12/16/2015 08:30,EST,Wind,26.0
12/16/2015 08:35,EST,Dual Fuel,4985.0
12/16/2015 08:35,EST,Hydro,3729.0
12/16/2015 08:35,EST,Natural Gas,2200.0
12/16/2015 08:35,EST,Nuclear,4373.0
12/16/2015 08:35,EST,Other Fossil Fuels,205.0
12/16/2015 08:35,EST,Other Renewables,318.0
12/16/2015 08:35,EST,Wind,24.0
12/16/2015 08:40,EST,Dual Fuel,4966.0
12/16/2015 08:40,EST,Hydro,3713.0
12/16/2015 08:40,EST,Natural Gas,2190.0
12/16/2015 08:40,EST,Nuclear,4373.0
12/16/2015 08:40,EST,Other Fossil Fuels,211.0
12/16/2015 08:40,EST,Other Renewables,319.0
12/16/2015 08:40,EST,Wind,23.0
12/16/2015 08:45,EST,Dual Fuel,4967.0
12/16/2015 08:45,EST,Hydro,3727.0
12/16/2015 08:45,EST,Natural Gas,2217.0
12/16/2015 08:45,EST,Nuclear,4373.0
12/16/2015 08:45,EST,Other Fossil Fuels,214.0
12/16/2015 08:45,EST,Other Renewables,322.0
12/16/2015 08:45,EST,Wind,27.0
12/16/2015 08:50,EST,Dual Fuel,4952.0
12/16/2015 08:50,EST,Hydro,3728.0
12/16/2015 08:50,EST,Natural Gas,2227.0
12/16/2015 08:50,EST,Nuclear,4373.0
12/16/2015 08:50,EST,Other Fossil Fuels,217.0
12/16/2015 08:50,EST,Other Renewables,319.0
12/16/2015 08:50,EST,Wind,30.0
12/16/2015 08:55,EST,Dual Fuel,4971.0
12/16/2015 08:55,EST,Hydro,3717.0
12/16/2015 08:55,EST,Natural Gas,2233.0
12/16/2015 08:55,EST,Nuclear,4371.0
12/16/2015 08:55,EST,Other Fossil Fuels,217.0
12/16/2015 08:55,EST,Other Renewables,322.0
12/16/2015 08:55,EST,Wind,33.0
12/16/2015 09:00,EST,Dual Fuel,4982.0
12/16/2015 09:00,EST,Hydro,3725.0
12/16/2015 09:00,EST,Natural Gas,2244.0
12/16/2015 09:00,EST,Nuclear,4371.0
12/16/2015 09:00,EST,Other Fossil Fuels,217.0
12/16/2015 09:00,EST,Other Renewables,316.0
12/16/2015 09:00,EST,Wind,34.0
12/16/2015 09:05,EST,Dual Fuel,4991.0
12/16/2015 09:05,EST,Hydro,3752.0
12/16/2015 09:05,EST,Natural Gas,2290.0
12/16/2015 09:05,EST,Nuclear,4372.0
12/16/2015 09:05,EST,Other Fossil Fuels,217.0
12/16/2015 09:05,EST,Other Renewables,314.0
12/16/2015 09:05,EST,Wind,32.0
12/16/2015 09:10,EST,Dual Fuel,5017.0
12/16/2015 09:10,EST,Hydro,3763.0
12/16/2015 09:10,EST,Natural Gas,2298.0
12/16/2015 09:10,EST,Nuclear,4372.0
12/16/2015 09:10,EST,Other Fossil Fuels,217.0
12/16/2015 09:10,EST,Other Renewables,319.0
12/16/2015 09:10,EST,Wind,32.0
12/16/2015 09:15,EST,Dual Fuel,5022.0
12/16/2015 09:15,EST,Hydro,3692.0
12/16/2015 09:15,EST,Natural Gas,2302.0
12/16/2015 09:15,EST,Nuclear,4372.0
12/16/2015 09:15,EST,Other Fossil Fuels,217.0
12/16/2015 09:15,EST,Other Renewables,321.0
12/16/2015 09:15,EST,Wind,36.0
12/16/2015 09:20,EST,Dual Fuel,5009.0
12/16/2015 09:20,EST,Hydro,3674.0
12/16/2015 09:20,EST,Natural Gas,2310.0
12/16/2015 09:20,EST,Nuclear,4370.0
12/16/2015 09:20,EST,Other Fossil Fuels,217.0
12/16/2015 09:20,EST,Other Renewables,322.0
12/16/2015 09:20,EST,Wind,43.0
12/16/2015 09:25,EST,Dual Fuel,5018.0
12/16/2015 09:25,EST,Hydro,3657.0
12/16/2015 09:25,EST,Natural Gas,2332.0
12/16/2015 09:25,EST,Nuclear,4373.0
12/16/2015 09:25,EST,Other Fossil Fuels,218.0
12/16/2015 09:25,EST,Other Renewables,322.0
12/16/2015 09:25,EST,Wind,57.0
12/16/2015 09:30,EST,Dual Fuel,5022.0
12/16/2015 09:30,EST,Hydro,3658.0
12/16/2015 09:30,EST,Natural Gas,2334.0
12/16/2015 09:30,EST,Nuclear,4373.0
12/16/2015 09:30,EST,Other Fossil Fuels,218.0
12/16/2015 09:30,EST,Other Renewables,322.0
12/16/2015 09:30,EST,Wind,73.0
12/16/2015 09:35,EST,Dual Fuel,4996.0
12/16/2015 09:35,EST,Hydro,3628.0
12/16/2015 09:35,EST,Natural Gas,2351.0
12/16/2015 09:35,EST,Nuclear,4371.0
12/16/2015 09:35,EST,Other Fossil Fuels,218.0
12/16/2015 09:35,EST,Other Renewables,326.0
12/16/2015 09:35,EST,Wind,85.0
12/16/2015 09:40,EST,Dual Fuel,4983.0
12/16/2015 09:40,EST,Hydro,3661.0
12/16/2015 09:40,EST,Natural Gas,2348.0
12/16/2015 09:40,EST,Nuclear,4373.0
12/16/2015 09:40,EST,Other Fossil Fuels,217.0
12/16/2015 09:40,EST,Other Renewables,324.0
12/16/2015 09:40,EST,Wind,98.0
12/16/2015 09:45,EST,Dual Fuel,4954.0
12/16/2015 09:45,EST,Hydro,3686.0
12/16/2015 09:45,EST,Natural Gas,2343.0
12/16/2015 09:45,EST,Nuclear,4373.0
12/16/2015 09:45,EST,Other Fossil Fuels,217.0
12/16/2015 09:45,EST,Other Renewables,321.0
12/16/2015 09:45,EST,Wind,115.0
12/16/2015 09:50,EST,Dual Fuel,4930.0
12/16/2015 09:50,EST,Hydro,3717.0
12/16/2015 09:50,EST,Natural Gas,2339.0
12/16/2015 09:50,EST,Nuclear,4370.0
12/16/2015 09:50,EST,Other Fossil Fuels,219.0
12/16/2015 09:50,EST,Other Renewables,324.0
12/16/2015 09:50,EST,Wind,118.0
12/16/2015 09:55,EST,Dual Fuel,4911.0
12/16/2015 09:55,EST,Hydro,3728.0
12/16/2015 09:55,EST,Natural Gas,2336.0
12/16/2015 09:55,EST,Nuclear,4372.0
12/16/2015 09:55,EST,Other Fossil Fuels,220.0
12/16/2015 09:55,EST,Other Renewables,326.0
12/16/2015 09:55,EST,Wind,110.0
12/16/2015 10:00,EST,Dual Fuel,4866.0
12/16/2015 10:00,EST,Hydro,3740.0
12/16/2015 10:00,EST,Natural Gas,2344.0
12/16/2015 10:00,EST,Nuclear,4372.0
12/16/2015 10:00,EST,Other Fossil Fuels,224.0
12/16/2015 10:00,EST,Other Renewables,329.0
12/16/2015 10:00,EST,Wind,101.0
12/16/2015 10:05,EST,Dual Fuel,4804.0
12/16/2015 10:05,EST,Hydro,3766.0
12/16/2015 10:05,EST,Natural Gas,2367.0
12/16/2015 10:05,EST,Nuclear,4373.0
12/16/2015 10:05,EST,Other Fossil Fuels,217.0
12/16/2015 10:05,EST,Other Renewables,329.0
12/16/2015 10:05,EST,Wind,104.0
12/16/2015 10:10,EST,Dual Fuel,4827.0
12/16/2015 10:10,EST,Hydro,3758.0
12/16/2015 10:10,EST,Natural Gas,2442.0
12/16/2015 10:10,EST,Nuclear,4373.0
12/16/2015 10:10,EST,Other Fossil Fuels,217.0
12/16/2015 10:10,EST,Other Renewables,330.0
12/16/2015 10:10,EST,Wind,105.0
12/16/2015 10:15,EST,Dual Fuel,4809.0
12/16/2015 10:15,EST,Hydro,3765.0
12/16/2015 10:15,EST,Natural Gas,2456.0
12/16/2015 10:15,EST,Nuclear,4372.0
12/16/2015 10:15,EST,Other Fossil Fuels,216.0
12/16/2015 10:15,EST,Other Renewables,333.0
12/16/2015 10:15,EST,Wind,112.0
12/16/2015 10:20,EST,Dual Fuel,4763.0
12/16/2015 10:20,EST,Hydro,3749.0
12/16/2015 10:20,EST,Natural Gas,2460.0
12/16/2015 10:20,EST,Nuclear,4373.0
12/16/2015 10:20,EST,Other Fossil Fuels,217.0
12/16/2015 10:20,EST,Other Renewables,336.0
12/16/2015 10:20,EST,Wind,119.0
12/16/2015 10:25,EST,Dual Fuel,4730.0
12/16/2015 10:25,EST,Hydro,3729.0
12/16/2015 10:25,EST,Natural Gas,2452.0
12/16/2015 10:25,EST,Nuclear,4372.0
12/16/2015 10:25,EST,Other Fossil Fuels,217.0
12/16/2015 10:25,EST,Other Renewables,335.0
12/16/2015 10:25,EST,Wind,124.0
12/16/2015 10:30,EST,Dual Fuel,4709.0
12/16/2015 10:30,EST,Hydro,3735.0
12/16/2015 10:30,EST,Natural Gas,2443.0
12/16/2015 10:30,EST,Nuclear,4372.0
12/16/2015 10:30,EST,Other Fossil Fuels,217.0
12/16/2015 10:30,EST,Other Renewables,335.0
12/16/2015 10:30,EST,Wind,131.0
12/16/2015 10:35,EST,Dual Fuel,4723.0
12/16/2015 10:35,EST,Hydro,3728.0
12/16/2015 10:35,EST,Natural Gas,2442.0
12/16/2015 10:35,EST,Nuclear,4373.0
12/16/2015 10:35,EST,Other Fossil Fuels,216.0
12/16/2015 10:35,EST,Other Renewables,337.0
12/16/2015 10:35,EST,Wind,130.0
12/16/2015 10:40,EST,Dual Fuel,4729.0
12/16/2015 10:40,EST,Hydro,3728.0
12/16/2015 10:40,EST,Natural Gas,2436.0
12/16/2015 10:40,EST,Nuclear,4372.0
12/16/2015 10:40,EST,Other Fossil Fuels,211.0
12/16/2015 10:40,EST,Other Renewables,338.0
12/16/2015 10:40,EST,Wind,127.0
12/16/2015 10:45,EST,Dual Fuel,4732.0
12/16/2015 10:45,EST,Hydro,3763.0
12/16/2015 10:45,EST,Natural Gas,2439.0
12/16/2015 10:45,EST,Nuclear,4373.0
12/16/2015 10:45,EST,Other Fossil Fuels,203.0
12/16/2015 10:45,EST,Other Renewables,338.0
12/16/2015 10:45,EST,Wind,125.0
12/16/2015 10:50,EST,Dual Fuel,4711.0
12/16/2015 10:50,EST,Hydro,3781.0
12/16/2015 10:50,EST,Natural Gas,2451.0
12/16/2015 10:50,EST,Nuclear,4373.0
12/16/2015 10:50,EST,Other Fossil Fuels,193.0
12/16/2015 10:50,EST,Other Renewables,336.0
12/16/2015 10:50,EST,Wind,125.0
12/16/2015 10:55,EST,Dual Fuel,4739.0
12/16/2015 10:55,EST,Hydro,3754.0
12/16/2015 10:55,EST,Natural Gas,2462.0
12/16/2015 10:55,EST,Nuclear,4373.0
12/16/2015 10:55,EST,Other Fossil Fuels,188.0
12/16/2015 10:55,EST,Other Renewables,337.0
12/16/2015 10:55,EST,Wind,121.0
12/16/2015 11:00,EST,Dual Fuel,4775.0
12/16/2015 11:00,EST,Hydro,3727.0
12/16/2015 11:00,EST,Natural Gas,2459.0
12/16/2015 11:00,EST,Nuclear,4372.0
12/16/2015 11:00,EST,Other Fossil Fuels,185.0
12/16/2015 11:00,EST,Other Renewables,339.0
12/16/2015 11:00,EST,Wind,118.0
12/16/2015 11:05,EST,Dual Fuel,4757.0
12/16/2015 11:05,EST,Hydro,3746.0
12/16/2015 11:05,EST,Natural Gas,2406.0
12/16/2015 11:05,EST,Nuclear,4372.0
12/16/2015 11:05,EST,Other Fossil Fuels,177.0
12/16/2015 11:05,EST,Other Renewables,338.0
12/16/2015 11:05,EST,Wind,119.0
12/16/2015 11:10,EST,Dual Fuel,4835.0
12/16/2015 11:10,EST,Hydro,3811.0
12/16/2015 11:10,EST,Natural Gas,2350.0
12/16/2015 11:10,EST,Nuclear,4371.0
12/16/2015 11:10,EST,Other Fossil Fuels,171.0
12/16/2015 11:10,EST,Other Renewables,335.0
12/16/2015 11:10,EST,Wind,125.0
12/16/2015 11:15,EST,Dual Fuel,4896.0
12/16/2015 11:15,EST,Hydro,3791.0
12/16/2015 11:15,EST,Natural Gas,2329.0
12/16/2015 11:15,EST,Nuclear,4373.0
12/16/2015 11:15,EST,Other Fossil Fuels,167.0
12/16/2015 11:15,EST,Other Renewables,338.0
12/16/2015 11:15,EST,Wind,124.0
12/16/2015 11:20,EST,Dual Fuel,4914.0
12/16/2015 11:20,EST,Hydro,3751.0
12/16/2015 11:20,EST,Natural Gas,2313.0
12/16/2015 11:20,EST,Nuclear,4371.0
12/16/2015 11:20,EST,Other Fossil Fuels,171.0
12/16/2015 11:20,EST,Other Renewables,337.0
12/16/2015 11:20,EST,Wind,112.0
12/16/2015 11:25,EST,Dual Fuel,4904.0
12/16/2015 11:25,EST,Hydro,3708.0
12/16/2015 11:25,EST,Natural Gas,2313.0
12/16/2015 11:25,EST,Nuclear,4372.0
12/16/2015 11:25,EST,Other Fossil Fuels,181.0
12/16/2015 11:25,EST,Other Renewables,337.0
12/16/2015 11:25,EST,Wind,109.0
12/16/2015 11:30,EST,Dual Fuel,4890.0
12/16/2015 11:30,EST,Hydro,3706.0
12/16/2015 11:30,EST,Natural Gas,2335.0
12/16/2015 11:30,EST,Nuclear,4372.0
12/16/2015 11:30,EST,Other Fossil Fuels,187.0
12/16/2015 11:30,EST,Other Renewables,337.0
12/16/2015 11:30,EST,Wind,118.0
12/16/2015 11:35,EST,Dual Fuel,4882.0
12/16/2015 11:35,EST,Hydro,3696.0
12/16/2015 11:35,EST,Natural Gas,2335.0
12/16/2015 11:35,EST,Nuclear,4371.0
12/16/2015 11:35,EST,Other Fossil Fuels,192.0
12/16/2015 11:35,EST,Other Renewables,339.0
12/16/2015 11:35,EST,Wind,143.0
12/16/2015 11:40,EST,Dual Fuel,4837.0
12/16/2015 11:40,EST,Hydro,3732.0
12/16/2015 11:40,EST,Natural Gas,2332.0
12/16/2015 11:40,EST,Nuclear,4371.0
12/16/2015 11:40,EST,Other Fossil Fuels,184.0
12/16/2015 11:40,EST,Other Renewables,338.0
12/16/2015 11:40,EST,Wind,164.0
12/16/2015 11:45,EST,Dual Fuel,4806.0
12/16/2015 11:45,EST,Hydro,3767.0
12/16/2015 11:45,EST,Natural Gas,2336.0
12/16/2015 11:45,EST,Nuclear,4373.0
12/16/2015 11:45,EST,Other Fossil Fuels,176.0
12/16/2015 11:45,EST,Other Renewables,337.0
12/16/2015 11:45,EST,Wind,188.0
12/16/2015 11:50,EST,Dual Fuel,4781.0
12/16/2015 11:50,EST,Hydro,3734.0
12/16/2015 11:50,EST,Natural Gas,2335.0
12/16/2015 11:50,EST,Nuclear,4372.0
12/16/2015 11:50,EST,Other Fossil Fuels,172.0
12/16/2015 11:50,EST,Other Renewables,339.0
12/16/2015 11:50,EST,Wind,190.0
12/16/2015 11:55,EST,Dual Fuel,4808.0
12/16/2015 11:55,EST,Hydro,3772.0
12/16/2015 11:55,EST,Natural Gas,2335.0
12/16/2015 11:55,EST,Nuclear,4371.0
12/16/2015 11:55,EST,Other Fossil Fuels,166.0
12/16/2015 11:55,EST,Other Renewables,342.0
12/16/2015 11:55,EST,Wind,186.0
12/16/2015 12:00,EST,Dual Fuel,4768.0
12/16/2015 12:00,EST,Hydro,3777.0
12/16/2015 12:00,EST,Natural Gas,2320.0
12/16/2015 12:00,EST,Nuclear,4371.0
12/16/2015 12:00,EST,Other Fossil Fuels,174.0
12/16/2015 12:00,EST,Other Renewables,341.0
12/16/2015 12:00,EST,Wind,185.0
12/16/2015 12:05,EST,Dual Fuel,4728.0
12/16/2015 12:05,EST,Hydro,3772.0
12/16/2015 12:05,EST,Natural Gas,2282.0
12/16/2015 12:05,EST,Nuclear,4370.0
12/16/2015 12:05,EST,Other Fossil Fuels,176.0
12/16/2015 12:05,EST,Other Renewables,344.0
12/16/2015 12:05,EST,Wind,172.0
12/16/2015 12:10,EST,Dual Fuel,4686.0
12/16/2015 12:10,EST,Hydro,3765.0
12/16/2015 12:10,EST,Natural Gas,2286.0
12/16/2015 12:10,EST,Nuclear,4373.0
12/16/2015 12:10,EST,Other Fossil Fuels,164.0
12/16/2015 12:10,EST,Other Renewables,345.0
12/16/2015 12:10,EST,Wind,164.0
12/16/2015 12:15,EST,Dual Fuel,4703.0
12/16/2015 12:15,EST,Hydro,3784.0
12/16/2015 12:15,EST,Natural Gas,2286.0
12/16/2015 12:15,EST,Nuclear,4370.0
12/16/2015 12:15,EST,Other Fossil Fuels,162.0
12/16/2015 12:15,EST,Other Renewables,338.0
12/16/2015 12:15,EST,Wind,159.0
12/16/2015 12:20,EST,Dual Fuel,4742.0
12/16/2015 12:20,EST,Hydro,3785.0
12/16/2015 12:20,EST,Natural Gas,2288.0
12/16/2015 12:20,EST,Nuclear,4370.0
12/16/2015 12:20,EST,Other Fossil Fuels,163.0
12/16/2015 12:20,EST,Other Renewables,335.0
12/16/2015 12:20,EST,Wind,167.0
12/16/2015 12:25,EST,Dual Fuel,4757.0
12/16/2015 12:25,EST,Hydro,3760.0
12/16/2015 12:25,EST,Natural Gas,2292.0
12/16/2015 12:25,EST,Nuclear,4370.0
12/16/2015 12:25,EST,Other Fossil Fuels,163.0
12/16/2015 12:25,EST,Other Renewables,337.0
12/16/2015 12:25,EST,Wind,171.0
12/16/2015 12:30,EST,Dual Fuel,4667.0
12/16/2015 12:30,EST,Hydro,3767.0
12/16/2015 12:30,EST,Natural Gas,2288.0
12/16/2015 12:30,EST,Nuclear,4369.0
12/16/2015 12:30,EST,Other Fossil Fuels,163.0
12/16/2015 12:30,EST,Other Renewables,333.0
12/16/2015 12:30,EST,Wind,169.0
12/16/2015 12:35,EST,Dual Fuel,4643.0
12/16/2015 12:35,EST,Hydro,3770.0
12/16/2015 12:35,EST,Natural Gas,2286.0
12/16/2015 12:35,EST,Nuclear,4371.0
12/16/2015 12:35,EST,Other Fossil Fuels,163.0
12/16/2015 12:35,EST,Other Renewables,333.0
12/16/2015 12:35,EST,Wind,169.0
12/16/2015 12:40,EST,Dual Fuel,4668.0
12/16/2015 12:40,EST,Hydro,3767.0
12/16/2015 12:40,EST,Natural Gas,2287.0
12/16/2015 12:40,EST,Nuclear,4369.0
12/16/2015 12:40,EST,Other Fossil Fuels,163.0
12/16/2015 12:40,EST,Other Renewables,328.0
12/16/2015 12:40,EST,Wind,176.0
12/16/2015 12:45,EST,Dual Fuel,4709.0
12/16/2015 12:45,EST,Hydro,3786.0
12/16/2015 12:45,EST,Natural Gas,2288.0
12/16/2015 12:45,EST,Nuclear,4370.0
12/16/2015 12:45,EST,Other Fossil Fuels,162.0
12/16/2015 12:45,EST,Other Renewables,328.0
12/16/2015 12:45,EST,Wind,166.0
12/16/2015 12:50,EST,Dual Fuel,4695.0
12/16/2015 12:50,EST,Hydro,3776.0
12/16/2015 12:50,EST,Natural Gas,2292.0
12/16/2015 12:50,EST,Nuclear,4370.0
12/16/2015 12:50,EST,Other Fossil Fuels,162.0
12/16/2015 12:50,EST,Other Renewables,328.0
12/16/2015 12:50,EST,Wind,159.0
12/16/2015 12:55,EST,Dual Fuel,4678.0
12/16/2015 12:55,EST,Hydro,3784.0
12/16/2015 12:55,EST,Natural Gas,2293.0
12/16/2015 12:55,EST,Nuclear,4369.0
12/16/2015 12:55,EST,Other Fossil Fuels,162.0
12/16/2015 12:55,EST,Other Renewables,327.0
12/16/2015 12:55,EST,Wind,157.0
12/16/2015 13:00,EST,Dual Fuel,4617.0
12/16/2015 13:00,EST,Hydro,3809.0
12/16/2015 13:00,EST,Natural Gas,2282.0
12/16/2015 13:00,EST,Nuclear,4370.0
12/16/2015 13:00,EST,Other Fossil Fuels,161.0
12/16/2015 13:00,EST,Other Renewables,329.0
12/16/2015 13:00,EST,Wind,154.0
12/16/2015 13:05,EST,Dual Fuel,4564.0
12/16/2015 13:05,EST,Hydro,3832.0
12/16/2015 13:05,EST,Natural Gas,2260.0
12/16/2015 13:05,EST,Nuclear,4371.0
12/16/2015 13:05,EST,Other Fossil Fuels,161.0
12/16/2015 13:05,EST,Other Renewables,328.0
12/16/2015 13:05,EST,Wind,164.0
12/16/2015 13:10,EST,Dual Fuel,4586.0
12/16/2015 13:10,EST,Hydro,3857.0
12/16/2015 13:10,EST,Natural Gas,2242.0
12/16/2015 13:10,EST,Nuclear,4371.0
12/16/2015 13:10,EST,Other Fossil Fuels,161.0
12/16/2015 13:10,EST,Other Renewables,328.0
12/16/2015 13:10,EST,Wind,172.0
12/16/2015 13:15,EST,Dual Fuel,4559.0
12/16/2015 13:15,EST,Hydro,3841.0
12/16/2015 13:15,EST,Natural Gas,2252.0
12/16/2015 13:15,EST,Nuclear,4370.0
12/16/2015 13:15,EST,Other Fossil Fuels,162.0
12/16/2015 13:15,EST,Other Renewables,328.0
12/16/2015 13:15,EST,Wind,187.0
12/16/2015 13:20,EST,Dual Fuel,4534.0
12/16/2015 13:20,EST,Hydro,3864.0
12/16/2015 13:20,EST,Natural Gas,2269.0
12/16/2015 13:20,EST,Nuclear,4370.0
12/16/2015 13:20,EST,Other Fossil Fuels,162.0
12/16/2015 13:20,EST,Other Renewables,323.0
12/16/2015 13:20,EST,Wind,174.0
12/16/2015 13:25,EST,Dual Fuel,4567.0
12/16/2015 13:25,EST,Hydro,3841.0
12/16/2015 13:25,EST,Natural Gas,2260.0
12/16/2015 13:25,EST,Nuclear,4371.0
12/16/2015 13:25,EST,Other Fossil Fuels,163.0
12/16/2015 13:25,EST,Other Renewables,326.0
12/16/2015 13:25,EST,Wind,176.0
12/16/2015 13:30,EST,Dual Fuel,4573.0
12/16/2015 13:30,EST,Hydro,3846.0
12/16/2015 13:30,EST,Natural Gas,2262.0
12/16/2015 13:30,EST,Nuclear,4370.0
12/16/2015 13:30,EST,Other Fossil Fuels,163.0
12/16/2015 13:30,EST,Other Renewables,326.0
12/16/2015 13:30,EST,Wind,164.0
12/16/2015 13:35,EST,Dual Fuel,4601.0
12/16/2015 13:35,EST,Hydro,3867.0
12/16/2015 13:35,EST,Natural Gas,2255.0
12/16/2015 13:35,EST,Nuclear,4370.0
12/16/2015 13:35,EST,Other Fossil Fuels,163.0
12/16/2015 13:35,EST,Other Renewables,326.0
12/16/2015 13:35,EST,Wind,161.0
12/16/2015 13:40,EST,Dual Fuel,4658.0
12/16/2015 13:40,EST,Hydro,3876.0
12/16/2015 13:40,EST,Natural Gas,2239.0
12/16/2015 13:40,EST,Nuclear,4369.0
12/16/2015 13:40,EST,Other Fossil Fuels,162.0
12/16/2015 13:40,EST,Other Renewables,325.0
12/16/2015 13:40,EST,Wind,168.0
12/16/2015 13:45,EST,Dual Fuel,4668.0
12/16/2015 13:45,EST,Hydro,3907.0
12/16/2015 13:45,EST,Natural Gas,2233.0
12/16/2015 13:45,EST,Nuclear,4371.0
12/16/2015 13:45,EST,Other Fossil Fuels,163.0
12/16/2015 13:45,EST,Other Renewables,324.0
12/16/2015 13:45,EST,Wind,172.0
12/16/2015 13:50,EST,Dual Fuel,4652.0
12/16/2015 13:50,EST,Hydro,3908.0
12/16/2015 13:50,EST,Natural Gas,2216.0
12/16/2015 13:50,EST,Nuclear,4370.0
12/16/2015 13:50,EST,Other Fossil Fuels,163.0
12/16/2015 13:50,EST,Other Renewables,325.0
12/16/2015 13:50,EST,Wind,174.0
12/16/2015 13:55,EST,Dual Fuel,4701.0
12/16/2015 13:55,EST,Hydro,3901.0
12/16/2015 13:55,EST,Natural Gas,2182.0
12/16/2015 13:55,EST,Nuclear,4370.0
12/16/2015 13:55,EST,Other Fossil Fuels,162.0
12/16/2015 13:55,EST,Other Renewables,324.0
12/16/2015 13:55,EST,Wind,181.0
12/16/2015 14:00,EST,Dual Fuel,4686.0
12/16/2015 14:00,EST,Hydro,3893.0
12/16/2015 14:00,EST,Natural Gas,2155.0
12/16/2015 14:00,EST,Nuclear,4369.0
12/16/2015 14:00,EST,Other Fossil Fuels,163.0
12/16/2015 14:00,EST,Other Renewables,318.0
12/16/2015 14:00,EST,Wind,198.0
12/16/2015 14:05,EST,Dual Fuel,4588.0
12/16/2015 14:05,EST,Hydro,3877.0
12/16/2015 14:05,EST,Natural Gas,2105.0
12/16/2015 14:05,EST,Nuclear,4370.0
12/16/2015 14:05,EST,Other Fossil Fuels,163.0
12/16/2015 14:05,EST,Other Renewables,317.0
12/16/2015 14:05,EST,Wind,208.0
12/16/2015 14:10,EST,Dual Fuel,4523.0
12/16/2015 14:10,EST,Hydro,3842.0
12/16/2015 14:10,EST,Natural Gas,2052.0
12/16/2015 14:10,EST,Nuclear,4369.0
12/16/2015 14:10,EST,Other Fossil Fuels,163.0
12/16/2015 14:10,EST,Other Renewables,318.0
12/16/2015 14:10,EST,Wind,221.0
12/16/2015 14:15,EST,Dual Fuel,4505.0
12/16/2015 14:15,EST,Hydro,3887.0
12/16/2015 14:15,EST,Natural Gas,2030.0
12/16/2015 14:15,EST,Nuclear,4370.0
12/16/2015 14:15,EST,Other Fossil Fuels,163.0
12/16/2015 14:15,EST,Other Renewables,317.0
12/16/2015 14:15,EST,Wind,236.0
12/16/2015 14:20,EST,Dual Fuel,4495.0
12/16/2015 14:20,EST,Hydro,3928.0
12/16/2015 14:20,EST,Natural Gas,2033.0
12/16/2015 14:20,EST,Nuclear,4367.0
12/16/2015 14:20,EST,Other Fossil Fuels,162.0
12/16/2015 14:20,EST,Other Renewables,318.0
12/16/2015 14:20,EST,Wind,238.0
12/16/2015 14:25,EST,Dual Fuel,4506.0
12/16/2015 14:25,EST,Hydro,3956.0
12/16/2015 14:25,EST,Natural Gas,2016.0
12/16/2015 14:25,EST,Nuclear,4369.0
12/16/2015 14:25,EST,Other Fossil Fuels,163.0
12/16/2015 14:25,EST,Other Renewables,320.0
12/16/2015 14:25,EST,Wind,227.0
12/16/2015 14:30,EST,Dual Fuel,4575.0
12/16/2015 14:30,EST,Hydro,3924.0
12/16/2015 14:30,EST,Natural Gas,1992.0
12/16/2015 14:30,EST,Nuclear,4368.0
12/16/2015 14:30,EST,Other Fossil Fuels,162.0
12/16/2015 14:30,EST,Other Renewables,320.0
12/16/2015 14:30,EST,Wind,230.0
12/16/2015 14:35,EST,Dual Fuel,4544.0
12/16/2015 14:35,EST,Hydro,3939.0
12/16/2015 14:35,EST,Natural Gas,2004.0
12/16/2015 14:35,EST,Nuclear,4369.0
12/16/2015 14:35,EST,Other Fossil Fuels,162.0
12/16/2015 14:35,EST,Other Renewables,321.0
12/16/2015 14:35,EST,Wind,232.0
12/16/2015 14:40,EST,Dual Fuel,4473.0
12/16/2015 14:40,EST,Hydro,3962.0
12/16/2015 14:40,EST,Natural Gas,2053.0
12/16/2015 14:40,EST,Nuclear,4367.0
12/16/2015 14:40,EST,Other Fossil Fuels,162.0
12/16/2015 14:40,EST,Other Renewables,319.0
12/16/2015 14:40,EST,Wind,228.0
12/16/2015 14:45,EST,Dual Fuel,4505.0
12/16/2015 14:45,EST,Hydro,3884.0
12/16/2015 14:45,EST,Natural Gas,2035.0
12/16/2015 14:45,EST,Nuclear,4368.0
12/16/2015 14:45,EST,Other Fossil Fuels,162.0
12/16/2015 14:45,EST,Other Renewables,318.0
12/16/2015 14:45,EST,Wind,203.0
12/16/2015 14:50,EST,Dual Fuel,4615.0
12/16/2015 14:50,EST,Hydro,3752.0
12/16/2015 14:50,EST,Natural Gas,2019.0
12/16/2015 14:50,EST,Nuclear,4370.0
12/16/2015 14:50,EST,Other Fossil Fuels,162.0
12/16/2015 14:50,EST,Other Renewables,322.0
12/16/2015 14:50,EST,Wind,199.0
12/16/2015 14:55,EST,Dual Fuel,4679.0
12/16/2015 14:55,EST,Hydro,3730.0
12/16/2015 14:55,EST,Natural Gas,2016.0
12/16/2015 14:55,EST,Nuclear,4368.0
12/16/2015 14:55,EST,Other Fossil Fuels,163.0
12/16/2015 14:55,EST,Other Renewables,321.0
12/16/2015 14:55,EST,Wind,200.0
12/16/2015 15:00,EST,Dual Fuel,4732.0
12/16/2015 15:00,EST,Hydro,3684.0
12/16/2015 15:00,EST,Natural Gas,2014.0
12/16/2015 15:00,EST,Nuclear,4368.0
12/16/2015 15:00,EST,Other Fossil Fuels,163.0
12/16/2015 15:00,EST,Other Renewables,323.0
12/16/2015 15:00,EST,Wind,218.0
12/16/2015 15:05,EST,Dual Fuel,4635.0
12/16/2015 15:05,EST,Hydro,3636.0
12/16/2015 15:05,EST,Natural Gas,2050.0
12/16/2015 15:05,EST,Nuclear,4366.0
12/16/2015 15:05,EST,Other Fossil Fuels,162.0
12/16/2015 15:05,EST,Other Renewables,322.0
12/16/2015 15:05,EST,Wind,227.0
12/16/2015 15:10,EST,Dual Fuel,4431.0
12/16/2015 15:10,EST,Hydro,3630.0
12/16/2015 15:10,EST,Natural Gas,2067.0
12/16/2015 15:10,EST,Nuclear,4370.0
12/16/2015 15:10,EST,Other Fossil Fuels,162.0
12/16/2015 15:10,EST,Other Renewables,321.0
12/16/2015 15:10,EST,Wind,223.0
12/16/2015 15:15,EST,Dual Fuel,4415.0
12/16/2015 15:15,EST,Hydro,3652.0
12/16/2015 15:15,EST,Natural Gas,2054.0
12/16/2015 15:15,EST,Nuclear,4368.0
12/16/2015 15:15,EST,Other Fossil Fuels,163.0
12/16/2015 15:15,EST,Other Renewables,319.0
12/16/2015 15:15,EST,Wind,232.0
12/16/2015 15:20,EST,Dual Fuel,4428.0
12/16/2015 15:20,EST,Hydro,3622.0
12/16/2015 15:20,EST,Natural Gas,2054.0
12/16/2015 15:20,EST,Nuclear,4368.0
12/16/2015 15:20,EST,Other Fossil Fuels,163.0
12/16/2015 15:20,EST,Other Renewables,318.0
12/16/2015 15:20,EST,Wind,243.0
12/16/2015 15:25,EST,Dual Fuel,4430.0
12/16/2015 15:25,EST,Hydro,3587.0
12/16/2015 15:25,EST,Natural Gas,2051.0
12/16/2015 15:25,EST,Nuclear,4371.0
12/16/2015 15:25,EST,Other Fossil Fuels,163.0
12/16/2015 15:25,EST,Other Renewables,321.0
12/16/2015 15:25,EST,Wind,264.0
12/16/2015 15:30,EST,Dual Fuel,4412.0
12/16/2015 15:30,EST,Hydro,3679.0
12/16/2015 15:30,EST,Natural Gas,2051.0
12/16/2015 15:30,EST,Nuclear,4370.0
12/16/2015 15:30,EST,Other Fossil Fuels,162.0
12/16/2015 15:30,EST,Other Renewables,320.0
12/16/2015 15:30,EST,Wind,276.0
12/16/2015 15:35,EST,Dual Fuel,4377.0
12/16/2015 15:35,EST,Hydro,3740.0
12/16/2015 15:35,EST,Natural Gas,2051.0
12/16/2015 15:35,EST,Nuclear,4370.0
12/16/2015 15:35,EST,Other Fossil Fuels,163.0
12/16/2015 15:35,EST,Other Renewables,316.0
12/16/2015 15:35,EST,Wind,288.0
12/16/2015 15:40,EST,Dual Fuel,4420.0
12/16/2015 15:40,EST,Hydro,3771.0
12/16/2015 15:40,EST,Natural Gas,2051.0
12/16/2015 15:40,EST,Nuclear,4367.0
12/16/2015 15:40,EST,Other Fossil Fuels,187.0
12/16/2015 15:40,EST,Other Renewables,319.0
12/16/2015 15:40,EST,Wind,293.0
12/16/2015 15:45,EST,Dual Fuel,4487.0
12/16/2015 15:45,EST,Hydro,3805.0
12/16/2015 15:45,EST,Natural Gas,2051.0
12/16/2015 15:45,EST,Nuclear,4370.0
12/16/2015 15:45,EST,Other Fossil Fuels,210.0
12/16/2015 15:45,EST,Other Renewables,320.0
12/16/2015 15:45,EST,Wind,287.0
12/16/2015 15:50,EST,Dual Fuel,4515.0
12/16/2015 15:50,EST,Hydro,3815.0
12/16/2015 15:50,EST,Natural Gas,2099.0
12/16/2015 15:50,EST,Nuclear,4369.0
12/16/2015 15:50,EST,Other Fossil Fuels,168.0
12/16/2015 15:50,EST,Other Renewables,320.0
12/16/2015 15:50,EST,Wind,285.0
12/16/2015 15:55,EST,Dual Fuel,4527.0
12/16/2015 15:55,EST,Hydro,3763.0
12/16/2015 15:55,EST,Natural Gas,2175.0
12/16/2015 15:55,EST,Nuclear,4370.0
12/16/2015 15:55,EST,Other Fossil Fuels,163.0
12/16/2015 15:55,EST,Other Renewables,318.0
12/16/2015 15:55,EST,Wind,294.0
12/16/2015 16:00,EST,Dual Fuel,4578.0
12/16/2015 16:00,EST,Hydro,3726.0
12/16/2015 16:00,EST,Natural Gas,2181.0
12/16/2015 16:00,EST,Nuclear,4371.0
12/16/2015 16:00,EST,Other Fossil Fuels,163.0
12/16/2015 16:00,EST,Other Renewables,322.0
12/16/2015 16:00,EST,Wind,303.0
12/16/2015 16:05,EST,Dual Fuel,4629.0
12/16/2015 16:05,EST,Hydro,3671.0
12/16/2015 16:05,EST,Natural Gas,2255.0
12/16/2015 16:05,EST,Nuclear,4368.0
12/16/2015 16:05,EST,Other Fossil Fuels,167.0
12/16/2015 16:05,EST,Other Renewables,319.0
12/16/2015 16:05,EST,Wind,304.0
12/16/2015 16:10,EST,Dual Fuel,4655.0
12/16/2015 16:10,EST,Hydro,3697.0
12/16/2015 16:10,EST,Natural Gas,2279.0
12/16/2015 16:10,EST,Nuclear,4369.0
12/16/2015 16:10,EST,Other Fossil Fuels,172.0
12/16/2015 16:10,EST,Other Renewables,318.0
12/16/2015 16:10,EST,Wind,304.0
12/16/2015 16:15,EST,Dual Fuel,4706.0
12/16/2015 16:15,EST,Hydro,3809.0
12/16/2015 16:15,EST,Natural Gas,2276.0
12/16/2015 16:15,EST,Nuclear,4366.0
12/16/2015 16:15,EST,Other Fossil Fuels,178.0
12/16/2015 16:15,EST,Other Renewables,316.0
12/16/2015 16:15,EST,Wind,286.0
12/16/2015 16:20,EST,Dual Fuel,4750.0
12/16/2015 16:20,EST,Hydro,3809.0
12/16/2015 16:20,EST,Natural Gas,2255.0
12/16/2015 16:20,EST,Nuclear,4368.0
12/16/2015 16:20,EST,Other Fossil Fuels,184.0
12/16/2015 16:20,EST,Other Renewables,316.0
12/16/2015 16:20,EST,Wind,266.0
12/16/2015 16:25,EST,Dual Fuel,4727.0
12/16/2015 16:25,EST,Hydro,3776.0
12/16/2015 16:25,EST,Natural Gas,2240.0
12/16/2015 16:25,EST,Nuclear,4367.0
12/16/2015 16:25,EST,Other Fossil Fuels,190.0
12/16/2015 16:25,EST,Other Renewables,316.0
12/16/2015 16:25,EST,Wind,261.0
12/16/2015 16:30,EST,Dual Fuel,4816.0
12/16/2015 16:30,EST,Hydro,3787.0
12/16/2015 16:30,EST,Natural Gas,2259.0
12/16/2015 16:30,EST,Nuclear,4369.0
12/16/2015 16:30,EST,Other Fossil Fuels,191.0
12/16/2015 16:30,EST,Other Renewables,317.0
12/16/2015 16:30,EST,Wind,260.0
12/16/2015 16:35,EST,Dual Fuel,5015.0
12/16/2015 16:35,EST,Hydro,3719.0
12/16/2015 16:35,EST,Natural Gas,2275.0
12/16/2015 16:35,EST,Nuclear,4369.0
12/16/2015 16:35,EST,Other Fossil Fuels,194.0
12/16/2015 16:35,EST,Other Renewables,319.0
12/16/2015 16:35,EST,Wind,274.0
12/16/2015 16:40,EST,Dual Fuel,5045.0
12/16/2015 16:40,EST,Hydro,3810.0
12/16/2015 16:40,EST,Natural Gas,2286.0
12/16/2015 16:40,EST,Nuclear,4368.0
12/16/2015 16:40,EST,Other Fossil Fuels,196.0
12/16/2015 16:40,EST,Other Renewables,320.0
12/16/2015 16:40,EST,Wind,279.0
12/16/2015 16:45,EST,Dual Fuel,5074.0
12/16/2015 16:45,EST,Hydro,3934.0
12/16/2015 16:45,EST,Natural Gas,2302.0
12/16/2015 16:45,EST,Nuclear,4369.0
12/16/2015 16:45,EST,Other Fossil Fuels,196.0
12/16/2015 16:45,EST,Other Renewables,319.0
12/16/2015 16:45,EST,Wind,278.0
12/16/2015 16:50,EST,Dual Fuel,5113.0
12/16/2015 16:50,EST,Hydro,4009.0
12/16/2015 16:50,EST,Natural Gas,2292.0
12/16/2015 16:50,EST,Nuclear,4369.0
12/16/2015 16:50,EST,Other Fossil Fuels,196.0
12/16/2015 16:50,EST,Other Renewables,321.0
12/16/2015 16:50,EST,Wind,269.0
12/16/2015 16:55,EST,Dual Fuel,5176.0
12/16/2015 16:55,EST,Hydro,4004.0
12/16/2015 16:55,EST,Natural Gas,2340.0
12/16/2015 16:55,EST,Nuclear,4370.0
12/16/2015 16:55,EST,Other Fossil Fuels,197.0
12/16/2015 16:55,EST,Other Renewables,322.0
12/16/2015 16:55,EST,Wind,270.0
12/16/2015 17:00,EST,Dual Fuel,5267.0
12/16/2015 17:00,EST,Hydro,4008.0
12/16/2015 17:00,EST,Natural Gas,2389.0
12/16/2015 17:00,EST,Nuclear,4369.0
12/16/2015 17:00,EST,Other Fossil Fuels,199.0
12/16/2015 17:00,EST,Other Renewables,324.0
12/16/2015 17:00,EST,Wind,277.0
12/16/2015 17:05,EST,Dual Fuel,5233.0
12/16/2015 17:05,EST,Hydro,3986.0
12/16/2015 17:05,EST,Natural Gas,2514.0
12/16/2015 17:05,EST,Nuclear,4369.0
12/16/2015 17:05,EST,Other Fossil Fuels,207.0
12/16/2015 17:05,EST,Other Renewables,321.0
12/16/2015 17:05,EST,Wind,292.0
12/16/2015 17:10,EST,Dual Fuel,5229.0
12/16/2015 17:10,EST,Hydro,4085.0
12/16/2015 17:10,EST,Natural Gas,2537.0
12/16/2015 17:10,EST,Nuclear,4370.0
12/16/2015 17:10,EST,Other Fossil Fuels,214.0
12/16/2015 17:10,EST,Other Renewables,321.0
12/16/2015 17:10,EST,Wind,295.0
12/16/2015 17:15,EST,Dual Fuel,5290.0
12/16/2015 17:15,EST,Hydro,4159.0
12/16/2015 17:15,EST,Natural Gas,2563.0
12/16/2015 17:15,EST,Nuclear,4369.0
12/16/2015 17:15,EST,Other Fossil Fuels,218.0
12/16/2015 17:15,EST,Other Renewables,321.0
12/16/2015 17:15,EST,Wind,287.0
12/16/2015 17:20,EST,Dual Fuel,5351.0
12/16/2015 17:20,EST,Hydro,4219.0
12/16/2015 17:20,EST,Natural Gas,2595.0
12/16/2015 17:20,EST,Nuclear,4368.0
12/16/2015 17:20,EST,Other Fossil Fuels,221.0
12/16/2015 17:20,EST,Other Renewables,322.0
12/16/2015 17:20,EST,Wind,293.0
12/16/2015 17:25,EST,Dual Fuel,5351.0
12/16/2015 17:25,EST,Hydro,4288.0
12/16/2015 17:25,EST,Natural Gas,2595.0
12/16/2015 17:25,EST,Nuclear,4370.0
12/16/2015 17:25,EST,Other Fossil Fuels,221.0
12/16/2015 17:25,EST,Other Renewables,323.0
12/16/2015 17:25,EST,Wind,298.0
12/16/2015 17:30,EST,Dual Fuel,5376.0
12/16/2015 17:30,EST,Hydro,4298.0
12/16/2015 17:30,EST,Natural Gas,2593.0
12/16/2015 17:30,EST,Nuclear,4370.0
12/16/2015 17:30,EST,Other Fossil Fuels,222.0
12/16/2015 17:30,EST,Other Renewables,322.0
12/16/2015 17:30,EST,Wind,287.0
12/16/2015 17:35,EST,Dual Fuel,5439.0
12/16/2015 17:35,EST,Hydro,4318.0
12/16/2015 17:35,EST,Natural Gas,2599.0
12/16/2015 17:35,EST,Nuclear,4369.0
12/16/2015 17:35,EST,Other Fossil Fuels,221.0
12/16/2015 17:35,EST,Other Renewables,319.0
12/16/2015 17:35,EST,Wind,275.0
12/16/2015 17:40,EST,Dual Fuel,5517.0
12/16/2015 17:40,EST,Hydro,4334.0
12/16/2015 17:40,EST,Natural Gas,2616.0
12/16/2015 17:40,EST,Nuclear,4368.0
12/16/2015 17:40,EST,Other Fossil Fuels,222.0
12/16/2015 17:40,EST,Other Renewables,315.0
12/16/2015 17:40,EST,Wind,276.0
12/16/2015 17:45,EST,Dual Fuel,5556.0
12/16/2015 17:45,EST,Hydro,4297.0
12/16/2015 17:45,EST,Natural Gas,2608.0
12/16/2015 17:45,EST,Nuclear,4370.0
12/16/2015 17:45,EST,Other Fossil Fuels,221.0
12/16/2015 17:45,EST,Other Renewables,319.0
12/16/2015 17:45,EST,Wind,286.0
12/16/2015 17:50,EST,Dual Fuel,5572.0
12/16/2015 17:50,EST,Hydro,4256.0
12/16/2015 17:50,EST,Natural Gas,2591.0
12/16/2015 17:50,EST,Nuclear,4368.0
12/16/2015 17:50,EST,Other Fossil Fuels,223.0
12/16/2015 17:50,EST,Other Renewables,319.0
12/16/2015 17:50,EST,Wind,302.0
12/16/2015 17:55,EST,Dual Fuel,5516.0
12/16/2015 17:55,EST,Hydro,4207.0
12/16/2015 17:55,EST,Natural Gas,2598.0
12/16/2015 17:55,EST,Nuclear,4368.0
12/16/2015 17:55,EST,Other Fossil Fuels,224.0
12/16/2015 17:55,EST,Other Renewables,317.0
12/16/2015 17:55,EST,Wind,315.0
12/16/2015 18:00,EST,Dual Fuel,5497.0
12/16/2015 18:00,EST,Hydro,4241.0
12/16/2015 18:00,EST,Natural Gas,2603.0
12/16/2015 18:00,EST,Nuclear,4368.0
12/16/2015 18:00,EST,Other Fossil Fuels,225.0
12/16/2015 18:00,EST,Other Renewables,317.0
12/16/2015 18:00,EST,Wind,336.0
12/16/2015 18:05,EST,Dual Fuel,5495.0
12/16/2015 18:05,EST,Hydro,4194.0
12/16/2015 18:05,EST,Natural Gas,2461.0
12/16/2015 18:05,EST,Nuclear,4368.0
12/16/2015 18:05,EST,Other Fossil Fuels,225.0
12/16/2015 18:05,EST,Other Renewables,315.0
12/16/2015 18:05,EST,Wind,369.0
12/16/2015 18:10,EST,Dual Fuel,5433.0
12/16/2015 18:10,EST,Hydro,4138.0
12/16/2015 18:10,EST,Natural Gas,2435.0
12/16/2015 18:10,EST,Nuclear,4368.0
12/16/2015 18:10,EST,Other Fossil Fuels,224.0
12/16/2015 18:10,EST,Other Renewables,313.0
12/16/2015 18:10,EST,Wind,391.0
12/16/2015 18:15,EST,Dual Fuel,5345.0
12/16/2015 18:15,EST,Hydro,4193.0
12/16/2015 18:15,EST,Natural Gas,2458.0
12/16/2015 18:15,EST,Nuclear,4370.0
12/16/2015 18:15,EST,Other Fossil Fuels,221.0
12/16/2015 18:15,EST,Other Renewables,316.0
12/16/2015 18:15,EST,Wind,391.0
12/16/2015 18:20,EST,Dual Fuel,5348.0
12/16/2015 18:20,EST,Hydro,4241.0
12/16/2015 18:20,EST,Natural Gas,2484.0
12/16/2015 18:20,EST,Nuclear,4369.0
12/16/2015 18:20,EST,Other Fossil Fuels,222.0
12/16/2015 18:20,EST,Other Renewables,316.0
12/16/2015 18:20,EST,Wind,403.0
12/16/2015 18:25,EST,Dual Fuel,5344.0
12/16/2015 18:25,EST,Hydro,4206.0
12/16/2015 18:25,EST,Natural Gas,2462.0
12/16/2015 18:25,EST,Nuclear,4368.0
12/16/2015 18:25,EST,Other Fossil Fuels,221.0
12/16/2015 18:25,EST,Other Renewables,316.0
12/16/2015 18:25,EST,Wind,418.0
12/16/2015 18:30,EST,Dual Fuel,5310.0
12/16/2015 18:30,EST,Hydro,4184.0
12/16/2015 18:30,EST,Natural Gas,2452.0
12/16/2015 18:30,EST,Nuclear,4367.0
12/16/2015 18:30,EST,Other Fossil Fuels,221.0
12/16/2015 18:30,EST,Other Renewables,317.0
12/16/2015 18:30,EST,Wind,440.0
12/16/2015 18:35,EST,Dual Fuel,5276.0
12/16/2015 18:35,EST,Hydro,4213.0
12/16/2015 18:35,EST,Natural Gas,2418.0
12/16/2015 18:35,EST,Nuclear,4367.0
12/16/2015 18:35,EST,Other Fossil Fuels,222.0
12/16/2015 18:35,EST,Other Renewables,315.0
12/16/2015 18:35,EST,Wind,439.0
12/16/2015 18:40,EST,Dual Fuel,5210.0
12/16/2015 18:40,EST,Hydro,4190.0
12/16/2015 18:40,EST,Natural Gas,2413.0
12/16/2015 18:40,EST,Nuclear,4368.0
12/16/2015 18:40,EST,Other Fossil Fuels,222.0
12/16/2015 18:40,EST,Other Renewables,316.0
12/16/2015 18:40,EST,Wind,447.0
12/16/2015 18:45,EST,Dual Fuel,5196.0
12/16/2015 18:45,EST,Hydro,4183.0
12/16/2015 18:45,EST,Natural Gas,2446.0
12/16/2015 18:45,EST,Nuclear,4369.0
12/16/2015 18:45,EST,Other Fossil Fuels,221.0
12/16/2015 18:45,EST,Other Renewables,316.0
12/16/2015 18:45,EST,Wind,458.0
12/16/2015 18:50,EST,Dual Fuel,5198.0
12/16/2015 18:50,EST,Hydro,4209.0
12/16/2015 18:50,EST,Natural Gas,2437.0
12/16/2015 18:50,EST,Nuclear,4368.0
12/16/2015 18:50,EST,Other Fossil Fuels,222.0
12/16/2015 18:50,EST,Other Renewables,320.0
12/16/2015 18:50,EST,Wind,461.0
12/16/2015 18:55,EST,Dual Fuel,5197.0
12/16/2015 18:55,EST,Hydro,4189.0
12/16/2015 18:55,EST,Natural Gas,2423.0
12/16/2015 18:55,EST,Nuclear,4367.0
12/16/2015 18:55,EST,Other Fossil Fuels,222.0
12/16/2015 18:55,EST,Other Renewables,318.0
12/16/2015 18:55,EST,Wind,472.0
12/16/2015 19:00,EST,Dual Fuel,5226.0
12/16/2015 19:00,EST,Hydro,4166.0
12/16/2015 19:00,EST,Natural Gas,2432.0
12/16/2015 19:00,EST,Nuclear,4369.0
12/16/2015 19:00,EST,Other Fossil Fuels,221.0
12/16/2015 19:00,EST,Other Renewables,319.0
12/16/2015 19:00,EST,Wind,484.0
12/16/2015 19:05,EST,Dual Fuel,5301.0
12/16/2015 19:05,EST,Hydro,4128.0
12/16/2015 19:05,EST,Natural Gas,2423.0
12/16/2015 19:05,EST,Nuclear,4369.0
12/16/2015 19:05,EST,Other Fossil Fuels,221.0
12/16/2015 19:05,EST,Other Renewables,318.0
12/16/2015 19:05,EST,Wind,497.0
12/16/2015 19:10,EST,Dual Fuel,5310.0
12/16/2015 19:10,EST,Hydro,4130.0
12/16/2015 19:10,EST,Natural Gas,2417.0
12/16/2015 19:10,EST,Nuclear,4368.0
12/16/2015 19:10,EST,Other Fossil Fuels,222.0
12/16/2015 19:10,EST,Other Renewables,319.0
12/16/2015 19:10,EST,Wind,510.0
12/16/2015 19:15,EST,Dual Fuel,5313.0
12/16/2015 19:15,EST,Hydro,4056.0
12/16/2015 19:15,EST,Natural Gas,2420.0
12/16/2015 19:15,EST,Nuclear,4369.0
12/16/2015 19:15,EST,Other Fossil Fuels,222.0
12/16/2015 19:15,EST,Other Renewables,317.0
12/16/2015 19:15,EST,Wind,539.0
12/16/2015 19:20,EST,Dual Fuel,5310.0
12/16/2015 19:20,EST,Hydro,3959.0
12/16/2015 19:20,EST,Natural Gas,2419.0
12/16/2015 19:20,EST,Nuclear,4368.0
12/16/2015 19:20,EST,Other Fossil Fuels,222.0
12/16/2015 19:20,EST,Other Renewables,318.0
12/16/2015 19:20,EST,Wind,570.0
12/16/2015 19:25,EST,Dual Fuel,5235.0
12/16/2015 19:25,EST,Hydro,3965.0
12/16/2015 19:25,EST,Natural Gas,2410.0
12/16/2015 19:25,EST,Nuclear,4367.0
12/16/2015 19:25,EST,Other Fossil Fuels,221.0
12/16/2015 19:25,EST,Other Renewables,320.0
12/16/2015 19:25,EST,Wind,587.0
12/16/2015 19:30,EST,Dual Fuel,5180.0
12/16/2015 19:30,EST,Hydro,3955.0
12/16/2015 19:30,EST,Natural Gas,2384.0
12/16/2015 19:30,EST,Nuclear,4368.0
12/16/2015 19:30,EST,Other Fossil Fuels,222.0
12/16/2015 19:30,EST,Other Renewables,317.0
12/16/2015 19:30,EST,Wind,597.0
12/16/2015 19:35,EST,Dual Fuel,5176.0
12/16/2015 19:35,EST,Hydro,3961.0
12/16/2015 19:35,EST,Natural Gas,2390.0
12/16/2015 19:35,EST,Nuclear,4368.0
12/16/2015 19:35,EST,Other Fossil Fuels,219.0
12/16/2015 19:35,EST,Other Renewables,318.0
12/16/2015 19:35,EST,Wind,621.0
12/16/2015 19:40,EST,Dual Fuel,5212.0
12/16/2015 19:40,EST,Hydro,3944.0
12/16/2015 19:40,EST,Natural Gas,2384.0
12/16/2015 19:40,EST,Nuclear,4366.0
12/16/2015 19:40,EST,Other Fossil Fuels,222.0
12/16/2015 19:40,EST,Other Renewables,321.0
12/16/2015 19:40,EST,Wind,640.0
12/16/2015 19:45,EST,Dual Fuel,5114.0
12/16/2015 19:45,EST,Hydro,3924.0
12/16/2015 19:45,EST,Natural Gas,2391.0
12/16/2015 19:45,EST,Nuclear,4371.0
12/16/2015 19:45,EST,Other Fossil Fuels,215.0
12/16/2015 19:45,EST,Other Renewables,321.0
12/16/2015 19:45,EST,Wind,659.0
12/16/2015 19:50,EST,Dual Fuel,4981.0
12/16/2015 19:50,EST,Hydro,3987.0
12/16/2015 19:50,EST,Natural Gas,2414.0
12/16/2015 19:50,EST,Nuclear,4368.0
12/16/2015 19:50,EST,Other Fossil Fuels,206.0
12/16/2015 19:50,EST,Other Renewables,321.0
12/16/2015 19:50,EST,Wind,690.0
12/16/2015 19:55,EST,Dual Fuel,4952.0
12/16/2015 19:55,EST,Hydro,3970.0
12/16/2015 19:55,EST,Natural Gas,2399.0
12/16/2015 19:55,EST,Nuclear,4368.0
12/16/2015 19:55,EST,Other Fossil Fuels,199.0
12/16/2015 19:55,EST,Other Renewables,319.0
12/16/2015 19:55,EST,Wind,726.0
12/16/2015 20:00,EST,Dual Fuel,4908.0
12/16/2015 20:00,EST,Hydro,3913.0
12/16/2015 20:00,EST,Natural Gas,2390.0
12/16/2015 20:00,EST,Nuclear,4368.0
12/16/2015 20:00,EST,Other Fossil Fuels,190.0
12/16/2015 20:00,EST,Other Renewables,319.0
12/16/2015 20:00,EST,Wind,744.0
12/16/2015 20:05,EST,Dual Fuel,4896.0
12/16/2015 20:05,EST,Hydro,3897.0
12/16/2015 20:05,EST,Natural Gas,2370.0
12/16/2015 20:05,EST,Nuclear,4369.0
12/16/2015 20:05,EST,Other Fossil Fuels,182.0
12/16/2015 20:05,EST,Other Renewables,320.0
12/16/2015 20:05,EST,Wind,756.0
12/16/2015 20:10,EST,Dual Fuel,4894.0
12/16/2015 20:10,EST,Hydro,3825.0
12/16/2015 20:10,EST,Natural Gas,2332.0
12/16/2015 20:10,EST,Nuclear,4368.0
12/16/2015 20:10,EST,Other Fossil Fuels,175.0
12/16/2015 20:10,EST,Other Renewables,321.0
12/16/2015 20:10,EST,Wind,769.0
12/16/2015 20:15,EST,Dual Fuel,4805.0
12/16/2015 20:15,EST,Hydro,3775.0
12/16/2015 20:15,EST,Natural Gas,2318.0
12/16/2015 20:15,EST,Nuclear,4369.0
12/16/2015 20:15,EST,Other Fossil Fuels,167.0
12/16/2015 20:15,EST,Other Renewables,321.0
12/16/2015 20:15,EST,Wind,784.0
12/16/2015 20:20,EST,Dual Fuel,4714.0
12/16/2015 20:20,EST,Hydro,3812.0
12/16/2015 20:20,EST,Natural Gas,2308.0
12/16/2015 20:20,EST,Nuclear,4369.0
12/16/2015 20:20,EST,Other Fossil Fuels,163.0
12/16/2015 20:20,EST,Other Renewables,320.0
12/16/2015 20:20,EST,Wind,811.0
12/16/2015 20:25,EST,Dual Fuel,4685.0
12/16/2015 20:25,EST,Hydro,3794.0
12/16/2015 20:25,EST,Natural Gas,2305.0
12/16/2015 20:25,EST,Nuclear,4368.0
12/16/2015 20:25,EST,Other Fossil Fuels,161.0
12/16/2015 20:25,EST,Other Renewables,322.0
12/16/2015 20:25,EST,Wind,829.0
12/16/2015 20:30,EST,Dual Fuel,4686.0
12/16/2015 20:30,EST,Hydro,3767.0
12/16/2015 20:30,EST,Natural Gas,2308.0
12/16/2015 20:30,EST,Nuclear,4366.0
12/16/2015 20:30,EST,Other Fossil Fuels,161.0
12/16/2015 20:30,EST,Other Renewables,321.0
12/16/2015 20:30,EST,Wind,830.0
12/16/2015 20:35,EST,Dual Fuel,4702.0
12/16/2015 20:35,EST,Hydro,3704.0
12/16/2015 20:35,EST,Natural Gas,2327.0
12/16/2015 20:35,EST,Nuclear,4369.0
12/16/2015 20:35,EST,Other Fossil Fuels,162.0
12/16/2015 20:35,EST,Other Renewables,322.0
12/16/2015 20:35,EST,Wind,829.0
12/16/2015 20:40,EST,Dual Fuel,4692.0
12/16/2015 20:40,EST,Hydro,3637.0
12/16/2015 20:40,EST,Natural Gas,2334.0
12/16/2015 20:40,EST,Nuclear,4369.0
12/16/2015 20:40,EST,Other Fossil Fuels,163.0
12/16/2015 20:40,EST,Other Renewables,321.0
12/16/2015 20:40,EST,Wind,841.0
12/16/2015 20:45,EST,Dual Fuel,4690.0
12/16/2015 20:45,EST,Hydro,3572.0
12/16/2015 20:45,EST,Natural Gas,2302.0
12/16/2015 20:45,EST,Nuclear,4368.0
12/16/2015 20:45,EST,Other Fossil Fuels,163.0
12/16/2015 20:45,EST,Other Renewables,321.0
12/16/2015 20:45,EST,Wind,862.0
12/16/2015 20:50,EST,Dual Fuel,4742.0
12/16/2015 20:50,EST,Hydro,3565.0
12/16/2015 20:50,EST,Natural Gas,2296.0
12/16/2015 20:50,EST,Nuclear,4370.0
12/16/2015 20:50,EST,Other Fossil Fuels,164.0
12/16/2015 20:50,EST,Other Renewables,322.0
12/16/2015 20:50,EST,Wind,877.0
12/16/2015 20:55,EST,Dual Fuel,4757.0
12/16/2015 20:55,EST,Hydro,3495.0
12/16/2015 20:55,EST,Natural Gas,2250.0
12/16/2015 20:55,EST,Nuclear,4369.0
12/16/2015 20:55,EST,Other Fossil Fuels,205.0
12/16/2015 20:55,EST,Other Renewables,319.0
12/16/2015 20:55,EST,Wind,881.0
12/16/2015 21:00,EST,Dual Fuel,4751.0
12/16/2015 21:00,EST,Hydro,3526.0
12/16/2015 21:00,EST,Natural Gas,2234.0
12/16/2015 21:00,EST,Nuclear,4368.0
12/16/2015 21:00,EST,Other Fossil Fuels,185.0
12/16/2015 21:00,EST,Other Renewables,319.0
12/16/2015 21:00,EST,Wind,861.0
12/16/2015 21:05,EST,Dual Fuel,4859.0
12/16/2015 21:05,EST,Hydro,3647.0
12/16/2015 21:05,EST,Natural Gas,2311.0
12/16/2015 21:05,EST,Nuclear,4369.0
12/16/2015 21:05,EST,Other Fossil Fuels,163.0
12/16/2015 21:05,EST,Other Renewables,318.0
12/16/2015 21:05,EST,Wind,867.0
12/16/2015 21:10,EST,Dual Fuel,4884.0
12/16/2015 21:10,EST,Hydro,3708.0
12/16/2015 21:10,EST,Natural Gas,2303.0
12/16/2015 21:10,EST,Nuclear,4368.0
12/16/2015 21:10,EST,Other Fossil Fuels,161.0
12/16/2015 21:10,EST,Other Renewables,318.0
12/16/2015 21:10,EST,Wind,860.0
12/16/2015 21:15,EST,Dual Fuel,4872.0
12/16/2015 21:15,EST,Hydro,3792.0
12/16/2015 21:15,EST,Natural Gas,2186.0
12/16/2015 21:15,EST,Nuclear,4367.0
12/16/2015 21:15,EST,Other Fossil Fuels,161.0
12/16/2015 21:15,EST,Other Renewables,316.0
12/16/2015 21:15,EST,Wind,879.0
12/16/2015 21:20,EST,Dual Fuel,4913.0
12/16/2015 21:20,EST,Hydro,3782.0
12/16/2015 21:20,EST,Natural Gas,2107.0
12/16/2015 21:20,EST,Nuclear,4370.0
12/16/2015 21:20,EST,Other Fossil Fuels,156.0
12/16/2015 21:20,EST,Other Renewables,315.0
12/16/2015 21:20,EST,Wind,903.0
12/16/2015 21:25,EST,Dual Fuel,4898.0
12/16/2015 21:25,EST,Hydro,3753.0
12/16/2015 21:25,EST,Natural Gas,2092.0
12/16/2015 21:25,EST,Nuclear,4369.0
12/16/2015 21:25,EST,Other Fossil Fuels,147.0
12/16/2015 21:25,EST,Other Renewables,318.0
12/16/2015 21:25,EST,Wind,921.0
12/16/2015 21:30,EST,Dual Fuel,4871.0
12/16/2015 21:30,EST,Hydro,3750.0
12/16/2015 21:30,EST,Natural Gas,2097.0
12/16/2015 21:30,EST,Nuclear,4369.0
12/16/2015 21:30,EST,Other Fossil Fuels,139.0
12/16/2015 21:30,EST,Other Renewables,319.0
12/16/2015 21:30,EST,Wind,946.0
12/16/2015 21:35,EST,Dual Fuel,4853.0
12/16/2015 21:35,EST,Hydro,3652.0
12/16/2015 21:35,EST,Natural Gas,2094.0
12/16/2015 21:35,EST,Nuclear,4370.0
12/16/2015 21:35,EST,Other Fossil Fuels,132.0
12/16/2015 21:35,EST,Other Renewables,319.0
12/16/2015 21:35,EST,Wind,970.0
12/16/2015 21:40,EST,Dual Fuel,4749.0
12/16/2015 21:40,EST,Hydro,3587.0
12/16/2015 21:40,EST,Natural Gas,2090.0
12/16/2015 21:40,EST,Nuclear,4369.0
12/16/2015 21:40,EST,Other Fossil Fuels,124.0
12/16/2015 21:40,EST,Other Renewables,322.0
12/16/2015 21:40,EST,Wind,1005.0
12/16/2015 21:45,EST,Dual Fuel,4705.0
12/16/2015 21:45,EST,Hydro,3521.0
12/16/2015 21:45,EST,Natural Gas,2099.0
12/16/2015 21:45,EST,Nuclear,4367.0
12/16/2015 21:45,EST,Other Fossil Fuels,121.0
12/16/2015 21:45,EST,Other Renewables,321.0
12/16/2015 21:45,EST,Wind,1018.0
12/16/2015 21:50,EST,Dual Fuel,4669.0
12/16/2015 21:50,EST,Hydro,3404.0
12/16/2015 21:50,EST,Natural Gas,2085.0
12/16/2015 21:50,EST,Nuclear,4366.0
12/16/2015 21:50,EST,Other Fossil Fuels,121.0
12/16/2015 21:50,EST,Other Renewables,321.0
12/16/2015 21:50,EST,Wind,1000.0
12/16/2015 21:55,EST,Dual Fuel,4614.0
12/16/2015 21:55,EST,Hydro,3314.0
12/16/2015 21:55,EST,Natural Gas,2055.0
12/16/2015 21:55,EST,Nuclear,4369.0
12/16/2015 21:55,EST,Other Fossil Fuels,121.0
12/16/2015 21:55,EST,Other Renewables,319.0
12/16/2015 21:55,EST,Wind,990.0
12/16/2015 22:00,EST,Dual Fuel,4519.0
12/16/2015 22:00,EST,Hydro,3324.0
12/16/2015 22:00,EST,Natural Gas,2038.0
12/16/2015 22:00,EST,Nuclear,4368.0
12/16/2015 22:00,EST,Other Fossil Fuels,121.0
12/16/2015 22:00,EST,Other Renewables,321.0
12/16/2015 22:00,EST,Wind,989.0
12/16/2015 22:05,EST,Dual Fuel,4522.0
12/16/2015 22:05,EST,Hydro,3235.0
12/16/2015 22:05,EST,Natural Gas,1993.0
12/16/2015 22:05,EST,Nuclear,4369.0
12/16/2015 22:05,EST,Other Fossil Fuels,121.0
12/16/2015 22:05,EST,Other Renewables,322.0
12/16/2015 22:05,EST,Wind,1010.0
12/16/2015 22:10,EST,Dual Fuel,4447.0
12/16/2015 22:10,EST,Hydro,3179.0
12/16/2015 22:10,EST,Natural Gas,1895.0
12/16/2015 22:10,EST,Nuclear,4368.0
12/16/2015 22:10,EST,Other Fossil Fuels,122.0
12/16/2015 22:10,EST,Other Renewables,319.0
12/16/2015 22:10,EST,Wind,1023.0
12/16/2015 22:15,EST,Dual Fuel,4348.0
12/16/2015 22:15,EST,Hydro,3175.0
12/16/2015 22:15,EST,Natural Gas,1852.0
12/16/2015 22:15,EST,Nuclear,4369.0
12/16/2015 22:15,EST,Other Fossil Fuels,122.0
12/16/2015 22:15,EST,Other Renewables,318.0
12/16/2015 22:15,EST,Wind,1042.0
12/16/2015 22:20,EST,Dual Fuel,4264.0
12/16/2015 22:20,EST,Hydro,3174.0
12/16/2015 22:20,EST,Natural Gas,1879.0
12/16/2015 22:20,EST,Nuclear,4369.0
12/16/2015 22:20,EST,Other Fossil Fuels,123.0
12/16/2015 22:20,EST,Other Renewables,319.0
12/16/2015 22:20,EST,Wind,1013.0
12/16/2015 22:25,EST,Dual Fuel,4221.0
12/16/2015 22:25,EST,Hydro,3170.0
12/16/2015 22:25,EST,Natural Gas,1844.0
12/16/2015 22:25,EST,Nuclear,4368.0
12/16/2015 22:25,EST,Other Fossil Fuels,123.0
12/16/2015 22:25,EST,Other Renewables,316.0
12/16/2015 22:25,EST,Wind,1000.0
12/16/2015 22:30,EST,Dual Fuel,4143.0
12/16/2015 22:30,EST,Hydro,3178.0
12/16/2015 22:30,EST,Natural Gas,1796.0
12/16/2015 22:30,EST,Nuclear,4368.0
12/16/2015 22:30,EST,Other Fossil Fuels,122.0
12/16/2015 22:30,EST,Other Renewables,316.0
12/16/2015 22:30,EST,Wind,983.0
12/16/2015 22:35,EST,Dual Fuel,4101.0
12/16/2015 22:35,EST,Hydro,3164.0
12/16/2015 22:35,EST,Natural Gas,1759.0
12/16/2015 22:35,EST,Nuclear,4369.0
12/16/2015 22:35,EST,Other Fossil Fuels,122.0
12/16/2015 22:35,EST,Other Renewables,313.0
12/16/2015 22:35,EST,Wind,985.0
12/16/2015 22:40,EST,Dual Fuel,4056.0
12/16/2015 22:40,EST,Hydro,3166.0
12/16/2015 22:40,EST,Natural Gas,1736.0
12/16/2015 22:40,EST,Nuclear,4367.0
12/16/2015 22:40,EST,Other Fossil Fuels,122.0
12/16/2015 22:40,EST,Other Renewables,313.0
12/16/2015 22:40,EST,Wind,1028.0
12/16/2015 22:45,EST,Dual Fuel,3890.0
12/16/2015 22:45,EST,Hydro,3113.0
12/16/2015 22:45,EST,Natural Gas,1721.0
12/16/2015 22:45,EST,Nuclear,4368.0
12/16/2015 22:45,EST,Other Fossil Fuels,123.0
12/16/2015 22:45,EST,Other Renewables,314.0
12/16/2015 22:45,EST,Wind,1038.0
12/16/2015 22:50,EST,Dual Fuel,3932.0
12/16/2015 22:50,EST,Hydro,3030.0
12/16/2015 22:50,EST,Natural Gas,1706.0
12/16/2015 22:50,EST,Nuclear,4368.0
12/16/2015 22:50,EST,Other Fossil Fuels,122.0
12/16/2015 22:50,EST,Other Renewables,317.0
12/16/2015 22:50,EST,Wind,1029.0
12/16/2015 22:55,EST,Dual Fuel,3899.0
12/16/2015 22:55,EST,Hydro,2938.0
12/16/2015 22:55,EST,Natural Gas,1676.0
12/16/2015 22:55,EST,Nuclear,4367.0
12/16/2015 22:55,EST,Other Fossil Fuels,121.0
12/16/2015 22:55,EST,Other Renewables,320.0
12/16/2015 22:55,EST,Wind,1027.0
12/16/2015 23:00,EST,Dual Fuel,3893.0
12/16/2015 23:00,EST,Hydro,2815.0
12/16/2015 23:00,EST,Natural Gas,1657.0
12/16/2015 23:00,EST,Nuclear,4369.0
12/16/2015 23:00,EST,Other Fossil Fuels,121.0
12/16/2015 23:00,EST,Other Renewables,320.0
12/16/2015 23:00,EST,Wind,1039.0
12/16/2015 23:05,EST,Dual Fuel,3901.0
12/16/2015 23:05,EST,Hydro,2664.0
12/16/2015 23:05,EST,Natural Gas,1724.0
12/16/2015 23:05,EST,Nuclear,4369.0
12/16/2015 23:05,EST,Other Fossil Fuels,122.0
12/16/2015 23:05,EST,Other Renewables,321.0
12/16/2015 23:05,EST,Wind,1032.0
12/16/2015 23:10,EST,Dual Fuel,3845.0
12/16/2015 23:10,EST,Hydro,2488.0
12/16/2015 23:10,EST,Natural Gas,1727.0
12/16/2015 23:10,EST,Nuclear,4368.0
12/16/2015 23:10,EST,Other Fossil Fuels,121.0
12/16/2015 23:10,EST,Other Renewables,320.0
12/16/2015 23:10,EST,Wind,1033.0
12/16/2015 23:15,EST,Dual Fuel,3819.0
12/16/2015 23:15,EST,Hydro,2324.0
12/16/2015 23:15,EST,Natural Gas,1692.0
12/16/2015 23:15,EST,Nuclear,4369.0
12/16/2015 23:15,EST,Other Fossil Fuels,121.0
12/16/2015 23:15,EST,Other Renewables,320.0
12/16/2015 23:15,EST,Wind,1018.0
12/16/2015 23:20,EST,Dual Fuel,3783.0
12/16/2015 23:20,EST,Hydro,2281.0
12/16/2015 23:20,EST,Natural Gas,1665.0
12/16/2015 23:20,EST,Nuclear,4367.0
12/16/2015 23:20,EST,Other Fossil Fuels,121.0
12/16/2015 23:20,EST,Other Renewables,319.0
12/16/2015 23:20,EST,Wind,998.0
12/16/2015 23:25,EST,Dual Fuel,3752.0
12/16/2015 23:25,EST,Hydro,2209.0
12/16/2015 23:25,EST,Natural Gas,1626.0
12/16/2015 23:25,EST,Nuclear,4368.0
12/16/2015 23:25,EST,Other Fossil Fuels,121.0
12/16/2015 23:25,EST,Other Renewables,316.0
12/16/2015 23:25,EST,Wind,1009.0
12/16/2015 23:30,EST,Dual Fuel,3698.0
12/16/2015 23:30,EST,Hydro,2215.0
12/16/2015 23:30,EST,Natural Gas,1550.0
12/16/2015 23:30,EST,Nuclear,4370.0
12/16/2015 23:30,EST,Other Fossil Fuels,120.0
12/16/2015 23:30,EST,Other Renewables,315.0
12/16/2015 23:30,EST,Wind,1006.0
12/16/2015 23:35,EST,Dual Fuel,3645.0
12/16/2015 23:35,EST,Hydro,2229.0
12/16/2015 23:35,EST,Natural Gas,1506.0
12/16/2015 23:35,EST,Nuclear,4368.0
12/16/2015 23:35,EST,Other Fossil Fuels,120.0
12/16/2015 23:35,EST,Other Renewables,318.0
12/16/2015 23:35,EST,Wind,993.0
12/16/2015 23:40,EST,Dual Fuel,3556.0
12/16/2015 23:40,EST,Hydro,2247.0
12/16/2015 23:40,EST,Natural Gas,1504.0
12/16/2015 23:40,EST,Nuclear,4367.0
12/16/2015 23:40,EST,Other Fossil Fuels,120.0
12/16/2015 23:40,EST,Other Renewables,318.0
12/16/2015 23:40,EST,Wind,989.0
12/16/2015 23:45,EST,Dual Fuel,3460.0
12/16/2015 23:45,EST,Hydro,2263.0
12/16/2015 23:45,EST,Natural Gas,1507.0
12/16/2015 23:45,EST,Nuclear,4368.0
12/16/2015 23:45,EST,Other Fossil Fuels,120.0
12/16/2015 23:45,EST,Other Renewables,316.0
12/16/2015 23:45,EST,Wind,976.0
12/16/2015 23:50,EST,Dual Fuel,3431.0
12/16/2015 23:50,EST,Hydro,2252.0
12/16/2015 23:50,EST,Natural Gas,1501.0
12/16/2015 23:50,EST,Nuclear,4366.0
12/16/2015 23:50,EST,Other Fossil Fuels,120.0
12/16/2015 23:50,EST,Other Renewables,314.0
12/16/2015 23:50,EST,Wind,953.0
12/16/2015 23:55,EST,Dual Fuel,3398.0
12/16/2015 23:55,EST,Hydro,2216.0
12/16/2015 23:55,EST,Natural Gas,1499.0
12/16/2015 23:55,EST,Nuclear,4370.0
12/16/2015 23:55,EST,Other Fossil Fuels,120.0
12/16/2015 23:55,EST,Other Renewables,312.0
12/16/2015 23:55,EST,Wind,939.0
12/17/2015 00:00,EST,Dual Fuel,3377.0
12/17/2015 00:00,EST,Hydro,2237.0
12/17/2015 00:00,EST,Natural Gas,1518.0
12/17/2015 00:00,EST,Nuclear,4369.0
12/17/2015 00:00,EST,Other Fossil Fuels,120.0
12/17/2015 00:00,EST,Other Renewables,312.0
12/17/2015 00:00,EST,Wind,903.0