Time Stamp,Time Zone,Fuel Category,Gen MWh
12/12/2015 00:05,EST,Dual Fuel,2071.0
12/12/2015 00:05,EST,Hydro,2816.0
12/12/2015 00:05,EST,Natural Gas,1727.0
12/12/2015 00:05,EST,Nuclear,5416.0
12/12/2015 00:05,EST,Other Fossil Fuels,37.0
12/12/2015 00:05,EST,Other Renewables,303.0
12/12/2015 00:05,EST,Wind,726.0
12/12/2015 00:10,EST,Dual Fuel,2122.0
12/12/2015 00:10,EST,Hydro,2886.0
12/12/2015 00:10,EST,Natural Gas,1679.0
12/12/2015 00:10,EST,Nuclear,5417.0
12/12/2015 00:10,EST,Other Fossil Fuels,37.0
12/12/2015 00:10,EST,Other Renewables,302.0
12/12/2015 00:10,EST,Wind,716.0
12/12/2015 00:15,EST,Dual Fuel,2121.0
12/12/2015 00:15,EST,Hydro,2991.0
12/12/2015 00:15,EST,Natural Gas,1555.0
12/12/2015 00:15,EST,Nuclear,5416.0
12/12/2015 00:15,EST,Other Fossil Fuels,37.0
12/12/2015 00:15,EST,Other Renewables,305.0
12/12/2015 00:15,EST,Wind,703.0
12/12/2015 00:20,EST,Dual Fuel,2153.0
12/12/2015 00:20,EST,Hydro,2976.0
12/12/2015 00:20,EST,Natural Gas,1529.0
12/12/2015 00:20,EST,Nuclear,5419.0
12/12/2015 00:20,EST,Other Fossil Fuels,37.0
12/12/2015 00:20,EST,Other Renewables,303.0
12/12/2015 00:20,EST,Wind,701.0
12/12/2015 00:25,EST,Dual Fuel,2101.0
12/12/2015 00:25,EST,Hydro,2929.0
12/12/2015 00:25,EST,Natural Gas,1527.0
12/12/2015 00:25,EST,Nuclear,5418.0
12/12/2015 00:25,EST,Other Fossil Fuels,37.0
12/12/2015 00:25,EST,Other Renewables,302.0
12/12/2015 00:25,EST,Wind,717.0
12/12/2015 00:30,EST,Dual Fuel,2068.0
12/12/2015 00:30,EST,Hydro,2897.0
12/12/2015 00:30,EST,Natural Gas,1507.0
12/12/2015 00:30,EST,Nuclear,5417.0
12/12/2015 00:30,EST,Other Fossil Fuels,37.0
12/12/2015 00:30,EST,Other Renewables,303.0
12/12/2015 00:30,EST,Wind,729.0
12/12/2015 00:35,EST,Dual Fuel,2096.0
12/12/2015 00:35,EST,Hydro,2907.0
12/12/2015 00:35,EST,Natural Gas,1486.0
12/12/2015 00:35,EST,Nuclear,5417.0
12/12/2015 00:35,EST,Other Fossil Fuels,37.0
12/12/2015 00:35,EST,Other Renewables,302.0
12/12/2015 00:35,EST,Wind,738.0
12/12/2015 00:40,EST,Dual Fuel,2097.0
12/12/2015 00:40,EST,Hydro,2944.0
12/12/2015 00:40,EST,Natural Gas,1471.0
12/12/2015 00:40,EST,Nuclear,5417.0
12/12/2015 00:40,EST,Other Fossil Fuels,37.0
12/12/2015 00:40,EST,Other Renewables,300.0
12/12/2015 00:40,EST,Wind,750.0
12/12/2015 00:45,EST,Dual Fuel,2038.0
12/12/2015 00:45,EST,Hydro,2939.0
12/12/2015 00:45,EST,Natural Gas,1432.0
12/12/2015 00:45,EST,Nuclear,5416.0
12/12/2015 00:45,EST,Other Fossil Fuels,37.0
12/12/2015 00:45,EST,Other Renewables,302.0
12/12/2015 00:45,EST,Wind,740.0
12/12/2015 00:50,EST,Dual Fuel,1988.0
12/12/2015 00:50,EST,Hydro,2945.0
12/12/2015 00:50,EST,Natural Gas,1398.0
12/12/2015 00:50,EST,Nuclear,5419.0
12/12/2015 00:50,EST,Other Fossil Fuels,37.0
12/12/2015 00:50,EST,Other Renewables,302.0
12/12/2015 00:50,EST,Wind,722.0
12/12/2015 00:55,EST,Dual Fuel,1959.0
12/12/2015 00:55,EST,Hydro,2984.0
12/12/2015 00:55,EST,Natural Gas,1383.0
12/12/2015 00:55,EST,Nuclear,5416.0
12/12/2015 00:55,EST,Other Fossil Fuels,38.0
12/12/2015 00:55,EST,Other Renewables,299.0
12/12/2015 00:55,EST,Wind,699.0
12/12/2015 01:00,EST,Dual Fuel,1998.0
12/12/2015 01:00,EST,Hydro,2934.0
12/12/2015 01:00,EST,Natural Gas,1384.0
12/12/2015 01:00,EST,Nuclear,5419.0
12/12/2015 01:00,EST,Other Fossil Fuels,38.0
12/12/2015 01:00,EST,Other Renewables,299.0
12/12/2015 01:00,EST,Wind,684.0
12/12/2015 01:05,EST,Dual Fuel,2133.0
12/12/2015 01:05,EST,Hydro,2992.0
12/12/2015 01:05,EST,Natural Gas,1398.0
12/12/2015 01:05,EST,Nuclear,5418.0
12/12/2015 01:05,EST,Other Fossil Fuels,38.0
12/12/2015 01:05,EST,Other Renewables,304.0
12/12/2015 01:05,EST,Wind,667.0
12/12/2015 01:10,EST,Dual Fuel,2159.0
12/12/2015 01:10,EST,Hydro,3099.0
12/12/2015 01:10,EST,Natural Gas,1392.0
12/12/2015 01:10,EST,Nuclear,5417.0
12/12/2015 01:10,EST,Other Fossil Fuels,38.0
12/12/2015 01:10,EST,Other Renewables,302.0
12/12/2015 01:10,EST,Wind,658.0
12/12/2015 01:15,EST,Dual Fuel,2106.0
12/12/2015 01:15,EST,Hydro,3106.0
12/12/2015 01:15,EST,Natural Gas,1383.0
12/12/2015 01:15,EST,Nuclear,5416.0
12/12/2015 01:15,EST,Other Fossil Fuels,37.0
12/12/2015 01:15,EST,Other Renewables,304.0
12/12/2015 01:15,EST,Wind,646.0
12/12/2015 01:20,EST,Dual Fuel,2106.0
12/12/2015 01:20,EST,Hydro,3003.0
12/12/2015 01:20,EST,Natural Gas,1387.0
12/12/2015 01:20,EST,Nuclear,5418.0
12/12/2015 01:20,EST,Other Fossil Fuels,37.0
12/12/2015 01:20,EST,Other Renewables,308.0
12/12/2015 01:20,EST,Wind,648.0
12/12/2015 01:25,EST,Dual Fuel,2102.0
12/12/2015 01:25,EST,Hydro,2981.0
12/12/2015 01:25,EST,Natural Gas,1388.0
12/12/2015 01:25,EST,Nuclear,5419.0
12/12/2015 01:25,EST,Other Fossil Fuels,37.0
12/12/2015 01:25,EST,Other Renewables,306.0
12/12/2015 01:25,EST,Wind,633.0
12/12/2015 01:30,EST,Dual Fuel,2064.0
12/12/2015 01:30,EST,Hydro,2935.0
12/12/2015 01:30,EST,Natural Gas,1387.0
12/12/2015 01:30,EST,Nuclear,5419.0
12/12/2015 01:30,EST,Other Fossil Fuels,38.0
12/12/2015 01:30,EST,Other Renewables,304.0
12/12/2015 01:30,EST,Wind,616.0
12/12/2015 01:35,EST,Dual Fuel,2066.0
12/12/2015 01:35,EST,Hydro,2946.0
12/12/2015 01:35,EST,Natural Gas,1387.0
12/12/2015 01:35,EST,Nuclear,5418.0
12/12/2015 01:35,EST,Other Fossil Fuels,37.0
12/12/2015 01:35,EST,Other Renewables,304.0
12/12/2015 01:35,EST,Wind,602.0
12/12/2015 01:40,EST,Dual Fuel,2049.0
12/12/2015 01:40,EST,Hydro,2983.0
12/12/2015 01:40,EST,Natural Gas,1383.0
12/12/2015 01:40,EST,Nuclear,5417.0
12/12/2015 01:40,EST,Other Fossil Fuels,37.0
12/12/2015 01:40,EST,Other Renewables,303.0
12/12/2015 01:40,EST,Wind,590.0
12/12/2015 01:45,EST,Dual Fuel,2033.0
12/12/2015 01:45,EST,Hydro,3000.0
12/12/2015 01:45,EST,Natural Gas,1394.0
12/12/2015 01:45,EST,Nuclear,5417.0
12/12/2015 01:45,EST,Other Fossil Fuels,37.0
12/12/2015 01:45,EST,Other Renewables,305.0
12/12/2015 01:45,EST,Wind,579.0
12/12/2015 01:50,EST,Dual Fuel,2049.0
12/12/2015 01:50,EST,Hydro,2970.0
12/12/2015 01:50,EST,Natural Gas,1397.0
12/12/2015 01:50,EST,Nuclear,5418.0
12/12/2015 01:50,EST,Other Fossil Fuels,37.0
12/12/2015 01:50,EST,Other Renewables,307.0
12/12/2015 01:50,EST,Wind,541.0
12/12/2015 01:55,EST,Dual Fuel,2060.0
12/12/2015 01:55,EST,Hydro,2990.0
12/12/2015 01:55,EST,Natural Gas,1381.0
12/12/2015 01:55,EST,Nuclear,5417.0
12/12/2015 01:55,EST,Other Fossil Fuels,37.0
12/12/2015 01:55,EST,Other Renewables,304.0
12/12/2015 01:55,EST,Wind,529.0
12/12/2015 02:00,EST,Dual Fuel,2061.0
12/12/2015 02:00,EST,Hydro,2957.0
12/12/2015 02:00,EST,Natural Gas,1380.0
12/12/2015 02:00,EST,Nuclear,5416.0
12/12/2015 02:00,EST,Other Fossil Fuels,37.0
12/12/2015 02:00,EST,Other Renewables,302.0
12/12/2015 02:00,EST,Wind,537.0
12/12/2015 02:05,EST,Dual Fuel,2101.0
12/12/2015 02:05,EST,Hydro,2962.0
12/12/2015 02:05,EST,Natural Gas,1383.0
12/12/2015 02:05,EST,Nuclear,5416.0
12/12/2015 02:05,EST,Other Fossil Fuels,37.0
12/12/2015 02:05,EST,Other Renewables,303.0
12/12/2015 02:05,EST,Wind,533.0
12/12/2015 02:10,EST,Dual Fuel,2064.0
12/12/2015 02:10,EST,Hydro,2978.0
12/12/2015 02:10,EST,Natural Gas,1382.0
12/12/2015 02:10,EST,Nuclear,5415.0
12/12/2015 02:10,EST,Other Fossil Fuels,37.0
12/12/2015 02:10,EST,Other Renewables,301.0
12/12/2015 02:10,EST,Wind,528.0
12/12/2015 02:15,EST,Dual Fuel,2007.0
12/12/2015 02:15,EST,Hydro,3028.0
12/12/2015 02:15,EST,Natural Gas,1382.0
12/12/2015 02:15,EST,Nuclear,5413.0
12/12/2015 02:15,EST,Other Fossil Fuels,37.0
12/12/2015 02:15,EST,Other Renewables,304.0
12/12/2015 02:15,EST,Wind,512.0
12/12/2015 02:20,EST,Dual Fuel,1971.0
12/12/2015 02:20,EST,Hydro,3092.0
12/12/2015 02:20,EST,Natural Gas,1384.0
12/12/2015 02:20,EST,Nuclear,5415.0
12/12/2015 02:20,EST,Other Fossil Fuels,37.0
12/12/2015 02:20,EST,Other Renewables,301.0
12/12/2015 02:20,EST,Wind,494.0
12/12/2015 02:25,EST,Dual Fuel,1942.0
12/12/2015 02:25,EST,Hydro,3154.0
12/12/2015 02:25,EST,Natural Gas,1377.0
12/12/2015 02:25,EST,Nuclear,5415.0
12/12/2015 02:25,EST,Other Fossil Fuels,37.0
12/12/2015 02:25,EST,Other Renewables,298.0
12/12/2015 02:25,EST,Wind,469.0
12/12/2015 02:30,EST,Dual Fuel,1944.0
12/12/2015 02:30,EST,Hydro,3200.0
12/12/2015 02:30,EST,Natural Gas,1384.0
12/12/2015 02:30,EST,Nuclear,5415.0
12/12/2015 02:30,EST,Other Fossil Fuels,37.0
12/12/2015 02:30,EST,Other Renewables,302.0
12/12/2015 02:30,EST,Wind,439.0
12/12/2015 02:35,EST,Dual Fuel,1954.0
12/12/2015 02:35,EST,Hydro,3229.0
12/12/2015 02:35,EST,Natural Gas,1406.0
12/12/2015 02:35,EST,Nuclear,5416.0
12/12/2015 02:35,EST,Other Fossil Fuels,37.0
12/12/2015 02:35,EST,Other Renewables,298.0
12/12/2015 02:35,EST,Wind,416.0
12/12/2015 02:40,EST,Dual Fuel,1972.0
12/12/2015 02:40,EST,Hydro,3228.0
12/12/2015 02:40,EST,Natural Gas,1424.0
12/12/2015 02:40,EST,Nuclear,5411.0
12/12/2015 02:40,EST,Other Fossil Fuels,37.0
12/12/2015 02:40,EST,Other Renewables,300.0
12/12/2015 02:40,EST,Wind,407.0
12/12/2015 02:45,EST,Dual Fuel,1956.0
12/12/2015 02:45,EST,Hydro,3134.0
12/12/2015 02:45,EST,Natural Gas,1379.0
12/12/2015 02:45,EST,Nuclear,5409.0
12/12/2015 02:45,EST,Other Fossil Fuels,37.0
12/12/2015 02:45,EST,Other Renewables,301.0
12/12/2015 02:45,EST,Wind,422.0
12/12/2015 02:50,EST,Dual Fuel,1919.0
12/12/2015 02:50,EST,Hydro,3164.0
12/12/2015 02:50,EST,Natural Gas,1381.0
12/12/2015 02:50,EST,Nuclear,5407.0
12/12/2015 02:50,EST,Other Fossil Fuels,37.0
12/12/2015 02:50,EST,Other Renewables,305.0
12/12/2015 02:50,EST,Wind,419.0
12/12/2015 02:55,EST,Dual Fuel,1909.0
12/12/2015 02:55,EST,Hydro,3190.0
12/12/2015 02:55,EST,Natural Gas,1378.0
12/12/2015 02:55,EST,Nuclear,5406.0
12/12/2015 02:55,EST,Other Fossil Fuels,37.0
12/12/2015 02:55,EST,Other Renewables,304.0
12/12/2015 02:55,EST,Wind,433.0
12/12/2015 03:00,EST,Dual Fuel,1868.0
12/12/2015 03:00,EST,Hydro,3139.0
12/12/2015 03:00,EST,Natural Gas,1372.0
12/12/2015 03:00,EST,Nuclear,5408.0
12/12/2015 03:00,EST,Other Fossil Fuels,37.0
12/12/2015 03:00,EST,Other Renewables,305.0
12/12/2015 03:00,EST,Wind,449.0
12/12/2015 03:05,EST,Dual Fuel,1846.0
12/12/2015 03:05,EST,Hydro,3148.0
12/12/2015 03:05,EST,Natural Gas,1370.0
12/12/2015 03:05,EST,Nuclear,5416.0
12/12/2015 03:05,EST,Other Fossil Fuels,37.0
12/12/2015 03:05,EST,Other Renewables,307.0
12/12/2015 03:05,EST,Wind,451.0
12/12/2015 03:10,EST,Dual Fuel,1851.0
12/12/2015 03:10,EST,Hydro,3135.0
12/12/2015 03:10,EST,Natural Gas,1371.0
12/12/2015 03:10,EST,Nuclear,5410.0
12/12/2015 03:10,EST,Other Fossil Fuels,37.0
12/12/2015 03:10,EST,Other Renewables,308.0
12/12/2015 03:10,EST,Wind,454.0
12/12/2015 03:15,EST,Dual Fuel,1851.0
12/12/2015 03:15,EST,Hydro,3129.0
12/12/2015 03:15,EST,Natural Gas,1374.0
12/12/2015 03:15,EST,Nuclear,5407.0
12/12/2015 03:15,EST,Other Fossil Fuels,37.0
12/12/2015 03:15,EST,Other Renewables,303.0
12/12/2015 03:15,EST,Wind,439.0
12/12/2015 03:20,EST,Dual Fuel,1854.0
12/12/2015 03:20,EST,Hydro,3180.0
12/12/2015 03:20,EST,Natural Gas,1376.0
12/12/2015 03:20,EST,Nuclear,5405.0
12/12/2015 03:20,EST,Other Fossil Fuels,37.0
12/12/2015 03:20,EST,Other Renewables,306.0
12/12/2015 03:20,EST,Wind,428.0
12/12/2015 03:25,EST,Dual Fuel,1863.0
12/12/2015 03:25,EST,Hydro,3236.0
12/12/2015 03:25,EST,Natural Gas,1367.0
12/12/2015 03:25,EST,Nuclear,5406.0
12/12/2015 03:25,EST,Other Fossil Fuels,38.0
12/12/2015 03:25,EST,Other Renewables,305.0
12/12/2015 03:25,EST,Wind,421.0
12/12/2015 03:30,EST,Dual Fuel,1862.0
12/12/2015 03:30,EST,Hydro,3242.0
12/12/2015 03:30,EST,Natural Gas,1367.0
12/12/2015 03:30,EST,Nuclear,5407.0
12/12/2015 03:30,EST,Other Fossil Fuels,37.0
12/12/2015 03:30,EST,Other Renewables,305.0
12/12/2015 03:30,EST,Wind,401.0
12/12/2015 03:35,EST,Dual Fuel,1855.0
12/12/2015 03:35,EST,Hydro,3246.0
12/12/2015 03:35,EST,Natural Gas,1368.0
12/12/2015 03:35,EST,Nuclear,5413.0
12/12/2015 03:35,EST,Other Fossil Fuels,37.0
12/12/2015 03:35,EST,Other Renewables,303.0
12/12/2015 03:35,EST,Wind,397.0
12/12/2015 03:40,EST,Dual Fuel,1853.0
12/12/2015 03:40,EST,Hydro,3249.0
12/12/2015 03:40,EST,Natural Gas,1371.0
12/12/2015 03:40,EST,Nuclear,5412.0
12/12/2015 03:40,EST,Other Fossil Fuels,38.0
12/12/2015 03:40,EST,Other Renewables,304.0
12/12/2015 03:40,EST,Wind,395.0
12/12/2015 03:45,EST,Dual Fuel,1834.0
12/12/2015 03:45,EST,Hydro,3208.0
12/12/2015 03:45,EST,Natural Gas,1369.0
12/12/2015 03:45,EST,Nuclear,5409.0
12/12/2015 03:45,EST,Other Fossil Fuels,38.0
12/12/2015 03:45,EST,Other Renewables,305.0
12/12/2015 03:45,EST,Wind,381.0
12/12/2015 03:50,EST,Dual Fuel,1821.0
12/12/2015 03:50,EST,Hydro,3293.0
12/12/2015 03:50,EST,Natural Gas,1369.0
12/12/2015 03:50,EST,Nuclear,5410.0
12/12/2015 03:50,EST,Other Fossil Fuels,38.0
12/12/2015 03:50,EST,Other Renewables,303.0
12/12/2015 03:50,EST,Wind,356.0
12/12/2015 03:55,EST,Dual Fuel,1826.0
12/12/2015 03:55,EST,Hydro,3318.0
12/12/2015 03:55,EST,Natural Gas,1370.0
12/12/2015 03:55,EST,Nuclear,5409.0
12/12/2015 03:55,EST,Other Fossil Fuels,38.0
12/12/2015 03:55,EST,Other Renewables,301.0
12/12/2015 03:55,EST,Wind,352.0
12/12/2015 04:00,EST,Dual Fuel,1812.0
12/12/2015 04:00,EST,Hydro,3287.0
12/12/2015 04:00,EST,Natural Gas,1370.0
12/12/2015 04:00,EST,Nuclear,5410.0
12/12/2015 04:00,EST,Other Fossil Fuels,38.0
12/12/2015 04:00,EST,Other Renewables,305.0
12/12/2015 04:00,EST,Wind,341.0
12/12/2015 04:05,EST,Dual Fuel,1820.0
12/12/2015 04:05,EST,Hydro,3320.0
12/12/2015 04:05,EST,Natural Gas,1374.0
12/12/2015 04:05,EST,Nuclear,5414.0
12/12/2015 04:05,EST,Other Fossil Fuels,38.0
12/12/2015 04:05,EST,Other Renewables,302.0
12/12/2015 04:05,EST,Wind,321.0
12/12/2015 04:10,EST,Dual Fuel,1852.0
12/12/2015 04:10,EST,Hydro,3400.0
12/12/2015 04:10,EST,Natural Gas,1373.0
12/12/2015 04:10,EST,Nuclear,5416.0
12/12/2015 04:10,EST,Other Fossil Fuels,38.0
12/12/2015 04:10,EST,Other Renewables,305.0
12/12/2015 04:10,EST,Wind,309.0
12/12/2015 04:15,EST,Dual Fuel,1861.0
12/12/2015 04:15,EST,Hydro,3469.0
12/12/2015 04:15,EST,Natural Gas,1375.0
12/12/2015 04:15,EST,Nuclear,5416.0
12/12/2015 04:15,EST,Other Fossil Fuels,38.0
12/12/2015 04:15,EST,Other Renewables,306.0
12/12/2015 04:15,EST,Wind,307.0
12/12/2015 04:20,EST,Dual Fuel,1855.0
12/12/2015 04:20,EST,Hydro,3451.0
12/12/2015 04:20,EST,Natural Gas,1370.0
12/12/2015 04:20,EST,Nuclear,5415.0
12/12/2015 04:20,EST,Other Fossil Fuels,38.0
12/12/2015 04:20,EST,Other Renewables,307.0
12/12/2015 04:20,EST,Wind,299.0
12/12/2015 04:25,EST,Dual Fuel,1859.0
12/12/2015 04:25,EST,Hydro,3452.0
12/12/2015 04:25,EST,Natural Gas,1373.0
12/12/2015 04:25,EST,Nuclear,5417.0
12/12/2015 04:25,EST,Other Fossil Fuels,38.0
12/12/2015 04:25,EST,Other Renewables,309.0
12/12/2015 04:25,EST,Wind,297.0
12/12/2015 04:30,EST,Dual Fuel,1861.0
12/12/2015 04:30,EST,Hydro,3487.0
12/12/2015 04:30,EST,Natural Gas,1374.0
12/12/2015 04:30,EST,Nuclear,5416.0
12/12/2015 04:30,EST,Other Fossil Fuels,38.0
12/12/2015 04:30,EST,Other Renewables,306.0
12/12/2015 04:30,EST,Wind,303.0
12/12/2015 04:35,EST,Dual Fuel,1855.0
12/12/2015 04:35,EST,Hydro,3490.0
12/12/2015 04:35,EST,Natural Gas,1374.0
12/12/2015 04:35,EST,Nuclear,5418.0
12/12/2015 04:35,EST,Other Fossil Fuels,38.0
12/12/2015 04:35,EST,Other Renewables,305.0
12/12/2015 04:35,EST,Wind,296.0
12/12/2015 04:40,EST,Dual Fuel,1859.0
12/12/2015 04:40,EST,Hydro,3486.0
12/12/2015 04:40,EST,Natural Gas,1374.0
12/12/2015 04:40,EST,Nuclear,5418.0
12/12/2015 04:40,EST,Other Fossil Fuels,38.0
12/12/2015 04:40,EST,Other Renewables,307.0
12/12/2015 04:40,EST,Wind,283.0
12/12/2015 04:45,EST,Dual Fuel,1861.0
12/12/2015 04:45,EST,Hydro,3550.0
12/12/2015 04:45,EST,Natural Gas,1373.0
12/12/2015 04:45,EST,Nuclear,5415.0
12/12/2015 04:45,EST,Other Fossil Fuels,38.0
12/12/2015 04:45,EST,Other Renewables,308.0
12/12/2015 04:45,EST,Wind,268.0
12/12/2015 04:50,EST,Dual Fuel,1859.0
12/12/2015 04:50,EST,Hydro,3545.0
12/12/2015 04:50,EST,Natural Gas,1373.0
12/12/2015 04:50,EST,Nuclear,5416.0
12/12/2015 04:50,EST,Other Fossil Fuels,38.0
12/12/2015 04:50,EST,Other Renewables,306.0
12/12/2015 04:50,EST,Wind,262.0
12/12/2015 04:55,EST,Dual Fuel,1865.0
12/12/2015 04:55,EST,Hydro,3569.0
12/12/2015 04:55,EST,Natural Gas,1376.0
12/12/2015 04:55,EST,Nuclear,5418.0
12/12/2015 04:55,EST,Other Fossil Fuels,38.0
12/12/2015 04:55,EST,Other Renewables,305.0
12/12/2015 04:55,EST,Wind,261.0
12/12/2015 05:00,EST,Dual Fuel,1851.0
12/12/2015 05:00,EST,Hydro,3498.0
12/12/2015 05:00,EST,Natural Gas,1377.0
12/12/2015 05:00,EST,Nuclear,5418.0
12/12/2015 05:00,EST,Other Fossil Fuels,38.0
12/12/2015 05:00,EST,Other Renewables,306.0
12/12/2015 05:00,EST,Wind,267.0
12/12/2015 05:05,EST,Dual Fuel,1830.0
12/12/2015 05:05,EST,Hydro,3400.0
12/12/2015 05:05,EST,Natural Gas,1389.0
12/12/2015 05:05,EST,Nuclear,5419.0
12/12/2015 05:05,EST,Other Fossil Fuels,38.0
12/12/2015 05:05,EST,Other Renewables,303.0
12/12/2015 05:05,EST,Wind,258.0
12/12/2015 05:10,EST,Dual Fuel,1808.0
12/12/2015 05:10,EST,Hydro,3234.0
12/12/2015 05:10,EST,Natural Gas,1407.0
12/12/2015 05:10,EST,Nuclear,5418.0
12/12/2015 05:10,EST,Other Fossil Fuels,38.0
12/12/2015 05:10,EST,Other Renewables,307.0
12/12/2015 05:10,EST,Wind,252.0
12/12/2015 05:15,EST,Dual Fuel,1853.0
12/12/2015 05:15,EST,Hydro,3154.0
12/12/2015 05:15,EST,Natural Gas,1405.0
12/12/2015 05:15,EST,Nuclear,5418.0
12/12/2015 05:15,EST,Other Fossil Fuels,38.0
12/12/2015 05:15,EST,Other Renewables,306.0
12/12/2015 05:15,EST,Wind,273.0
12/12/2015 05:20,EST,Dual Fuel,1869.0
12/12/2015 05:20,EST,Hydro,3183.0
12/12/2015 05:20,EST,Natural Gas,1401.0
12/12/2015 05:20,EST,Nuclear,5417.0
12/12/2015 05:20,EST,Other Fossil Fuels,38.0
12/12/2015 05:20,EST,Other Renewables,306.0
12/12/2015 05:20,EST,Wind,275.0
12/12/2015 05:25,EST,Dual Fuel,1865.0
12/12/2015 05:25,EST,Hydro,3190.0
12/12/2015 05:25,EST,Natural Gas,1402.0
12/12/2015 05:25,EST,Nuclear,5418.0
12/12/2015 05:25,EST,Other Fossil Fuels,38.0
12/12/2015 05:25,EST,Other Renewables,306.0
12/12/2015 05:25,EST,Wind,255.0
12/12/2015 05:30,EST,Dual Fuel,1899.0
12/12/2015 05:30,EST,Hydro,3205.0
12/12/2015 05:30,EST,Natural Gas,1403.0
12/12/2015 05:30,EST,Nuclear,5417.0
12/12/2015 05:30,EST,Other Fossil Fuels,38.0
12/12/2015 05:30,EST,Other Renewables,303.0
12/12/2015 05:30,EST,Wind,241.0
12/12/2015 05:35,EST,Dual Fuel,1918.0
12/12/2015 05:35,EST,Hydro,3200.0
12/12/2015 05:35,EST,Natural Gas,1401.0
12/12/2015 05:35,EST,Nuclear,5419.0
12/12/2015 05:35,EST,Other Fossil Fuels,38.0
12/12/2015 05:35,EST,Other Renewables,306.0
12/12/2015 05:35,EST,Wind,234.0
12/12/2015 05:40,EST,Dual Fuel,1945.0
12/12/2015 05:40,EST,Hydro,3219.0
12/12/2015 05:40,EST,Natural Gas,1401.0
12/12/2015 05:40,EST,Nuclear,5419.0
12/12/2015 05:40,EST,Other Fossil Fuels,38.0
12/12/2015 05:40,EST,Other Renewables,303.0
12/12/2015 05:40,EST,Wind,232.0
12/12/2015 05:45,EST,Dual Fuel,1950.0
12/12/2015 05:45,EST,Hydro,3209.0
12/12/2015 05:45,EST,Natural Gas,1397.0
12/12/2015 05:45,EST,Nuclear,5418.0
12/12/2015 05:45,EST,Other Fossil Fuels,38.0
12/12/2015 05:45,EST,Other Renewables,305.0
12/12/2015 05:45,EST,Wind,232.0
12/12/2015 05:50,EST,Dual Fuel,1907.0
12/12/2015 05:50,EST,Hydro,3183.0
12/12/2015 05:50,EST,Natural Gas,1397.0
12/12/2015 05:50,EST,Nuclear,5418.0
12/12/2015 05:50,EST,Other Fossil Fuels,38.0
12/12/2015 05:50,EST,Other Renewables,305.0
12/12/2015 05:50,EST,Wind,229.0
12/12/2015 05:55,EST,Dual Fuel,1913.0
12/12/2015 05:55,EST,Hydro,3187.0
12/12/2015 05:55,EST,Natural Gas,1404.0
12/12/2015 05:55,EST,Nuclear,5418.0
12/12/2015 05:55,EST,Other Fossil Fuels,38.0
12/12/2015 05:55,EST,Other Renewables,303.0
12/12/2015 05:55,EST,Wind,220.0
12/12/2015 06:00,EST,Dual Fuel,1920.0
12/12/2015 06:00,EST,Hydro,3205.0
12/12/2015 06:00,EST,Natural Gas,1405.0
12/12/2015 06:00,EST,Nuclear,5419.0
12/12/2015 06:00,EST,Other Fossil Fuels,38.0
12/12/2015 06:00,EST,Other Renewables,305.0
12/12/2015 06:00,EST,Wind,210.0
12/12/2015 06:05,EST,Dual Fuel,1922.0
12/12/2015 06:05,EST,Hydro,3172.0
12/12/2015 06:05,EST,Natural Gas,1409.0
12/12/2015 06:05,EST,Nuclear,5419.0
12/12/2015 06:05,EST,Other Fossil Fuels,38.0
12/12/2015 06:05,EST,Other Renewables,304.0
12/12/2015 06:05,EST,Wind,205.0
12/12/2015 06:10,EST,Dual Fuel,1935.0
12/12/2015 06:10,EST,Hydro,3108.0
12/12/2015 06:10,EST,Natural Gas,1410.0
12/12/2015 06:10,EST,Nuclear,5418.0
12/12/2015 06:10,EST,Other Fossil Fuels,38.0
12/12/2015 06:10,EST,Other Renewables,303.0
12/12/2015 06:10,EST,Wind,193.0
12/12/2015 06:15,EST,Dual Fuel,1943.0
12/12/2015 06:15,EST,Hydro,3074.0
12/12/2015 06:15,EST,Natural Gas,1414.0
12/12/2015 06:15,EST,Nuclear,5417.0
12/12/2015 06:15,EST,Other Fossil Fuels,38.0
12/12/2015 06:15,EST,Other Renewables,303.0
12/12/2015 06:15,EST,Wind,189.0
12/12/2015 06:20,EST,Dual Fuel,2023.0
12/12/2015 06:20,EST,Hydro,3115.0
12/12/2015 06:20,EST,Natural Gas,1416.0
12/12/2015 06:20,EST,Nuclear,5417.0
12/12/2015 06:20,EST,Other Fossil Fuels,37.0
12/12/2015 06:20,EST,Other Renewables,305.0
12/12/2015 06:20,EST,Wind,188.0
12/12/2015 06:25,EST,Dual Fuel,2053.0
12/12/2015 06:25,EST,Hydro,3180.0
12/12/2015 06:25,EST,Natural Gas,1415.0
12/12/2015 06:25,EST,Nuclear,5419.0
12/12/2015 06:25,EST,Other Fossil Fuels,37.0
12/12/2015 06:25,EST,Other Renewables,303.0
12/12/2015 06:25,EST,Wind,184.0
12/12/2015 06:30,EST,Dual Fuel,2011.0
12/12/2015 06:30,EST,Hydro,3232.0
12/12/2015 06:30,EST,Natural Gas,1407.0
12/12/2015 06:30,EST,Nuclear,5417.0
12/12/2015 06:30,EST,Other Fossil Fuels,37.0
12/12/2015 06:30,EST,Other Renewables,304.0
12/12/2015 06:30,EST,Wind,177.0
12/12/2015 06:35,EST,Dual Fuel,1923.0
12/12/2015 06:35,EST,Hydro,3296.0
12/12/2015 06:35,EST,Natural Gas,1399.0
12/12/2015 06:35,EST,Nuclear,5418.0
12/12/2015 06:35,EST,Other Fossil Fuels,38.0
12/12/2015 06:35,EST,Other Renewables,302.0
12/12/2015 06:35,EST,Wind,169.0
12/12/2015 06:40,EST,Dual Fuel,1922.0
12/12/2015 06:40,EST,Hydro,3302.0
12/12/2015 06:40,EST,Natural Gas,1405.0
12/12/2015 06:40,EST,Nuclear,5420.0
12/12/2015 06:40,EST,Other Fossil Fuels,38.0
12/12/2015 06:40,EST,Other Renewables,303.0
12/12/2015 06:40,EST,Wind,178.0
12/12/2015 06:45,EST,Dual Fuel,1917.0
12/12/2015 06:45,EST,Hydro,3305.0
12/12/2015 06:45,EST,Natural Gas,1409.0
12/12/2015 06:45,EST,Nuclear,5419.0
12/12/2015 06:45,EST,Other Fossil Fuels,38.0
12/12/2015 06:45,EST,Other Renewables,304.0
12/12/2015 06:45,EST,Wind,178.0
12/12/2015 06:50,EST,Dual Fuel,1943.0
12/12/2015 06:50,EST,Hydro,3380.0
12/12/2015 06:50,EST,Natural Gas,1414.0
12/12/2015 06:50,EST,Nuclear,5418.0
12/12/2015 06:50,EST,Other Fossil Fuels,38.0
12/12/2015 06:50,EST,Other Renewables,302.0
12/12/2015 06:50,EST,Wind,170.0
12/12/2015 06:55,EST,Dual Fuel,1915.0
12/12/2015 06:55,EST,Hydro,3443.0
12/12/2015 06:55,EST,Natural Gas,1437.0
12/12/2015 06:55,EST,Nuclear,5418.0
12/12/2015 06:55,EST,Other Fossil Fuels,38.0
12/12/2015 06:55,EST,Other Renewables,304.0
12/12/2015 06:55,EST,Wind,161.0
12/12/2015 07:00,EST,Dual Fuel,1966.0
12/12/2015 07:00,EST,Hydro,3364.0
12/12/2015 07:00,EST,Natural Gas,1468.0
12/12/2015 07:00,EST,Nuclear,5419.0
12/12/2015 07:00,EST,Other Fossil Fuels,38.0
12/12/2015 07:00,EST,Other Renewables,304.0
12/12/2015 07:00,EST,Wind,164.0
12/12/2015 07:05,EST,Dual Fuel,2030.0
12/12/2015 07:05,EST,Hydro,3247.0
12/12/2015 07:05,EST,Natural Gas,1497.0
12/12/2015 07:05,EST,Nuclear,5420.0
12/12/2015 07:05,EST,Other Fossil Fuels,37.0
12/12/2015 07:05,EST,Other Renewables,299.0
12/12/2015 07:05,EST,Wind,164.0
12/12/2015 07:10,EST,Dual Fuel,2151.0
12/12/2015 07:10,EST,Hydro,3149.0
12/12/2015 07:10,EST,Natural Gas,1557.0
12/12/2015 07:10,EST,Nuclear,5419.0
12/12/2015 07:10,EST,Other Fossil Fuels,38.0
12/12/2015 07:10,EST,Other Renewables,303.0
12/12/2015 07:10,EST,Wind,165.0
12/12/2015 07:15,EST,Dual Fuel,2297.0
12/12/2015 07:15,EST,Hydro,3149.0
12/12/2015 07:15,EST,Natural Gas,1538.0
12/12/2015 07:15,EST,Nuclear,5419.0
12/12/2015 07:15,EST,Other Fossil Fuels,40.0
12/12/2015 07:15,EST,Other Renewables,303.0
12/12/2015 07:15,EST,Wind,165.0
12/12/2015 07:20,EST,Dual Fuel,2421.0
12/12/2015 07:20,EST,Hydro,3153.0
12/12/2015 07:20,EST,Natural Gas,1562.0
12/12/2015 07:20,EST,Nuclear,5418.0
12/12/2015 07:20,EST,Other Fossil Fuels,41.0
12/12/2015 07:20,EST,Other Renewables,308.0
12/12/2015 07:20,EST,Wind,152.0
12/12/2015 07:25,EST,Dual Fuel,2582.0
12/12/2015 07:25,EST,Hydro,3059.0
12/12/2015 07:25,EST,Natural Gas,1558.0
12/12/2015 07:25,EST,Nuclear,5418.0
12/12/2015 07:25,EST,Other Fossil Fuels,43.0
12/12/2015 07:25,EST,Other Renewables,301.0
12/12/2015 07:25,EST,Wind,147.0
12/12/2015 07:30,EST,Dual Fuel,2680.0
12/12/2015 07:30,EST,Hydro,2917.0
12/12/2015 07:30,EST,Natural Gas,1584.0
12/12/2015 07:30,EST,Nuclear,5418.0
12/12/2015 07:30,EST,Other Fossil Fuels,43.0
12/12/2015 07:30,EST,Other Renewables,302.0
12/12/2015 07:30,EST,Wind,138.0
12/12/2015 07:35,EST,Dual Fuel,2466.0
12/12/2015 07:35,EST,Hydro,2993.0
12/12/2015 07:35,EST,Natural Gas,1563.0
12/12/2015 07:35,EST,Nuclear,5417.0
12/12/2015 07:35,EST,Other Fossil Fuels,41.0
12/12/2015 07:35,EST,Other Renewables,302.0
12/12/2015 07:35,EST,Wind,133.0
12/12/2015 07:40,EST,Dual Fuel,2368.0
12/12/2015 07:40,EST,Hydro,3005.0
12/12/2015 07:40,EST,Natural Gas,1520.0
12/12/2015 07:40,EST,Nuclear,5417.0
12/12/2015 07:40,EST,Other Fossil Fuels,39.0
12/12/2015 07:40,EST,Other Renewables,299.0
12/12/2015 07:40,EST,Wind,138.0
12/12/2015 07:45,EST,Dual Fuel,2417.0
12/12/2015 07:45,EST,Hydro,3042.0
12/12/2015 07:45,EST,Natural Gas,1521.0
12/12/2015 07:45,EST,Nuclear,5420.0
12/12/2015 07:45,EST,Other Fossil Fuels,38.0
12/12/2015 07:45,EST,Other Renewables,304.0
12/12/2015 07:45,EST,Wind,146.0
12/12/2015 07:50,EST,Dual Fuel,2488.0
12/12/2015 07:50,EST,Hydro,2998.0
12/12/2015 07:50,EST,Natural Gas,1516.0
12/12/2015 07:50,EST,Nuclear,5418.0
12/12/2015 07:50,EST,Other Fossil Fuels,38.0
12/12/2015 07:50,EST,Other Renewables,300.0
12/12/2015 07:50,EST,Wind,155.0
12/12/2015 07:55,EST,Dual Fuel,2506.0
12/12/2015 07:55,EST,Hydro,3047.0
12/12/2015 07:55,EST,Natural Gas,1520.0
12/12/2015 07:55,EST,Nuclear,5418.0
12/12/2015 07:55,EST,Other Fossil Fuels,38.0
12/12/2015 07:55,EST,Other Renewables,298.0
12/12/2015 07:55,EST,Wind,164.0
12/12/2015 08:00,EST,Dual Fuel,2487.0
12/12/2015 08:00,EST,Hydro,3047.0
12/12/2015 08:00,EST,Natural Gas,1517.0
12/12/2015 08:00,EST,Nuclear,5420.0
12/12/2015 08:00,EST,Other Fossil Fuels,38.0
12/12/2015 08:00,EST,Other Renewables,298.0
12/12/2015 08:00,EST,Wind,162.0
12/12/2015 08:05,EST,Dual Fuel,2539.0
12/12/2015 08:05,EST,Hydro,3024.0
12/12/2015 08:05,EST,Natural Gas,1501.0
12/12/2015 08:05,EST,Nuclear,5404.0
12/12/2015 08:05,EST,Other Fossil Fuels,38.0
12/12/2015 08:05,EST,Other Renewables,280.0
12/12/2015 08:05,EST,Wind,166.0
12/12/2015 08:10,EST,Dual Fuel,2647.0
12/12/2015 08:10,EST,Hydro,3073.0
12/12/2015 08:10,EST,Natural Gas,1494.0
12/12/2015 08:10,EST,Nuclear,5372.0
12/12/2015 08:10,EST,Other Fossil Fuels,38.0
12/12/2015 08:10,EST,Other Renewables,279.0
12/12/2015 08:10,EST,Wind,168.0
12/12/2015 08:15,EST,Dual Fuel,2674.0
12/12/2015 08:15,EST,Hydro,3068.0
12/12/2015 08:15,EST,Natural Gas,1488.0
12/12/2015 08:15,EST,Nuclear,5351.0
12/12/2015 08:15,EST,Other Fossil Fuels,37.0
12/12/2015 08:15,EST,Other Renewables,278.0
12/12/2015 08:15,EST,Wind,165.0
12/12/2015 08:20,EST,Dual Fuel,2716.0
12/12/2015 08:20,EST,Hydro,3088.0
12/12/2015 08:20,EST,Natural Gas,1486.0
12/12/2015 08:20,EST,Nuclear,5328.0
12/12/2015 08:20,EST,Other Fossil Fuels,37.0
12/12/2015 08:20,EST,Other Renewables,284.0
12/12/2015 08:20,EST,Wind,166.0
12/12/2015 08:25,EST,Dual Fuel,2721.0
12/12/2015 08:25,EST,Hydro,3121.0
12/12/2015 08:25,EST,Natural Gas,1526.0
12/12/2015 08:25,EST,Nuclear,5322.0
12/12/2015 08:25,EST,Other Fossil Fuels,37.0
12/12/2015 08:25,EST,Other Renewables,285.0
12/12/2015 08:25,EST,Wind,166.0
12/12/2015 08:30,EST,Dual Fuel,2724.0
12/12/2015 08:30,EST,Hydro,3139.0
12/12/2015 08:30,EST,Natural Gas,1604.0
12/12/2015 08:30,EST,Nuclear,5300.0
12/12/2015 08:30,EST,Other Fossil Fuels,37.0
12/12/2015 08:30,EST,Other Renewables,281.0
12/12/2015 08:30,EST,Wind,165.0
12/12/2015 08:35,EST,Dual Fuel,2702.0
12/12/2015 08:35,EST,Hydro,3128.0
12/12/2015 08:35,EST,Natural Gas,1629.0
12/12/2015 08:35,EST,Nuclear,5269.0
12/12/2015 08:35,EST,Other Fossil Fuels,37.0
12/12/2015 08:35,EST,Other Renewables,283.0
12/12/2015 08:35,EST,Wind,162.0
12/12/2015 08:40,EST,Dual Fuel,2729.0
12/12/2015 08:40,EST,Hydro,3142.0
12/12/2015 08:40,EST,Natural Gas,1651.0
12/12/2015 08:40,EST,Nuclear,5252.0
12/12/2015 08:40,EST,Other Fossil Fuels,37.0
12/12/2015 08:40,EST,Other Renewables,287.0
12/12/2015 08:40,EST,Wind,160.0
12/12/2015 08:45,EST,Dual Fuel,2780.0
12/12/2015 08:45,EST,Hydro,3136.0
12/12/2015 08:45,EST,Natural Gas,1632.0
12/12/2015 08:45,EST,Nuclear,5229.0
12/12/2015 08:45,EST,Other Fossil Fuels,37.0
12/12/2015 08:45,EST,Other Renewables,286.0
12/12/2015 08:45,EST,Wind,155.0
12/12/2015 08:50,EST,Dual Fuel,2922.0
12/12/2015 08:50,EST,Hydro,3132.0
12/12/2015 08:50,EST,Natural Gas,1602.0
12/12/2015 08:50,EST,Nuclear,5201.0
12/12/2015 08:50,EST,Other Fossil Fuels,37.0
12/12/2015 08:50,EST,Other Renewables,287.0
12/12/2015 08:50,EST,Wind,158.0
12/12/2015 08:55,EST,Dual Fuel,3158.0
12/12/2015 08:55,EST,Hydro,3059.0
12/12/2015 08:55,EST,Natural Gas,1559.0
12/12/2015 08:55,EST,Nuclear,5175.0
12/12/2015 08:55,EST,Other Fossil Fuels,37.0
12/12/2015 08:55,EST,Other Renewables,290.0
12/12/2015 08:55,EST,Wind,168.0
12/12/2015 09:00,EST,Dual Fuel,3236.0
12/12/2015 09:00,EST,Hydro,2979.0
12/12/2015 09:00,EST,Natural Gas,1572.0
12/12/2015 09:00,EST,Nuclear,5158.0
12/12/2015 09:00,EST,Other Fossil Fuels,38.0
12/12/2015 09:00,EST,Other Renewables,292.0
12/12/2015 09:00,EST,Wind,178.0
12/12/2015 09:05,EST,Dual Fuel,3267.0
12/12/2015 09:05,EST,Hydro,3011.0
12/12/2015 09:05,EST,Natural Gas,1582.0
12/12/2015 09:05,EST,Nuclear,5123.0
12/12/2015 09:05,EST,Other Fossil Fuels,37.0
12/12/2015 09:05,EST,Other Renewables,291.0
12/12/2015 09:05,EST,Wind,180.0
12/12/2015 09:10,EST,Dual Fuel,3360.0
12/12/2015 09:10,EST,Hydro,3004.0
12/12/2015 09:10,EST,Natural Gas,1537.0
12/12/2015 09:10,EST,Nuclear,5106.0
12/12/2015 09:10,EST,Other Fossil Fuels,37.0
12/12/2015 09:10,EST,Other Renewables,291.0
12/12/2015 09:10,EST,Wind,177.0
12/12/2015 09:15,EST,Dual Fuel,3324.0
12/12/2015 09:15,EST,Hydro,3004.0
12/12/2015 09:15,EST,Natural Gas,1505.0
12/12/2015 09:15,EST,Nuclear,5102.0
12/12/2015 09:15,EST,Other Fossil Fuels,37.0
12/12/2015 09:15,EST,Other Renewables,293.0
12/12/2015 09:15,EST,Wind,177.0
12/12/2015 09:20,EST,Dual Fuel,3428.0
12/12/2015 09:20,EST,Hydro,2955.0
12/12/2015 09:20,EST,Natural Gas,1506.0
12/12/2015 09:20,EST,Nuclear,5123.0
12/12/2015 09:20,EST,Other Fossil Fuels,37.0
12/12/2015 09:20,EST,Other Renewables,295.0
12/12/2015 09:20,EST,Wind,178.0
12/12/2015 09:25,EST,Dual Fuel,3280.0
12/12/2015 09:25,EST,Hydro,2956.0
12/12/2015 09:25,EST,Natural Gas,1527.0
12/12/2015 09:25,EST,Nuclear,5160.0
12/12/2015 09:25,EST,Other Fossil Fuels,37.0
12/12/2015 09:25,EST,Other Renewables,297.0
12/12/2015 09:25,EST,Wind,182.0
12/12/2015 09:30,EST,Dual Fuel,3253.0
12/12/2015 09:30,EST,Hydro,2948.0
12/12/2015 09:30,EST,Natural Gas,1552.0
12/12/2015 09:30,EST,Nuclear,5171.0
12/12/2015 09:30,EST,Other Fossil Fuels,37.0
12/12/2015 09:30,EST,Other Renewables,298.0
12/12/2015 09:30,EST,Wind,186.0
12/12/2015 09:35,EST,Dual Fuel,3282.0
12/12/2015 09:35,EST,Hydro,2948.0
12/12/2015 09:35,EST,Natural Gas,1603.0
12/12/2015 09:35,EST,Nuclear,5151.0
12/12/2015 09:35,EST,Other Fossil Fuels,37.0
12/12/2015 09:35,EST,Other Renewables,294.0
12/12/2015 09:35,EST,Wind,192.0
12/12/2015 09:40,EST,Dual Fuel,3351.0
12/12/2015 09:40,EST,Hydro,2954.0
12/12/2015 09:40,EST,Natural Gas,1613.0
12/12/2015 09:40,EST,Nuclear,5108.0
12/12/2015 09:40,EST,Other Fossil Fuels,37.0
12/12/2015 09:40,EST,Other Renewables,295.0
12/12/2015 09:40,EST,Wind,194.0
12/12/2015 09:45,EST,Dual Fuel,3387.0
12/12/2015 09:45,EST,Hydro,2951.0
12/12/2015 09:45,EST,Natural Gas,1580.0
12/12/2015 09:45,EST,Nuclear,5086.0
12/12/2015 09:45,EST,Other Fossil Fuels,37.0
12/12/2015 09:45,EST,Other Renewables,294.0
12/12/2015 09:45,EST,Wind,196.0
12/12/2015 09:50,EST,Dual Fuel,3398.0
12/12/2015 09:50,EST,Hydro,2954.0
12/12/2015 09:50,EST,Natural Gas,1573.0
12/12/2015 09:50,EST,Nuclear,5073.0
12/12/2015 09:50,EST,Other Fossil Fuels,37.0
12/12/2015 09:50,EST,Other Renewables,297.0
12/12/2015 09:50,EST,Wind,199.0
12/12/2015 09:55,EST,Dual Fuel,3387.0
12/12/2015 09:55,EST,Hydro,2952.0
12/12/2015 09:55,EST,Natural Gas,1574.0
12/12/2015 09:55,EST,Nuclear,5064.0
12/12/2015 09:55,EST,Other Fossil Fuels,37.0
12/12/2015 09:55,EST,Other Renewables,298.0
12/12/2015 09:55,EST,Wind,204.0
12/12/2015 10:00,EST,Dual Fuel,3341.0
12/12/2015 10:00,EST,Hydro,3027.0
12/12/2015 10:00,EST,Natural Gas,1618.0
12/12/2015 10:00,EST,Nuclear,5057.0
12/12/2015 10:00,EST,Other Fossil Fuels,37.0
12/12/2015 10:00,EST,Other Renewables,298.0
12/12/2015 10:00,EST,Wind,201.0
12/12/2015 10:05,EST,Dual Fuel,3320.0
12/12/2015 10:05,EST,Hydro,3099.0
12/12/2015 10:05,EST,Natural Gas,1758.0
12/12/2015 10:05,EST,Nuclear,5056.0
12/12/2015 10:05,EST,Other Fossil Fuels,38.0
12/12/2015 10:05,EST,Other Renewables,300.0
12/12/2015 10:05,EST,Wind,193.0
12/12/2015 10:10,EST,Dual Fuel,3438.0
12/12/2015 10:10,EST,Hydro,3095.0
12/12/2015 10:10,EST,Natural Gas,1813.0
12/12/2015 10:10,EST,Nuclear,5056.0
12/12/2015 10:10,EST,Other Fossil Fuels,37.0
12/12/2015 10:10,EST,Other Renewables,292.0
12/12/2015 10:10,EST,Wind,201.0
12/12/2015 10:15,EST,Dual Fuel,3498.0
12/12/2015 10:15,EST,Hydro,3092.0
12/12/2015 10:15,EST,Natural Gas,1815.0
12/12/2015 10:15,EST,Nuclear,5051.0
12/12/2015 10:15,EST,Other Fossil Fuels,38.0
12/12/2015 10:15,EST,Other Renewables,297.0
12/12/2015 10:15,EST,Wind,213.0
12/12/2015 10:20,EST,Dual Fuel,3485.0
12/12/2015 10:20,EST,Hydro,3088.0
12/12/2015 10:20,EST,Natural Gas,1814.0
12/12/2015 10:20,EST,Nuclear,5051.0
12/12/2015 10:20,EST,Other Fossil Fuels,38.0
12/12/2015 10:20,EST,Other Renewables,294.0
12/12/2015 10:20,EST,Wind,211.0
12/12/2015 10:25,EST,Dual Fuel,3522.0
12/12/2015 10:25,EST,Hydro,3085.0
12/12/2015 10:25,EST,Natural Gas,1814.0
12/12/2015 10:25,EST,Nuclear,5049.0
12/12/2015 10:25,EST,Other Fossil Fuels,38.0
12/12/2015 10:25,EST,Other Renewables,297.0
12/12/2015 10:25,EST,Wind,212.0
12/12/2015 10:30,EST,Dual Fuel,3557.0
12/12/2015 10:30,EST,Hydro,3090.0
12/12/2015 10:30,EST,Natural Gas,1809.0
12/12/2015 10:30,EST,Nuclear,5048.0
12/12/2015 10:30,EST,Other Fossil Fuels,37.0
12/12/2015 10:30,EST,Other Renewables,296.0
12/12/2015 10:30,EST,Wind,209.0
12/12/2015 10:35,EST,Dual Fuel,3519.0
12/12/2015 10:35,EST,Hydro,3092.0
12/12/2015 10:35,EST,Natural Gas,1809.0
12/12/2015 10:35,EST,Nuclear,5048.0
12/12/2015 10:35,EST,Other Fossil Fuels,37.0
12/12/2015 10:35,EST,Other Renewables,296.0
12/12/2015 10:35,EST,Wind,214.0
12/12/2015 10:40,EST,Dual Fuel,3574.0
12/12/2015 10:40,EST,Hydro,3074.0
12/12/2015 10:40,EST,Natural Gas,1818.0
12/12/2015 10:40,EST,Nuclear,5045.0
12/12/2015 10:40,EST,Other Fossil Fuels,37.0
12/12/2015 10:40,EST,Other Renewables,297.0
12/12/2015 10:40,EST,Wind,222.0
12/12/2015 10:45,EST,Dual Fuel,3575.0
12/12/2015 10:45,EST,Hydro,3086.0
12/12/2015 10:45,EST,Natural Gas,1810.0
12/12/2015 10:45,EST,Nuclear,5046.0
12/12/2015 10:45,EST,Other Fossil Fuels,38.0
12/12/2015 10:45,EST,Other Renewables,304.0
12/12/2015 10:45,EST,Wind,227.0
12/12/2015 10:50,EST,Dual Fuel,3572.0
12/12/2015 10:50,EST,Hydro,3089.0
12/12/2015 10:50,EST,Natural Gas,1807.0
12/12/2015 10:50,EST,Nuclear,5045.0
12/12/2015 10:50,EST,Other Fossil Fuels,38.0
12/12/2015 10:50,EST,Other Renewables,299.0
12/12/2015 10:50,EST,Wind,221.0
12/12/2015 10:55,EST,Dual Fuel,3593.0
12/12/2015 10:55,EST,Hydro,3087.0
12/12/2015 10:55,EST,Natural Gas,1801.0
12/12/2015 10:55,EST,Nuclear,5044.0
12/12/2015 10:55,EST,Other Fossil Fuels,37.0
12/12/2015 10:55,EST,Other Renewables,299.0
12/12/2015 10:55,EST,Wind,217.0
12/12/2015 11:00,EST,Dual Fuel,3558.0
12/12/2015 11:00,EST,Hydro,3064.0
12/12/2015 11:00,EST,Natural Gas,1822.0
12/12/2015 11:00,EST,Nuclear,5044.0
12/12/2015 11:00,EST,Other Fossil Fuels,37.0
12/12/2015 11:00,EST,Other Renewables,295.0
12/12/2015 11:00,EST,Wind,199.0
12/12/2015 11:05,EST,Dual Fuel,3530.0
12/12/2015 11:05,EST,Hydro,2957.0
12/12/2015 11:05,EST,Natural Gas,1784.0
12/12/2015 11:05,EST,Nuclear,5070.0
12/12/2015 11:05,EST,Other Fossil Fuels,38.0
12/12/2015 11:05,EST,Other Renewables,304.0
12/12/2015 11:05,EST,Wind,189.0
12/12/2015 11:10,EST,Dual Fuel,3461.0
12/12/2015 11:10,EST,Hydro,2949.0
12/12/2015 11:10,EST,Natural Gas,1698.0
12/12/2015 11:10,EST,Nuclear,5078.0
12/12/2015 11:10,EST,Other Fossil Fuels,37.0
12/12/2015 11:10,EST,Other Renewables,303.0
12/12/2015 11:10,EST,Wind,177.0
12/12/2015 11:15,EST,Dual Fuel,3479.0
12/12/2015 11:15,EST,Hydro,2952.0
12/12/2015 11:15,EST,Natural Gas,1716.0
12/12/2015 11:15,EST,Nuclear,5079.0
12/12/2015 11:15,EST,Other Fossil Fuels,37.0
12/12/2015 11:15,EST,Other Renewables,301.0
12/12/2015 11:15,EST,Wind,177.0
12/12/2015 11:20,EST,Dual Fuel,3479.0
12/12/2015 11:20,EST,Hydro,2951.0
12/12/2015 11:20,EST,Natural Gas,1695.0
12/12/2015 11:20,EST,Nuclear,5078.0
12/12/2015 11:20,EST,Other Fossil Fuels,37.0
12/12/2015 11:20,EST,Other Renewables,304.0
12/12/2015 11:20,EST,Wind,175.0
12/12/2015 11:25,EST,Dual Fuel,3469.0
12/12/2015 11:25,EST,Hydro,2951.0
12/12/2015 11:25,EST,Natural Gas,1707.0
12/12/2015 11:25,EST,Nuclear,5077.0
12/12/2015 11:25,EST,Other Fossil Fuels,37.0
12/12/2015 11:25,EST,Other Renewables,302.0
12/12/2015 11:25,EST,Wind,181.0
12/12/2015 11:30,EST,Dual Fuel,3419.0
12/12/2015 11:30,EST,Hydro,2950.0
12/12/2015 11:30,EST,Natural Gas,1685.0
12/12/2015 11:30,EST,Nuclear,5082.0
12/12/2015 11:30,EST,Other Fossil Fuels,37.0
12/12/2015 11:30,EST,Other Renewables,291.0
12/12/2015 11:30,EST,Wind,170.0
12/12/2015 11:35,EST,Dual Fuel,3384.0
12/12/2015 11:35,EST,Hydro,2947.0
12/12/2015 11:35,EST,Natural Gas,1683.0
12/12/2015 11:35,EST,Nuclear,5088.0
12/12/2015 11:35,EST,Other Fossil Fuels,37.0
12/12/2015 11:35,EST,Other Renewables,287.0
12/12/2015 11:35,EST,Wind,165.0
12/12/2015 11:40,EST,Dual Fuel,3396.0
12/12/2015 11:40,EST,Hydro,2955.0
12/12/2015 11:40,EST,Natural Gas,1744.0
12/12/2015 11:40,EST,Nuclear,5106.0
12/12/2015 11:40,EST,Other Fossil Fuels,37.0
12/12/2015 11:40,EST,Other Renewables,285.0
12/12/2015 11:40,EST,Wind,164.0
12/12/2015 11:45,EST,Dual Fuel,3403.0
12/12/2015 11:45,EST,Hydro,2949.0
12/12/2015 11:45,EST,Natural Gas,1769.0
12/12/2015 11:45,EST,Nuclear,5127.0
12/12/2015 11:45,EST,Other Fossil Fuels,37.0
12/12/2015 11:45,EST,Other Renewables,287.0
12/12/2015 11:45,EST,Wind,167.0
12/12/2015 11:50,EST,Dual Fuel,3342.0
12/12/2015 11:50,EST,Hydro,2949.0
12/12/2015 11:50,EST,Natural Gas,1772.0
12/12/2015 11:50,EST,Nuclear,5155.0
12/12/2015 11:50,EST,Other Fossil Fuels,37.0
12/12/2015 11:50,EST,Other Renewables,294.0
12/12/2015 11:50,EST,Wind,170.0
12/12/2015 11:55,EST,Dual Fuel,3314.0
12/12/2015 11:55,EST,Hydro,2952.0
12/12/2015 11:55,EST,Natural Gas,1764.0
12/12/2015 11:55,EST,Nuclear,5185.0
12/12/2015 11:55,EST,Other Fossil Fuels,37.0
12/12/2015 11:55,EST,Other Renewables,291.0
12/12/2015 11:55,EST,Wind,160.0
12/12/2015 12:00,EST,Dual Fuel,3291.0
12/12/2015 12:00,EST,Hydro,2949.0
12/12/2015 12:00,EST,Natural Gas,1762.0
12/12/2015 12:00,EST,Nuclear,5187.0
12/12/2015 12:00,EST,Other Fossil Fuels,37.0
12/12/2015 12:00,EST,Other Renewables,290.0
12/12/2015 12:00,EST,Wind,154.0
12/12/2015 12:05,EST,Dual Fuel,3209.0
12/12/2015 12:05,EST,Hydro,2950.0
12/12/2015 12:05,EST,Natural Gas,1683.0
12/12/2015 12:05,EST,Nuclear,5195.0
12/12/2015 12:05,EST,Other Fossil Fuels,37.0
12/12/2015 12:05,EST,Other Renewables,291.0
12/12/2015 12:05,EST,Wind,162.0
12/12/2015 12:10,EST,Dual Fuel,3162.0
12/12/2015 12:10,EST,Hydro,2952.0
12/12/2015 12:10,EST,Natural Gas,1627.0
12/12/2015 12:10,EST,Nuclear,5221.0
12/12/2015 12:10,EST,Other Fossil Fuels,37.0
12/12/2015 12:10,EST,Other Renewables,298.0
12/12/2015 12:10,EST,Wind,179.0
12/12/2015 12:15,EST,Dual Fuel,3096.0
12/12/2015 12:15,EST,Hydro,2949.0
12/12/2015 12:15,EST,Natural Gas,1614.0
12/12/2015 12:15,EST,Nuclear,5247.0
12/12/2015 12:15,EST,Other Fossil Fuels,37.0
12/12/2015 12:15,EST,Other Renewables,299.0
12/12/2015 12:15,EST,Wind,182.0
12/12/2015 12:20,EST,Dual Fuel,3097.0
12/12/2015 12:20,EST,Hydro,2951.0
12/12/2015 12:20,EST,Natural Gas,1611.0
12/12/2015 12:20,EST,Nuclear,5274.0
12/12/2015 12:20,EST,Other Fossil Fuels,37.0
12/12/2015 12:20,EST,Other Renewables,304.0
12/12/2015 12:20,EST,Wind,168.0
12/12/2015 12:25,EST,Dual Fuel,3073.0
12/12/2015 12:25,EST,Hydro,2949.0
12/12/2015 12:25,EST,Natural Gas,1603.0
12/12/2015 12:25,EST,Nuclear,5291.0
12/12/2015 12:25,EST,Other Fossil Fuels,37.0
12/12/2015 12:25,EST,Other Renewables,298.0
12/12/2015 12:25,EST,Wind,171.0
12/12/2015 12:30,EST,Dual Fuel,3046.0
12/12/2015 12:30,EST,Hydro,2946.0
12/12/2015 12:30,EST,Natural Gas,1608.0
12/12/2015 12:30,EST,Nuclear,5294.0
12/12/2015 12:30,EST,Other Fossil Fuels,37.0
12/12/2015 12:30,EST,Other Renewables,294.0
12/12/2015 12:30,EST,Wind,160.0
12/12/2015 12:35,EST,Dual Fuel,3055.0
12/12/2015 12:35,EST,Hydro,2952.0
12/12/2015 12:35,EST,Natural Gas,1621.0
12/12/2015 12:35,EST,Nuclear,5285.0
12/12/2015 12:35,EST,Other Fossil Fuels,37.0
12/12/2015 12:35,EST,Other Renewables,291.0
12/12/2015 12:35,EST,Wind,151.0
12/12/2015 12:40,EST,Dual Fuel,3049.0
12/12/2015 12:40,EST,Hydro,2950.0
12/12/2015 12:40,EST,Natural Gas,1622.0
12/12/2015 12:40,EST,Nuclear,5271.0
12/12/2015 12:40,EST,Other Fossil Fuels,38.0
12/12/2015 12:40,EST,Other Renewables,292.0
12/12/2015 12:40,EST,Wind,156.0
12/12/2015 12:45,EST,Dual Fuel,3067.0
12/12/2015 12:45,EST,Hydro,2908.0
12/12/2015 12:45,EST,Natural Gas,1622.0
12/12/2015 12:45,EST,Nuclear,5283.0
12/12/2015 12:45,EST,Other Fossil Fuels,38.0
12/12/2015 12:45,EST,Other Renewables,298.0
12/12/2015 12:45,EST,Wind,152.0
12/12/2015 12:47,EST,Dual Fuel,3141.0
12/12/2015 12:47,EST,Hydro,2639.0
12/12/2015 12:47,EST,Natural Gas,1603.0
12/12/2015 12:47,EST,Nuclear,5300.0
12/12/2015 12:47,EST,Other Fossil Fuels,38.0
12/12/2015 12:47,EST,Other Renewables,297.0
12/12/2015 12:47,EST,Wind,157.0
12/12/2015 12:50,EST,Dual Fuel,3231.0
12/12/2015 12:50,EST,Hydro,2654.0
12/12/2015 12:50,EST,Natural Gas,1623.0
12/12/2015 12:50,EST,Nuclear,5287.0
12/12/2015 12:50,EST,Other Fossil Fuels,37.0
12/12/2015 12:50,EST,Other Renewables,296.0
12/12/2015 12:50,EST,Wind,159.0
12/12/2015 12:54,EST,Dual Fuel,3337.0
12/12/2015 12:54,EST,Hydro,2649.0
12/12/2015 12:54,EST,Natural Gas,1663.0
12/12/2015 12:54,EST,Nuclear,5276.0
12/12/2015 12:54,EST,Other Fossil Fuels,37.0
12/12/2015 12:54,EST,Other Renewables,295.0
12/12/2015 12:54,EST,Wind,166.0
12/12/2015 12:55,EST,Dual Fuel,3350.0
12/12/2015 12:55,EST,Hydro,2650.0
12/12/2015 12:55,EST,Natural Gas,1665.0
12/12/2015 12:55,EST,Nuclear,5279.0
12/12/2015 12:55,EST,Other Fossil Fuels,37.0
12/12/2015 12:55,EST,Other Renewables,292.0
12/12/2015 12:55,EST,Wind,169.0
12/12/2015 13:00,EST,Dual Fuel,3372.0
12/12/2015 13:00,EST,Hydro,2621.0
12/12/2015 13:00,EST,Natural Gas,1672.0
12/12/2015 13:00,EST,Nuclear,5278.0
12/12/2015 13:00,EST,Other Fossil Fuels,37.0
12/12/2015 13:00,EST,Other Renewables,287.0
12/12/2015 13:00,EST,Wind,177.0
12/12/2015 13:05,EST,Dual Fuel,3495.0
12/12/2015 13:05,EST,Hydro,2518.0
12/12/2015 13:05,EST,Natural Gas,1685.0
12/12/2015 13:05,EST,Nuclear,5292.0
12/12/2015 13:05,EST,Other Fossil Fuels,39.0
12/12/2015 13:05,EST,Other Renewables,286.0
12/12/2015 13:05,EST,Wind,184.0
12/12/2015 13:10,EST,Dual Fuel,3620.0
12/12/2015 13:10,EST,Hydro,2541.0
12/12/2015 13:10,EST,Natural Gas,1657.0
12/12/2015 13:10,EST,Nuclear,5283.0
12/12/2015 13:10,EST,Other Fossil Fuels,41.0
12/12/2015 13:10,EST,Other Renewables,274.0
12/12/2015 13:10,EST,Wind,174.0
12/12/2015 13:15,EST,Dual Fuel,3618.0
12/12/2015 13:15,EST,Hydro,2690.0
12/12/2015 13:15,EST,Natural Gas,1668.0
12/12/2015 13:15,EST,Nuclear,5291.0
12/12/2015 13:15,EST,Other Fossil Fuels,42.0
12/12/2015 13:15,EST,Other Renewables,297.0
12/12/2015 13:15,EST,Wind,169.0
12/12/2015 13:20,EST,Dual Fuel,3455.0
12/12/2015 13:20,EST,Hydro,2583.0
12/12/2015 13:20,EST,Natural Gas,1671.0
12/12/2015 13:20,EST,Nuclear,5306.0
12/12/2015 13:20,EST,Other Fossil Fuels,40.0
12/12/2015 13:20,EST,Other Renewables,301.0
12/12/2015 13:20,EST,Wind,166.0
12/12/2015 13:25,EST,Dual Fuel,3292.0
12/12/2015 13:25,EST,Hydro,2818.0
12/12/2015 13:25,EST,Natural Gas,1626.0
12/12/2015 13:25,EST,Nuclear,5310.0
12/12/2015 13:25,EST,Other Fossil Fuels,40.0
12/12/2015 13:25,EST,Other Renewables,309.0
12/12/2015 13:25,EST,Wind,168.0
12/12/2015 13:30,EST,Dual Fuel,3305.0
12/12/2015 13:30,EST,Hydro,2811.0
12/12/2015 13:30,EST,Natural Gas,1576.0
12/12/2015 13:30,EST,Nuclear,5337.0
12/12/2015 13:30,EST,Other Fossil Fuels,39.0
12/12/2015 13:30,EST,Other Renewables,313.0
12/12/2015 13:30,EST,Wind,169.0
12/12/2015 13:35,EST,Dual Fuel,3211.0
12/12/2015 13:35,EST,Hydro,2874.0
12/12/2015 13:35,EST,Natural Gas,1542.0
12/12/2015 13:35,EST,Nuclear,5364.0
12/12/2015 13:35,EST,Other Fossil Fuels,38.0
12/12/2015 13:35,EST,Other Renewables,313.0
12/12/2015 13:35,EST,Wind,192.0
12/12/2015 13:40,EST,Dual Fuel,3156.0
12/12/2015 13:40,EST,Hydro,2985.0
12/12/2015 13:40,EST,Natural Gas,1526.0
12/12/2015 13:40,EST,Nuclear,5366.0
12/12/2015 13:40,EST,Other Fossil Fuels,38.0
12/12/2015 13:40,EST,Other Renewables,313.0
12/12/2015 13:40,EST,Wind,212.0
12/12/2015 13:45,EST,Dual Fuel,3079.0
12/12/2015 13:45,EST,Hydro,3048.0
12/12/2015 13:45,EST,Natural Gas,1525.0
12/12/2015 13:45,EST,Nuclear,5368.0
12/12/2015 13:45,EST,Other Fossil Fuels,38.0
12/12/2015 13:45,EST,Other Renewables,310.0
12/12/2015 13:45,EST,Wind,202.0
12/12/2015 13:50,EST,Dual Fuel,3079.0
12/12/2015 13:50,EST,Hydro,3041.0
12/12/2015 13:50,EST,Natural Gas,1527.0
12/12/2015 13:50,EST,Nuclear,5368.0
12/12/2015 13:50,EST,Other Fossil Fuels,38.0
12/12/2015 13:50,EST,Other Renewables,306.0
12/12/2015 13:50,EST,Wind,194.0
12/12/2015 13:55,EST,Dual Fuel,3065.0
12/12/2015 13:55,EST,Hydro,3041.0
12/12/2015 13:55,EST,Natural Gas,1527.0
12/12/2015 13:55,EST,Nuclear,5371.0
12/12/2015 13:55,EST,Other Fossil Fuels,37.0
12/12/2015 13:55,EST,Other Renewables,308.0
12/12/2015 13:55,EST,Wind,180.0
12/12/2015 14:00,EST,Dual Fuel,3078.0
12/12/2015 14:00,EST,Hydro,3061.0
12/12/2015 14:00,EST,Natural Gas,1555.0
12/12/2015 14:00,EST,Nuclear,5373.0
12/12/2015 14:00,EST,Other Fossil Fuels,37.0
12/12/2015 14:00,EST,Other Renewables,306.0
12/12/2015 14:00,EST,Wind,171.0
12/12/2015 14:05,EST,Dual Fuel,3246.0
12/12/2015 14:05,EST,Hydro,3081.0
12/12/2015 14:05,EST,Natural Gas,1609.0
12/12/2015 14:05,EST,Nuclear,5374.0
12/12/2015 14:05,EST,Other Fossil Fuels,37.0
12/12/2015 14:05,EST,Other Renewables,306.0
12/12/2015 14:05,EST,Wind,149.0
12/12/2015 14:10,EST,Dual Fuel,3302.0
12/12/2015 14:10,EST,Hydro,3127.0
12/12/2015 14:10,EST,Natural Gas,1649.0
12/12/2015 14:10,EST,Nuclear,5376.0
12/12/2015 14:10,EST,Other Fossil Fuels,37.0
12/12/2015 14:10,EST,Other Renewables,297.0
12/12/2015 14:10,EST,Wind,151.0
12/12/2015 14:15,EST,Dual Fuel,3293.0
12/12/2015 14:15,EST,Hydro,3151.0
12/12/2015 14:15,EST,Natural Gas,1658.0
12/12/2015 14:15,EST,Nuclear,5378.0
12/12/2015 14:15,EST,Other Fossil Fuels,37.0
12/12/2015 14:15,EST,Other Renewables,297.0
12/12/2015 14:15,EST,Wind,142.0
12/12/2015 14:20,EST,Dual Fuel,3310.0
12/12/2015 14:20,EST,Hydro,3156.0
12/12/2015 14:20,EST,Natural Gas,1681.0
12/12/2015 14:20,EST,Nuclear,5375.0
12/12/2015 14:20,EST,Other Fossil Fuels,37.0
12/12/2015 14:20,EST,Other Renewables,299.0
12/12/2015 14:20,EST,Wind,129.0
12/12/2015 14:25,EST,Dual Fuel,3309.0
12/12/2015 14:25,EST,Hydro,3148.0
12/12/2015 14:25,EST,Natural Gas,1697.0
12/12/2015 14:25,EST,Nuclear,5379.0
12/12/2015 14:25,EST,Other Fossil Fuels,37.0
12/12/2015 14:25,EST,Other Renewables,299.0
12/12/2015 14:25,EST,Wind,130.0
12/12/2015 14:30,EST,Dual Fuel,3324.0
12/12/2015 14:30,EST,Hydro,3159.0
12/12/2015 14:30,EST,Natural Gas,1703.0
12/12/2015 14:30,EST,Nuclear,5375.0
12/12/2015 14:30,EST,Other Fossil Fuels,37.0
12/12/2015 14:30,EST,Other Renewables,296.0
12/12/2015 14:30,EST,Wind,126.0
12/12/2015 14:35,EST,Dual Fuel,3336.0
12/12/2015 14:35,EST,Hydro,3162.0
12/12/2015 14:35,EST,Natural Gas,1707.0
12/12/2015 14:35,EST,Nuclear,5382.0
12/12/2015 14:35,EST,Other Fossil Fuels,37.0
12/12/2015 14:35,EST,Other Renewables,293.0
12/12/2015 14:35,EST,Wind,115.0
12/12/2015 14:40,EST,Dual Fuel,3361.0
12/12/2015 14:40,EST,Hydro,3151.0
12/12/2015 14:40,EST,Natural Gas,1692.0
12/12/2015 14:40,EST,Nuclear,5383.0
12/12/2015 14:40,EST,Other Fossil Fuels,37.0
12/12/2015 14:40,EST,Other Renewables,293.0
12/12/2015 14:40,EST,Wind,106.0
12/12/2015 14:45,EST,Dual Fuel,3417.0
12/12/2015 14:45,EST,Hydro,3127.0
12/12/2015 14:45,EST,Natural Gas,1650.0
12/12/2015 14:45,EST,Nuclear,5378.0
12/12/2015 14:45,EST,Other Fossil Fuels,37.0
12/12/2015 14:45,EST,Other Renewables,296.0
12/12/2015 14:45,EST,Wind,100.0
12/12/2015 14:50,EST,Dual Fuel,3427.0
12/12/2015 14:50,EST,Hydro,3137.0
12/12/2015 14:50,EST,Natural Gas,1642.0
12/12/2015 14:50,EST,Nuclear,5383.0
12/12/2015 14:50,EST,Other Fossil Fuels,38.0
12/12/2015 14:50,EST,Other Renewables,296.0
12/12/2015 14:50,EST,Wind,109.0
12/12/2015 14:55,EST,Dual Fuel,3392.0
12/12/2015 14:55,EST,Hydro,3198.0
12/12/2015 14:55,EST,Natural Gas,1686.0
12/12/2015 14:55,EST,Nuclear,5380.0
12/12/2015 14:55,EST,Other Fossil Fuels,37.0
12/12/2015 14:55,EST,Other Renewables,297.0
12/12/2015 14:55,EST,Wind,105.0
12/12/2015 15:00,EST,Dual Fuel,3265.0
12/12/2015 15:00,EST,Hydro,3295.0
12/12/2015 15:00,EST,Natural Gas,1681.0
12/12/2015 15:00,EST,Nuclear,5385.0
12/12/2015 15:00,EST,Other Fossil Fuels,37.0
12/12/2015 15:00,EST,Other Renewables,296.0
12/12/2015 15:00,EST,Wind,98.0
12/12/2015 15:05,EST,Dual Fuel,3188.0
12/12/2015 15:05,EST,Hydro,3341.0
12/12/2015 15:05,EST,Natural Gas,1601.0
12/12/2015 15:05,EST,Nuclear,5381.0
12/12/2015 15:05,EST,Other Fossil Fuels,37.0
12/12/2015 15:05,EST,Other Renewables,291.0
12/12/2015 15:05,EST,Wind,99.0
12/12/2015 15:10,EST,Dual Fuel,3198.0
12/12/2015 15:10,EST,Hydro,3425.0
12/12/2015 15:10,EST,Natural Gas,1547.0
12/12/2015 15:10,EST,Nuclear,5380.0
12/12/2015 15:10,EST,Other Fossil Fuels,37.0
12/12/2015 15:10,EST,Other Renewables,290.0
12/12/2015 15:10,EST,Wind,103.0
12/12/2015 15:15,EST,Dual Fuel,3178.0
12/12/2015 15:15,EST,Hydro,3492.0
12/12/2015 15:15,EST,Natural Gas,1527.0
12/12/2015 15:15,EST,Nuclear,5382.0
12/12/2015 15:15,EST,Other Fossil Fuels,37.0
12/12/2015 15:15,EST,Other Renewables,295.0
12/12/2015 15:15,EST,Wind,112.0
12/12/2015 15:20,EST,Dual Fuel,3183.0
12/12/2015 15:20,EST,Hydro,3518.0
12/12/2015 15:20,EST,Natural Gas,1521.0
12/12/2015 15:20,EST,Nuclear,5381.0
12/12/2015 15:20,EST,Other Fossil Fuels,37.0
12/12/2015 15:20,EST,Other Renewables,291.0
12/12/2015 15:20,EST,Wind,117.0
12/12/2015 15:25,EST,Dual Fuel,3215.0
12/12/2015 15:25,EST,Hydro,3528.0
12/12/2015 15:25,EST,Natural Gas,1535.0
12/12/2015 15:25,EST,Nuclear,5382.0
12/12/2015 15:25,EST,Other Fossil Fuels,37.0
12/12/2015 15:25,EST,Other Renewables,289.0
12/12/2015 15:25,EST,Wind,114.0
12/12/2015 15:30,EST,Dual Fuel,3206.0
12/12/2015 15:30,EST,Hydro,3534.0
12/12/2015 15:30,EST,Natural Gas,1538.0
12/12/2015 15:30,EST,Nuclear,5382.0
12/12/2015 15:30,EST,Other Fossil Fuels,37.0
12/12/2015 15:30,EST,Other Renewables,290.0
12/12/2015 15:30,EST,Wind,110.0
12/12/2015 15:35,EST,Dual Fuel,3204.0
12/12/2015 15:35,EST,Hydro,3518.0
12/12/2015 15:35,EST,Natural Gas,1546.0
12/12/2015 15:35,EST,Nuclear,5380.0
12/12/2015 15:35,EST,Other Fossil Fuels,37.0
12/12/2015 15:35,EST,Other Renewables,290.0
12/12/2015 15:35,EST,Wind,101.0
12/12/2015 15:40,EST,Dual Fuel,3208.0
12/12/2015 15:40,EST,Hydro,3556.0
12/12/2015 15:40,EST,Natural Gas,1577.0
12/12/2015 15:40,EST,Nuclear,5383.0
12/12/2015 15:40,EST,Other Fossil Fuels,37.0
12/12/2015 15:40,EST,Other Renewables,294.0
12/12/2015 15:40,EST,Wind,103.0
12/12/2015 15:45,EST,Dual Fuel,3196.0
12/12/2015 15:45,EST,Hydro,3552.0
12/12/2015 15:45,EST,Natural Gas,1616.0
12/12/2015 15:45,EST,Nuclear,5383.0
12/12/2015 15:45,EST,Other Fossil Fuels,37.0
12/12/2015 15:45,EST,Other Renewables,297.0
12/12/2015 15:45,EST,Wind,93.0
12/12/2015 15:50,EST,Dual Fuel,3191.0
12/12/2015 15:50,EST,Hydro,3573.0
12/12/2015 15:50,EST,Natural Gas,1628.0
12/12/2015 15:50,EST,Nuclear,5380.0
12/12/2015 15:50,EST,Other Fossil Fuels,37.0
12/12/2015 15:50,EST,Other Renewables,296.0
12/12/2015 15:50,EST,Wind,90.0
12/12/2015 15:55,EST,Dual Fuel,3176.0
12/12/2015 15:55,EST,Hydro,3580.0
12/12/2015 15:55,EST,Natural Gas,1663.0
12/12/2015 15:55,EST,Nuclear,5383.0
12/12/2015 15:55,EST,Other Fossil Fuels,37.0
12/12/2015 15:55,EST,Other Renewables,296.0
12/12/2015 15:55,EST,Wind,95.0
12/12/2015 16:00,EST,Dual Fuel,3176.0
12/12/2015 16:00,EST,Hydro,3573.0
12/12/2015 16:00,EST,Natural Gas,1672.0
12/12/2015 16:00,EST,Nuclear,5381.0
12/12/2015 16:00,EST,Other Fossil Fuels,37.0
12/12/2015 16:00,EST,Other Renewables,294.0
12/12/2015 16:00,EST,Wind,96.0
12/12/2015 16:05,EST,Dual Fuel,3116.0
12/12/2015 16:05,EST,Hydro,3535.0
12/12/2015 16:05,EST,Natural Gas,1639.0
12/12/2015 16:05,EST,Nuclear,5379.0
12/12/2015 16:05,EST,Other Fossil Fuels,37.0
12/12/2015 16:05,EST,Other Renewables,295.0
12/12/2015 16:05,EST,Wind,98.0
12/12/2015 16:10,EST,Dual Fuel,3028.0
12/12/2015 16:10,EST,Hydro,3499.0
12/12/2015 16:10,EST,Natural Gas,1635.0
12/12/2015 16:10,EST,Nuclear,5387.0
12/12/2015 16:10,EST,Other Fossil Fuels,37.0
12/12/2015 16:10,EST,Other Renewables,297.0
12/12/2015 16:10,EST,Wind,95.0
12/12/2015 16:15,EST,Dual Fuel,3040.0
12/12/2015 16:15,EST,Hydro,3524.0
12/12/2015 16:15,EST,Natural Gas,1631.0
12/12/2015 16:15,EST,Nuclear,5388.0
12/12/2015 16:15,EST,Other Fossil Fuels,37.0
12/12/2015 16:15,EST,Other Renewables,299.0
12/12/2015 16:15,EST,Wind,89.0
12/12/2015 16:20,EST,Dual Fuel,3029.0
12/12/2015 16:20,EST,Hydro,3522.0
12/12/2015 16:20,EST,Natural Gas,1616.0
12/12/2015 16:20,EST,Nuclear,5388.0
12/12/2015 16:20,EST,Other Fossil Fuels,37.0
12/12/2015 16:20,EST,Other Renewables,295.0
12/12/2015 16:20,EST,Wind,93.0
12/12/2015 16:20,EST,Dual Fuel,3020.0
12/12/2015 16:20,EST,Hydro,3510.0
12/12/2015 16:20,EST,Natural Gas,1616.0
12/12/2015 16:20,EST,Nuclear,5381.0
12/12/2015 16:20,EST,Other Fossil Fuels,37.0
12/12/2015 16:20,EST,Other Renewables,294.0
12/12/2015 16:20,EST,Wind,98.0
12/12/2015 16:22,EST,Dual Fuel,3038.0
12/12/2015 16:22,EST,Hydro,3407.0
12/12/2015 16:22,EST,Natural Gas,1626.0
12/12/2015 16:22,EST,Nuclear,5389.0
12/12/2015 16:22,EST,Other Fossil Fuels,37.0
12/12/2015 16:22,EST,Other Renewables,292.0
12/12/2015 16:22,EST,Wind,100.0
12/12/2015 16:25,EST,Dual Fuel,3135.0
12/12/2015 16:25,EST,Hydro,3360.0
12/12/2015 16:25,EST,Natural Gas,1645.0
12/12/2015 16:25,EST,Nuclear,5387.0
12/12/2015 16:25,EST,Other Fossil Fuels,37.0
12/12/2015 16:25,EST,Other Renewables,290.0
12/12/2015 16:25,EST,Wind,97.0
12/12/2015 16:30,EST,Dual Fuel,3306.0
12/12/2015 16:30,EST,Hydro,3367.0
12/12/2015 16:30,EST,Natural Gas,1678.0
12/12/2015 16:30,EST,Nuclear,5388.0
12/12/2015 16:30,EST,Other Fossil Fuels,37.0
12/12/2015 16:30,EST,Other Renewables,292.0
12/12/2015 16:30,EST,Wind,98.0
12/12/2015 16:35,EST,Dual Fuel,3424.0
12/12/2015 16:35,EST,Hydro,3366.0
12/12/2015 16:35,EST,Natural Gas,1700.0
12/12/2015 16:35,EST,Nuclear,5391.0
12/12/2015 16:35,EST,Other Fossil Fuels,37.0
12/12/2015 16:35,EST,Other Renewables,295.0
12/12/2015 16:35,EST,Wind,93.0
12/12/2015 16:40,EST,Dual Fuel,3584.0
12/12/2015 16:40,EST,Hydro,3248.0
12/12/2015 16:40,EST,Natural Gas,1740.0
12/12/2015 16:40,EST,Nuclear,5402.0
12/12/2015 16:40,EST,Other Fossil Fuels,37.0
12/12/2015 16:40,EST,Other Renewables,296.0
12/12/2015 16:40,EST,Wind,91.0
12/12/2015 16:45,EST,Dual Fuel,3734.0
12/12/2015 16:45,EST,Hydro,3205.0
12/12/2015 16:45,EST,Natural Gas,1774.0
12/12/2015 16:45,EST,Nuclear,5403.0
12/12/2015 16:45,EST,Other Fossil Fuels,37.0
12/12/2015 16:45,EST,Other Renewables,295.0
12/12/2015 16:45,EST,Wind,90.0
12/12/2015 16:50,EST,Dual Fuel,3917.0
12/12/2015 16:50,EST,Hydro,3263.0
12/12/2015 16:50,EST,Natural Gas,1846.0
12/12/2015 16:50,EST,Nuclear,5404.0
12/12/2015 16:50,EST,Other Fossil Fuels,40.0
12/12/2015 16:50,EST,Other Renewables,297.0
12/12/2015 16:50,EST,Wind,91.0
12/12/2015 16:55,EST,Dual Fuel,4009.0
12/12/2015 16:55,EST,Hydro,3236.0
12/12/2015 16:55,EST,Natural Gas,1825.0
12/12/2015 16:55,EST,Nuclear,5404.0
12/12/2015 16:55,EST,Other Fossil Fuels,41.0
12/12/2015 16:55,EST,Other Renewables,295.0
12/12/2015 16:55,EST,Wind,90.0
12/12/2015 17:00,EST,Dual Fuel,4014.0
12/12/2015 17:00,EST,Hydro,3233.0
12/12/2015 17:00,EST,Natural Gas,1833.0
12/12/2015 17:00,EST,Nuclear,5404.0
12/12/2015 17:00,EST,Other Fossil Fuels,42.0
12/12/2015 17:00,EST,Other Renewables,293.0
12/12/2015 17:00,EST,Wind,92.0
12/12/2015 17:05,EST,Dual Fuel,4059.0
12/12/2015 17:05,EST,Hydro,3210.0
12/12/2015 17:05,EST,Natural Gas,1892.0
12/12/2015 17:05,EST,Nuclear,5406.0
12/12/2015 17:05,EST,Other Fossil Fuels,44.0
12/12/2015 17:05,EST,Other Renewables,291.0
12/12/2015 17:05,EST,Wind,100.0
12/12/2015 17:10,EST,Dual Fuel,4136.0
12/12/2015 17:10,EST,Hydro,3165.0
12/12/2015 17:10,EST,Natural Gas,1922.0
12/12/2015 17:10,EST,Nuclear,5407.0
12/12/2015 17:10,EST,Other Fossil Fuels,46.0
12/12/2015 17:10,EST,Other Renewables,290.0
12/12/2015 17:10,EST,Wind,108.0
12/12/2015 17:15,EST,Dual Fuel,4096.0
12/12/2015 17:15,EST,Hydro,3159.0
12/12/2015 17:15,EST,Natural Gas,1942.0
12/12/2015 17:15,EST,Nuclear,5408.0
12/12/2015 17:15,EST,Other Fossil Fuels,46.0
12/12/2015 17:15,EST,Other Renewables,293.0
12/12/2015 17:15,EST,Wind,106.0
12/12/2015 17:20,EST,Dual Fuel,3932.0
12/12/2015 17:20,EST,Hydro,3227.0
12/12/2015 17:20,EST,Natural Gas,2022.0
12/12/2015 17:20,EST,Nuclear,5407.0
12/12/2015 17:20,EST,Other Fossil Fuels,44.0
12/12/2015 17:20,EST,Other Renewables,292.0
12/12/2015 17:20,EST,Wind,106.0
12/12/2015 17:25,EST,Dual Fuel,3916.0
12/12/2015 17:25,EST,Hydro,3206.0
12/12/2015 17:25,EST,Natural Gas,2004.0
12/12/2015 17:25,EST,Nuclear,5409.0
12/12/2015 17:25,EST,Other Fossil Fuels,41.0
12/12/2015 17:25,EST,Other Renewables,294.0
12/12/2015 17:25,EST,Wind,106.0
12/12/2015 17:30,EST,Dual Fuel,3913.0
12/12/2015 17:30,EST,Hydro,3291.0
12/12/2015 17:30,EST,Natural Gas,2000.0
12/12/2015 17:30,EST,Nuclear,5411.0
12/12/2015 17:30,EST,Other Fossil Fuels,39.0
12/12/2015 17:30,EST,Other Renewables,296.0
12/12/2015 17:30,EST,Wind,109.0
12/12/2015 17:35,EST,Dual Fuel,3961.0
12/12/2015 17:35,EST,Hydro,3385.0
12/12/2015 17:35,EST,Natural Gas,1981.0
12/12/2015 17:35,EST,Nuclear,5410.0
12/12/2015 17:35,EST,Other Fossil Fuels,37.0
12/12/2015 17:35,EST,Other Renewables,295.0
12/12/2015 17:35,EST,Wind,114.0
12/12/2015 17:40,EST,Dual Fuel,3994.0
12/12/2015 17:40,EST,Hydro,3391.0
12/12/2015 17:40,EST,Natural Gas,1984.0
12/12/2015 17:40,EST,Nuclear,5411.0
12/12/2015 17:40,EST,Other Fossil Fuels,37.0
12/12/2015 17:40,EST,Other Renewables,297.0
12/12/2015 17:40,EST,Wind,118.0
12/12/2015 17:45,EST,Dual Fuel,4058.0
12/12/2015 17:45,EST,Hydro,3413.0
12/12/2015 17:45,EST,Natural Gas,2003.0
12/12/2015 17:45,EST,Nuclear,5413.0
12/12/2015 17:45,EST,Other Fossil Fuels,37.0
12/12/2015 17:45,EST,Other Renewables,297.0
12/12/2015 17:45,EST,Wind,112.0
12/12/2015 17:50,EST,Dual Fuel,4163.0
12/12/2015 17:50,EST,Hydro,3373.0
12/12/2015 17:50,EST,Natural Gas,1978.0
12/12/2015 17:50,EST,Nuclear,5414.0
12/12/2015 17:50,EST,Other Fossil Fuels,37.0
12/12/2015 17:50,EST,Other Renewables,296.0
12/12/2015 17:50,EST,Wind,106.0
12/12/2015 17:55,EST,Dual Fuel,4096.0
12/12/2015 17:55,EST,Hydro,3374.0
12/12/2015 17:55,EST,Natural Gas,1947.0
12/12/2015 17:55,EST,Nuclear,5415.0
12/12/2015 17:55,EST,Other Fossil Fuels,37.0
12/12/2015 17:55,EST,Other Renewables,296.0
12/12/2015 17:55,EST,Wind,110.0
12/12/2015 18:00,EST,Dual Fuel,4102.0
12/12/2015 18:00,EST,Hydro,3406.0
12/12/2015 18:00,EST,Natural Gas,1934.0
12/12/2015 18:00,EST,Nuclear,5417.0
12/12/2015 18:00,EST,Other Fossil Fuels,37.0
12/12/2015 18:00,EST,Other Renewables,296.0
12/12/2015 18:00,EST,Wind,116.0
12/12/2015 18:05,EST,Dual Fuel,4066.0
12/12/2015 18:05,EST,Hydro,3441.0
12/12/2015 18:05,EST,Natural Gas,1882.0
12/12/2015 18:05,EST,Nuclear,5415.0
12/12/2015 18:05,EST,Other Fossil Fuels,37.0
12/12/2015 18:05,EST,Other Renewables,294.0
12/12/2015 18:05,EST,Wind,123.0
12/12/2015 18:10,EST,Dual Fuel,3908.0
12/12/2015 18:10,EST,Hydro,3452.0
12/12/2015 18:10,EST,Natural Gas,1841.0
12/12/2015 18:10,EST,Nuclear,5417.0
12/12/2015 18:10,EST,Other Fossil Fuels,37.0
12/12/2015 18:10,EST,Other Renewables,296.0
12/12/2015 18:10,EST,Wind,131.0
12/12/2015 18:15,EST,Dual Fuel,3877.0
12/12/2015 18:15,EST,Hydro,3449.0
12/12/2015 18:15,EST,Natural Gas,1858.0
12/12/2015 18:15,EST,Nuclear,5417.0
12/12/2015 18:15,EST,Other Fossil Fuels,38.0
12/12/2015 18:15,EST,Other Renewables,294.0
12/12/2015 18:15,EST,Wind,129.0
12/12/2015 18:20,EST,Dual Fuel,3893.0
12/12/2015 18:20,EST,Hydro,3445.0
12/12/2015 18:20,EST,Natural Gas,1802.0
12/12/2015 18:20,EST,Nuclear,5415.0
12/12/2015 18:20,EST,Other Fossil Fuels,37.0
12/12/2015 18:20,EST,Other Renewables,293.0
12/12/2015 18:20,EST,Wind,127.0
12/12/2015 18:25,EST,Dual Fuel,3857.0
12/12/2015 18:25,EST,Hydro,3438.0
12/12/2015 18:25,EST,Natural Gas,1808.0
12/12/2015 18:25,EST,Nuclear,5415.0
12/12/2015 18:25,EST,Other Fossil Fuels,37.0
12/12/2015 18:25,EST,Other Renewables,291.0
12/12/2015 18:25,EST,Wind,122.0
12/12/2015 18:30,EST,Dual Fuel,3829.0
12/12/2015 18:30,EST,Hydro,3383.0
12/12/2015 18:30,EST,Natural Gas,1815.0
12/12/2015 18:30,EST,Nuclear,5417.0
12/12/2015 18:30,EST,Other Fossil Fuels,37.0
12/12/2015 18:30,EST,Other Renewables,291.0
12/12/2015 18:30,EST,Wind,127.0
12/12/2015 18:35,EST,Dual Fuel,3920.0
12/12/2015 18:35,EST,Hydro,3223.0
12/12/2015 18:35,EST,Natural Gas,1794.0
12/12/2015 18:35,EST,Nuclear,5418.0
12/12/2015 18:35,EST,Other Fossil Fuels,38.0
12/12/2015 18:35,EST,Other Renewables,292.0
12/12/2015 18:35,EST,Wind,147.0
12/12/2015 18:40,EST,Dual Fuel,3701.0
12/12/2015 18:40,EST,Hydro,3268.0
12/12/2015 18:40,EST,Natural Gas,1781.0
12/12/2015 18:40,EST,Nuclear,5417.0
12/12/2015 18:40,EST,Other Fossil Fuels,37.0
12/12/2015 18:40,EST,Other Renewables,288.0
12/12/2015 18:40,EST,Wind,164.0
12/12/2015 18:45,EST,Dual Fuel,3635.0
12/12/2015 18:45,EST,Hydro,3274.0
12/12/2015 18:45,EST,Natural Gas,1780.0
12/12/2015 18:45,EST,Nuclear,5418.0
12/12/2015 18:45,EST,Other Fossil Fuels,38.0
12/12/2015 18:45,EST,Other Renewables,289.0
12/12/2015 18:45,EST,Wind,161.0
12/12/2015 18:50,EST,Dual Fuel,3660.0
12/12/2015 18:50,EST,Hydro,3268.0
12/12/2015 18:50,EST,Natural Gas,1790.0
12/12/2015 18:50,EST,Nuclear,5417.0
12/12/2015 18:50,EST,Other Fossil Fuels,38.0
12/12/2015 18:50,EST,Other Renewables,292.0
12/12/2015 18:50,EST,Wind,162.0
12/12/2015 18:55,EST,Dual Fuel,3688.0
12/12/2015 18:55,EST,Hydro,3273.0
12/12/2015 18:55,EST,Natural Gas,1795.0
12/12/2015 18:55,EST,Nuclear,5417.0
12/12/2015 18:55,EST,Other Fossil Fuels,38.0
12/12/2015 18:55,EST,Other Renewables,293.0
12/12/2015 18:55,EST,Wind,159.0
12/12/2015 19:00,EST,Dual Fuel,3669.0
12/12/2015 19:00,EST,Hydro,3264.0
12/12/2015 19:00,EST,Natural Gas,1792.0
12/12/2015 19:00,EST,Nuclear,5416.0
12/12/2015 19:00,EST,Other Fossil Fuels,38.0
12/12/2015 19:00,EST,Other Renewables,289.0
12/12/2015 19:00,EST,Wind,152.0
12/12/2015 19:05,EST,Dual Fuel,3661.0
12/12/2015 19:05,EST,Hydro,3261.0
12/12/2015 19:05,EST,Natural Gas,1762.0
12/12/2015 19:05,EST,Nuclear,5417.0
12/12/2015 19:05,EST,Other Fossil Fuels,38.0
12/12/2015 19:05,EST,Other Renewables,288.0
12/12/2015 19:05,EST,Wind,153.0
12/12/2015 19:10,EST,Dual Fuel,3654.0
12/12/2015 19:10,EST,Hydro,3260.0
12/12/2015 19:10,EST,Natural Gas,1760.0
12/12/2015 19:10,EST,Nuclear,5418.0
12/12/2015 19:10,EST,Other Fossil Fuels,37.0
12/12/2015 19:10,EST,Other Renewables,290.0
12/12/2015 19:10,EST,Wind,148.0
12/12/2015 19:15,EST,Dual Fuel,3738.0
12/12/2015 19:15,EST,Hydro,3088.0
12/12/2015 19:15,EST,Natural Gas,1767.0
12/12/2015 19:15,EST,Nuclear,5416.0
12/12/2015 19:15,EST,Other Fossil Fuels,38.0
12/12/2015 19:15,EST,Other Renewables,300.0
12/12/2015 19:15,EST,Wind,164.0
12/12/2015 19:20,EST,Dual Fuel,3880.0
12/12/2015 19:20,EST,Hydro,2972.0
12/12/2015 19:20,EST,Natural Gas,1749.0
12/12/2015 19:20,EST,Nuclear,5417.0
12/12/2015 19:20,EST,Other Fossil Fuels,39.0
12/12/2015 19:20,EST,Other Renewables,305.0
12/12/2015 19:20,EST,Wind,163.0
12/12/2015 19:25,EST,Dual Fuel,3889.0
12/12/2015 19:25,EST,Hydro,2914.0
12/12/2015 19:25,EST,Natural Gas,1737.0
12/12/2015 19:25,EST,Nuclear,5417.0
12/12/2015 19:25,EST,Other Fossil Fuels,42.0
12/12/2015 19:25,EST,Other Renewables,308.0
12/12/2015 19:25,EST,Wind,150.0
12/12/2015 19:30,EST,Dual Fuel,3883.0
12/12/2015 19:30,EST,Hydro,2829.0
12/12/2015 19:30,EST,Natural Gas,1741.0
12/12/2015 19:30,EST,Nuclear,5418.0
12/12/2015 19:30,EST,Other Fossil Fuels,42.0
12/12/2015 19:30,EST,Other Renewables,302.0
12/12/2015 19:30,EST,Wind,141.0
12/12/2015 19:35,EST,Dual Fuel,3881.0
12/12/2015 19:35,EST,Hydro,2805.0
12/12/2015 19:35,EST,Natural Gas,1737.0
12/12/2015 19:35,EST,Nuclear,5418.0
12/12/2015 19:35,EST,Other Fossil Fuels,44.0
12/12/2015 19:35,EST,Other Renewables,299.0
12/12/2015 19:35,EST,Wind,142.0
12/12/2015 19:40,EST,Dual Fuel,3854.0
12/12/2015 19:40,EST,Hydro,2781.0
12/12/2015 19:40,EST,Natural Gas,1746.0
12/12/2015 19:40,EST,Nuclear,5416.0
12/12/2015 19:40,EST,Other Fossil Fuels,46.0
12/12/2015 19:40,EST,Other Renewables,298.0
12/12/2015 19:40,EST,Wind,142.0
12/12/2015 19:45,EST,Dual Fuel,3777.0
12/12/2015 19:45,EST,Hydro,2834.0
12/12/2015 19:45,EST,Natural Gas,1743.0
12/12/2015 19:45,EST,Nuclear,5417.0
12/12/2015 19:45,EST,Other Fossil Fuels,46.0
12/12/2015 19:45,EST,Other Renewables,303.0
12/12/2015 19:45,EST,Wind,141.0
12/12/2015 19:50,EST,Dual Fuel,3544.0
12/12/2015 19:50,EST,Hydro,2970.0
12/12/2015 19:50,EST,Natural Gas,1788.0
12/12/2015 19:50,EST,Nuclear,5416.0
12/12/2015 19:50,EST,Other Fossil Fuels,44.0
12/12/2015 19:50,EST,Other Renewables,298.0
12/12/2015 19:50,EST,Wind,143.0
12/12/2015 19:55,EST,Dual Fuel,3508.0
12/12/2015 19:55,EST,Hydro,2975.0
12/12/2015 19:55,EST,Natural Gas,1791.0
12/12/2015 19:55,EST,Nuclear,5416.0
12/12/2015 19:55,EST,Other Fossil Fuels,41.0
12/12/2015 19:55,EST,Other Renewables,293.0
12/12/2015 19:55,EST,Wind,145.0
12/12/2015 20:00,EST,Dual Fuel,3519.0
12/12/2015 20:00,EST,Hydro,2958.0
12/12/2015 20:00,EST,Natural Gas,1793.0
12/12/2015 20:00,EST,Nuclear,5416.0
12/12/2015 20:00,EST,Other Fossil Fuels,39.0
12/12/2015 20:00,EST,Other Renewables,298.0
12/12/2015 20:00,EST,Wind,152.0
12/12/2015 20:05,EST,Dual Fuel,3576.0
12/12/2015 20:05,EST,Hydro,2946.0
12/12/2015 20:05,EST,Natural Gas,1813.0
12/12/2015 20:05,EST,Nuclear,5415.0
12/12/2015 20:05,EST,Other Fossil Fuels,37.0
12/12/2015 20:05,EST,Other Renewables,300.0
12/12/2015 20:05,EST,Wind,153.0
12/12/2015 20:10,EST,Dual Fuel,3547.0
12/12/2015 20:10,EST,Hydro,2944.0
12/12/2015 20:10,EST,Natural Gas,1797.0
12/12/2015 20:10,EST,Nuclear,5416.0
12/12/2015 20:10,EST,Other Fossil Fuels,38.0
12/12/2015 20:10,EST,Other Renewables,296.0
12/12/2015 20:10,EST,Wind,153.0
12/12/2015 20:15,EST,Dual Fuel,3531.0
12/12/2015 20:15,EST,Hydro,2942.0
12/12/2015 20:15,EST,Natural Gas,1772.0
12/12/2015 20:15,EST,Nuclear,5416.0
12/12/2015 20:15,EST,Other Fossil Fuels,37.0
12/12/2015 20:15,EST,Other Renewables,294.0
12/12/2015 20:15,EST,Wind,149.0
12/12/2015 20:20,EST,Dual Fuel,3584.0
12/12/2015 20:20,EST,Hydro,2943.0
12/12/2015 20:20,EST,Natural Gas,1788.0
12/12/2015 20:20,EST,Nuclear,5416.0
12/12/2015 20:20,EST,Other Fossil Fuels,37.0
12/12/2015 20:20,EST,Other Renewables,292.0
12/12/2015 20:20,EST,Wind,144.0
12/12/2015 20:25,EST,Dual Fuel,3598.0
12/12/2015 20:25,EST,Hydro,2950.0
12/12/2015 20:25,EST,Natural Gas,1788.0
12/12/2015 20:25,EST,Nuclear,5416.0
12/12/2015 20:25,EST,Other Fossil Fuels,37.0
12/12/2015 20:25,EST,Other Renewables,295.0
12/12/2015 20:25,EST,Wind,147.0
12/12/2015 20:30,EST,Dual Fuel,3592.0
12/12/2015 20:30,EST,Hydro,2942.0
12/12/2015 20:30,EST,Natural Gas,1775.0
12/12/2015 20:30,EST,Nuclear,5415.0
12/12/2015 20:30,EST,Other Fossil Fuels,37.0
12/12/2015 20:30,EST,Other Renewables,294.0
12/12/2015 20:30,EST,Wind,143.0
12/12/2015 20:35,EST,Dual Fuel,3545.0
12/12/2015 20:35,EST,Hydro,2940.0
12/12/2015 20:35,EST,Natural Gas,1756.0
12/12/2015 20:35,EST,Nuclear,5415.0
12/12/2015 20:35,EST,Other Fossil Fuels,37.0
12/12/2015 20:35,EST,Other Renewables,296.0
12/12/2015 20:35,EST,Wind,138.0
12/12/2015 20:40,EST,Dual Fuel,3525.0
12/12/2015 20:40,EST,Hydro,2950.0
12/12/2015 20:40,EST,Natural Gas,1749.0
12/12/2015 20:40,EST,Nuclear,5416.0
12/12/2015 20:40,EST,Other Fossil Fuels,37.0
12/12/2015 20:40,EST,Other Renewables,294.0
12/12/2015 20:40,EST,Wind,135.0
12/12/2015 20:45,EST,Dual Fuel,3540.0
12/12/2015 20:45,EST,Hydro,2947.0
12/12/2015 20:45,EST,Natural Gas,1730.0
12/12/2015 20:45,EST,Nuclear,5416.0
12/12/2015 20:45,EST,Other Fossil Fuels,37.0
12/12/2015 20:45,EST,Other Renewables,294.0
12/12/2015 20:45,EST,Wind,132.0
12/12/2015 20:50,EST,Dual Fuel,3544.0
12/12/2015 20:50,EST,Hydro,2947.0
12/12/2015 20:50,EST,Natural Gas,1711.0
12/12/2015 20:50,EST,Nuclear,5416.0
12/12/2015 20:50,EST,Other Fossil Fuels,37.0
12/12/2015 20:50,EST,Other Renewables,293.0
12/12/2015 20:50,EST,Wind,126.0
12/12/2015 20:55,EST,Dual Fuel,3527.0
12/12/2015 20:55,EST,Hydro,2953.0
12/12/2015 20:55,EST,Natural Gas,1701.0
12/12/2015 20:55,EST,Nuclear,5417.0
12/12/2015 20:55,EST,Other Fossil Fuels,37.0
12/12/2015 20:55,EST,Other Renewables,293.0
12/12/2015 20:55,EST,Wind,121.0
12/12/2015 21:00,EST,Dual Fuel,3517.0
12/12/2015 21:00,EST,Hydro,2943.0
12/12/2015 21:00,EST,Natural Gas,1689.0
12/12/2015 21:00,EST,Nuclear,5416.0
12/12/2015 21:00,EST,Other Fossil Fuels,37.0
12/12/2015 21:00,EST,Other Renewables,295.0
12/12/2015 21:00,EST,Wind,114.0
12/12/2015 21:05,EST,Dual Fuel,3533.0
12/12/2015 21:05,EST,Hydro,2937.0
12/12/2015 21:05,EST,Natural Gas,1653.0
12/12/2015 21:05,EST,Nuclear,5416.0
12/12/2015 21:05,EST,Other Fossil Fuels,37.0
12/12/2015 21:05,EST,Other Renewables,296.0
12/12/2015 21:05,EST,Wind,107.0
12/12/2015 21:10,EST,Dual Fuel,3509.0
12/12/2015 21:10,EST,Hydro,2938.0
12/12/2015 21:10,EST,Natural Gas,1612.0
12/12/2015 21:10,EST,Nuclear,5416.0
12/12/2015 21:10,EST,Other Fossil Fuels,37.0
12/12/2015 21:10,EST,Other Renewables,295.0
12/12/2015 21:10,EST,Wind,97.0
12/12/2015 21:15,EST,Dual Fuel,3483.0
12/12/2015 21:15,EST,Hydro,2941.0
12/12/2015 21:15,EST,Natural Gas,1542.0
12/12/2015 21:15,EST,Nuclear,5415.0
12/12/2015 21:15,EST,Other Fossil Fuels,37.0
12/12/2015 21:15,EST,Other Renewables,295.0
12/12/2015 21:15,EST,Wind,90.0
12/12/2015 21:20,EST,Dual Fuel,3516.0
12/12/2015 21:20,EST,Hydro,2951.0
12/12/2015 21:20,EST,Natural Gas,1532.0
12/12/2015 21:20,EST,Nuclear,5416.0
12/12/2015 21:20,EST,Other Fossil Fuels,37.0
12/12/2015 21:20,EST,Other Renewables,294.0
12/12/2015 21:20,EST,Wind,76.0
12/12/2015 21:25,EST,Dual Fuel,3526.0
12/12/2015 21:25,EST,Hydro,2939.0
12/12/2015 21:25,EST,Natural Gas,1532.0
12/12/2015 21:25,EST,Nuclear,5415.0
12/12/2015 21:25,EST,Other Fossil Fuels,37.0
12/12/2015 21:25,EST,Other Renewables,295.0
12/12/2015 21:25,EST,Wind,68.0
12/12/2015 21:30,EST,Dual Fuel,3468.0
12/12/2015 21:30,EST,Hydro,2933.0
12/12/2015 21:30,EST,Natural Gas,1528.0
12/12/2015 21:30,EST,Nuclear,5414.0
12/12/2015 21:30,EST,Other Fossil Fuels,37.0
12/12/2015 21:30,EST,Other Renewables,292.0
12/12/2015 21:30,EST,Wind,62.0
12/12/2015 21:35,EST,Dual Fuel,3366.0
12/12/2015 21:35,EST,Hydro,2946.0
12/12/2015 21:35,EST,Natural Gas,1523.0
12/12/2015 21:35,EST,Nuclear,5414.0
12/12/2015 21:35,EST,Other Fossil Fuels,37.0
12/12/2015 21:35,EST,Other Renewables,294.0
12/12/2015 21:35,EST,Wind,57.0
12/12/2015 21:40,EST,Dual Fuel,3359.0
12/12/2015 21:40,EST,Hydro,2937.0
12/12/2015 21:40,EST,Natural Gas,1527.0
12/12/2015 21:40,EST,Nuclear,5410.0
12/12/2015 21:40,EST,Other Fossil Fuels,37.0
12/12/2015 21:40,EST,Other Renewables,295.0
12/12/2015 21:40,EST,Wind,53.0
12/12/2015 21:45,EST,Dual Fuel,3274.0
12/12/2015 21:45,EST,Hydro,2928.0
12/12/2015 21:45,EST,Natural Gas,1528.0
12/12/2015 21:45,EST,Nuclear,5411.0
12/12/2015 21:45,EST,Other Fossil Fuels,37.0
12/12/2015 21:45,EST,Other Renewables,291.0
12/12/2015 21:45,EST,Wind,51.0
12/12/2015 21:50,EST,Dual Fuel,3257.0
12/12/2015 21:50,EST,Hydro,2940.0
12/12/2015 21:50,EST,Natural Gas,1521.0
12/12/2015 21:50,EST,Nuclear,5414.0
12/12/2015 21:50,EST,Other Fossil Fuels,37.0
12/12/2015 21:50,EST,Other Renewables,293.0
12/12/2015 21:50,EST,Wind,48.0
12/12/2015 21:55,EST,Dual Fuel,3208.0
12/12/2015 21:55,EST,Hydro,2925.0
12/12/2015 21:55,EST,Natural Gas,1507.0
12/12/2015 21:55,EST,Nuclear,5414.0
12/12/2015 21:55,EST,Other Fossil Fuels,37.0
12/12/2015 21:55,EST,Other Renewables,292.0
12/12/2015 21:55,EST,Wind,45.0
12/12/2015 22:00,EST,Dual Fuel,3190.0
12/12/2015 22:00,EST,Hydro,2930.0
12/12/2015 22:00,EST,Natural Gas,1493.0
12/12/2015 22:00,EST,Nuclear,5415.0
12/12/2015 22:00,EST,Other Fossil Fuels,38.0
12/12/2015 22:00,EST,Other Renewables,295.0
12/12/2015 22:00,EST,Wind,41.0
12/12/2015 22:05,EST,Dual Fuel,3178.0
12/12/2015 22:05,EST,Hydro,2925.0
12/12/2015 22:05,EST,Natural Gas,1463.0
12/12/2015 22:05,EST,Nuclear,5415.0
12/12/2015 22:05,EST,Other Fossil Fuels,37.0
12/12/2015 22:05,EST,Other Renewables,296.0
12/12/2015 22:05,EST,Wind,39.0
12/12/2015 22:10,EST,Dual Fuel,3109.0
12/12/2015 22:10,EST,Hydro,2920.0
12/12/2015 22:10,EST,Natural Gas,1416.0
12/12/2015 22:10,EST,Nuclear,5414.0
12/12/2015 22:10,EST,Other Fossil Fuels,37.0
12/12/2015 22:10,EST,Other Renewables,296.0
12/12/2015 22:10,EST,Wind,36.0
12/12/2015 22:15,EST,Dual Fuel,3031.0
12/12/2015 22:15,EST,Hydro,2917.0
12/12/2015 22:15,EST,Natural Gas,1397.0
12/12/2015 22:15,EST,Nuclear,5414.0
12/12/2015 22:15,EST,Other Fossil Fuels,37.0
12/12/2015 22:15,EST,Other Renewables,294.0
12/12/2015 22:15,EST,Wind,31.0
12/12/2015 22:20,EST,Dual Fuel,3031.0
12/12/2015 22:20,EST,Hydro,2921.0
12/12/2015 22:20,EST,Natural Gas,1407.0
12/12/2015 22:20,EST,Nuclear,5414.0
12/12/2015 22:20,EST,Other Fossil Fuels,37.0
12/12/2015 22:20,EST,Other Renewables,293.0
12/12/2015 22:20,EST,Wind,31.0
12/12/2015 22:25,EST,Dual Fuel,3049.0
12/12/2015 22:25,EST,Hydro,2924.0
12/12/2015 22:25,EST,Natural Gas,1417.0
12/12/2015 22:25,EST,Nuclear,5415.0
12/12/2015 22:25,EST,Other Fossil Fuels,37.0
12/12/2015 22:25,EST,Other Renewables,297.0
12/12/2015 22:25,EST,Wind,31.0
12/12/2015 22:30,EST,Dual Fuel,2985.0
12/12/2015 22:30,EST,Hydro,2921.0
12/12/2015 22:30,EST,Natural Gas,1392.0
12/12/2015 22:30,EST,Nuclear,5415.0
12/12/2015 22:30,EST,Other Fossil Fuels,37.0
12/12/2015 22:30,EST,Other Renewables,296.0
12/12/2015 22:30,EST,Wind,29.0
12/12/2015 22:35,EST,Dual Fuel,2837.0
12/12/2015 22:35,EST,Hydro,2923.0
12/12/2015 22:35,EST,Natural Gas,1376.0
12/12/2015 22:35,EST,Nuclear,5415.0
12/12/2015 22:35,EST,Other Fossil Fuels,37.0
12/12/2015 22:35,EST,Other Renewables,295.0
12/12/2015 22:35,EST,Wind,27.0
12/12/2015 22:40,EST,Dual Fuel,2778.0
12/12/2015 22:40,EST,Hydro,2920.0
12/12/2015 22:40,EST,Natural Gas,1378.0
12/12/2015 22:40,EST,Nuclear,5415.0
12/12/2015 22:40,EST,Other Fossil Fuels,37.0
12/12/2015 22:40,EST,Other Renewables,294.0
12/12/2015 22:40,EST,Wind,23.0
12/12/2015 22:45,EST,Dual Fuel,2700.0
12/12/2015 22:45,EST,Hydro,2921.0
12/12/2015 22:45,EST,Natural Gas,1386.0
12/12/2015 22:45,EST,Nuclear,5416.0
12/12/2015 22:45,EST,Other Fossil Fuels,37.0
12/12/2015 22:45,EST,Other Renewables,292.0
12/12/2015 22:45,EST,Wind,21.0
12/12/2015 22:50,EST,Dual Fuel,2684.0
12/12/2015 22:50,EST,Hydro,2893.0
12/12/2015 22:50,EST,Natural Gas,1373.0
12/12/2015 22:50,EST,Nuclear,5413.0
12/12/2015 22:50,EST,Other Fossil Fuels,37.0
12/12/2015 22:50,EST,Other Renewables,291.0
12/12/2015 22:50,EST,Wind,18.0
12/12/2015 22:55,EST,Dual Fuel,2725.0
12/12/2015 22:55,EST,Hydro,2858.0
12/12/2015 22:55,EST,Natural Gas,1378.0
12/12/2015 22:55,EST,Nuclear,5415.0
12/12/2015 22:55,EST,Other Fossil Fuels,37.0
12/12/2015 22:55,EST,Other Renewables,295.0
12/12/2015 22:55,EST,Wind,19.0
12/12/2015 23:00,EST,Dual Fuel,2782.0
12/12/2015 23:00,EST,Hydro,2743.0
12/12/2015 23:00,EST,Natural Gas,1420.0
12/12/2015 23:00,EST,Nuclear,5414.0
12/12/2015 23:00,EST,Other Fossil Fuels,37.0
12/12/2015 23:00,EST,Other Renewables,297.0
12/12/2015 23:00,EST,Wind,20.0
12/12/2015 23:05,EST,Dual Fuel,2710.0
12/12/2015 23:05,EST,Hydro,2615.0
12/12/2015 23:05,EST,Natural Gas,1443.0
12/12/2015 23:05,EST,Nuclear,5413.0
12/12/2015 23:05,EST,Other Fossil Fuels,37.0
12/12/2015 23:05,EST,Other Renewables,296.0
12/12/2015 23:05,EST,Wind,21.0
12/12/2015 23:10,EST,Dual Fuel,2585.0
12/12/2015 23:10,EST,Hydro,2525.0
12/12/2015 23:10,EST,Natural Gas,1427.0
12/12/2015 23:10,EST,Nuclear,5415.0
12/12/2015 23:10,EST,Other Fossil Fuels,38.0
12/12/2015 23:10,EST,Other Renewables,295.0
12/12/2015 23:10,EST,Wind,23.0
12/12/2015 23:15,EST,Dual Fuel,2552.0
12/12/2015 23:15,EST,Hydro,2485.0
12/12/2015 23:15,EST,Natural Gas,1430.0
12/12/2015 23:15,EST,Nuclear,5414.0
12/12/2015 23:15,EST,Other Fossil Fuels,38.0
12/12/2015 23:15,EST,Other Renewables,297.0
12/12/2015 23:15,EST,Wind,22.0
12/12/2015 23:20,EST,Dual Fuel,2539.0
12/12/2015 23:20,EST,Hydro,2386.0
12/12/2015 23:20,EST,Natural Gas,1439.0
12/12/2015 23:20,EST,Nuclear,5415.0
12/12/2015 23:20,EST,Other Fossil Fuels,38.0
12/12/2015 23:20,EST,Other Renewables,293.0
12/12/2015 23:20,EST,Wind,23.0
12/12/2015 23:25,EST,Dual Fuel,2481.0
12/12/2015 23:25,EST,Hydro,2402.0
12/12/2015 23:25,EST,Natural Gas,1434.0
12/12/2015 23:25,EST,Nuclear,5414.0
12/12/2015 23:25,EST,Other Fossil Fuels,38.0
12/12/2015 23:25,EST,Other Renewables,292.0
12/12/2015 23:25,EST,Wind,27.0
12/12/2015 23:30,EST,Dual Fuel,2431.0
12/12/2015 23:30,EST,Hydro,2429.0
12/12/2015 23:30,EST,Natural Gas,1433.0
12/12/2015 23:30,EST,Nuclear,5414.0
12/12/2015 23:30,EST,Other Fossil Fuels,38.0
12/12/2015 23:30,EST,Other Renewables,293.0
12/12/2015 23:30,EST,Wind,31.0
12/12/2015 23:35,EST,Dual Fuel,2411.0
12/12/2015 23:35,EST,Hydro,2422.0
12/12/2015 23:35,EST,Natural Gas,1432.0
12/12/2015 23:35,EST,Nuclear,5414.0
12/12/2015 23:35,EST,Other Fossil Fuels,38.0
12/12/2015 23:35,EST,Other Renewables,295.0
12/12/2015 23:35,EST,Wind,34.0
12/12/2015 23:40,EST,Dual Fuel,2385.0
12/12/2015 23:40,EST,Hydro,2423.0
12/12/2015 23:40,EST,Natural Gas,1406.0
12/12/2015 23:40,EST,Nuclear,5411.0
12/12/2015 23:40,EST,Other Fossil Fuels,38.0
12/12/2015 23:40,EST,Other Renewables,297.0
12/12/2015 23:40,EST,Wind,34.0
12/12/2015 23:45,EST,Dual Fuel,2310.0
12/12/2015 23:45,EST,Hydro,2412.0
12/12/2015 23:45,EST,Natural Gas,1365.0
12/12/2015 23:45,EST,Nuclear,5415.0
12/12/2015 23:45,EST,Other Fossil Fuels,38.0
12/12/2015 23:45,EST,Other Renewables,296.0
12/12/2015 23:45,EST,Wind,38.0
12/12/2015 23:50,EST,Dual Fuel,2243.0
12/12/2015 23:50,EST,Hydro,2409.0
12/12/2015 23:50,EST,Natural Gas,1335.0
12/12/2015 23:50,EST,Nuclear,5413.0
12/12/2015 23:50,EST,Other Fossil Fuels,37.0
12/12/2015 23:50,EST,Other Renewables,296.0
12/12/2015 23:50,EST,Wind,45.0
12/12/2015 23:55,EST,Dual Fuel,2149.0
12/12/2015 23:55,EST,Hydro,2353.0
12/12/2015 23:55,EST,Natural Gas,1340.0
12/12/2015 23:55,EST,Nuclear,5413.0
12/12/2015 23:55,EST,Other Fossil Fuels,37.0
12/12/2015 23:55,EST,Other Renewables,297.0
12/12/2015 23:55,EST,Wind,51.0
12/13/2015 00:00,EST,Dual Fuel,2165.0
12/13/2015 00:00,EST,Hydro,2356.0
12/13/2015 00:00,EST,Natural Gas,1342.0
12/13/2015 00:00,EST,Nuclear,5411.0
12/13/2015 00:00,EST,Other Fossil Fuels,37.0
12/13/2015 00:00,EST,Other Renewables,292.0
12/13/2015 00:00,EST,Wind,55.0