Time Stamp,Time Zone,Fuel Category,Gen MWh
12/11/2015 00:05,EST,Dual Fuel,2101.0
12/11/2015 00:05,EST,Hydro,2745.0
12/11/2015 00:05,EST,Natural Gas,1662.0
12/11/2015 00:05,EST,Nuclear,5410.0
12/11/2015 00:05,EST,Other Fossil Fuels,247.0
12/11/2015 00:05,EST,Other Renewables,294.0
12/11/2015 00:05,EST,Wind,813.0
12/11/2015 00:10,EST,Dual Fuel,2026.0
12/11/2015 00:10,EST,Hydro,2856.0
12/11/2015 00:10,EST,Natural Gas,1697.0
12/11/2015 00:10,EST,Nuclear,5412.0
12/11/2015 00:10,EST,Other Fossil Fuels,246.0
12/11/2015 00:10,EST,Other Renewables,298.0
12/11/2015 00:10,EST,Wind,800.0
12/11/2015 00:15,EST,Dual Fuel,2008.0
12/11/2015 00:15,EST,Hydro,2861.0
12/11/2015 00:15,EST,Natural Gas,1673.0
12/11/2015 00:15,EST,Nuclear,5410.0
12/11/2015 00:15,EST,Other Fossil Fuels,246.0
12/11/2015 00:15,EST,Other Renewables,304.0
12/11/2015 00:15,EST,Wind,789.0
12/11/2015 00:20,EST,Dual Fuel,2119.0
12/11/2015 00:20,EST,Hydro,2971.0
12/11/2015 00:20,EST,Natural Gas,1644.0
12/11/2015 00:20,EST,Nuclear,5409.0
12/11/2015 00:20,EST,Other Fossil Fuels,247.0
12/11/2015 00:20,EST,Other Renewables,310.0
12/11/2015 00:20,EST,Wind,775.0
12/11/2015 00:25,EST,Dual Fuel,2102.0
12/11/2015 00:25,EST,Hydro,3041.0
12/11/2015 00:25,EST,Natural Gas,1610.0
12/11/2015 00:25,EST,Nuclear,5408.0
12/11/2015 00:25,EST,Other Fossil Fuels,246.0
12/11/2015 00:25,EST,Other Renewables,310.0
12/11/2015 00:25,EST,Wind,772.0
12/11/2015 00:30,EST,Dual Fuel,2035.0
12/11/2015 00:30,EST,Hydro,3009.0
12/11/2015 00:30,EST,Natural Gas,1585.0
12/11/2015 00:30,EST,Nuclear,5410.0
12/11/2015 00:30,EST,Other Fossil Fuels,245.0
12/11/2015 00:30,EST,Other Renewables,309.0
12/11/2015 00:30,EST,Wind,777.0
12/11/2015 00:35,EST,Dual Fuel,1959.0
12/11/2015 00:35,EST,Hydro,3014.0
12/11/2015 00:35,EST,Natural Gas,1581.0
12/11/2015 00:35,EST,Nuclear,5410.0
12/11/2015 00:35,EST,Other Fossil Fuels,245.0
12/11/2015 00:35,EST,Other Renewables,311.0
12/11/2015 00:35,EST,Wind,790.0
12/11/2015 00:40,EST,Dual Fuel,1965.0
12/11/2015 00:40,EST,Hydro,2989.0
12/11/2015 00:40,EST,Natural Gas,1581.0
12/11/2015 00:40,EST,Nuclear,5412.0
12/11/2015 00:40,EST,Other Fossil Fuels,245.0
12/11/2015 00:40,EST,Other Renewables,313.0
12/11/2015 00:40,EST,Wind,783.0
12/11/2015 00:45,EST,Dual Fuel,1956.0
12/11/2015 00:45,EST,Hydro,2865.0
12/11/2015 00:45,EST,Natural Gas,1581.0
12/11/2015 00:45,EST,Nuclear,5411.0
12/11/2015 00:45,EST,Other Fossil Fuels,245.0
12/11/2015 00:45,EST,Other Renewables,316.0
12/11/2015 00:45,EST,Wind,800.0
12/11/2015 00:50,EST,Dual Fuel,1919.0
12/11/2015 00:50,EST,Hydro,2890.0
12/11/2015 00:50,EST,Natural Gas,1585.0
12/11/2015 00:50,EST,Nuclear,5410.0
12/11/2015 00:50,EST,Other Fossil Fuels,246.0
12/11/2015 00:50,EST,Other Renewables,309.0
12/11/2015 00:50,EST,Wind,818.0
12/11/2015 00:55,EST,Dual Fuel,1916.0
12/11/2015 00:55,EST,Hydro,2915.0
12/11/2015 00:55,EST,Natural Gas,1583.0
12/11/2015 00:55,EST,Nuclear,5410.0
12/11/2015 00:55,EST,Other Fossil Fuels,244.0
12/11/2015 00:55,EST,Other Renewables,308.0
12/11/2015 00:55,EST,Wind,841.0
12/11/2015 01:00,EST,Dual Fuel,1909.0
12/11/2015 01:00,EST,Hydro,2870.0
12/11/2015 01:00,EST,Natural Gas,1588.0
12/11/2015 01:00,EST,Nuclear,5410.0
12/11/2015 01:00,EST,Other Fossil Fuels,244.0
12/11/2015 01:00,EST,Other Renewables,311.0
12/11/2015 01:00,EST,Wind,857.0
12/11/2015 01:05,EST,Dual Fuel,1841.0
12/11/2015 01:05,EST,Hydro,2729.0
12/11/2015 01:05,EST,Natural Gas,1584.0
12/11/2015 01:05,EST,Nuclear,5411.0
12/11/2015 01:05,EST,Other Fossil Fuels,244.0
12/11/2015 01:05,EST,Other Renewables,311.0
12/11/2015 01:05,EST,Wind,864.0
12/11/2015 01:10,EST,Dual Fuel,1830.0
12/11/2015 01:10,EST,Hydro,2722.0
12/11/2015 01:10,EST,Natural Gas,1587.0
12/11/2015 01:10,EST,Nuclear,5412.0
12/11/2015 01:10,EST,Other Fossil Fuels,245.0
12/11/2015 01:10,EST,Other Renewables,312.0
12/11/2015 01:10,EST,Wind,874.0
12/11/2015 01:15,EST,Dual Fuel,1808.0
12/11/2015 01:15,EST,Hydro,2680.0
12/11/2015 01:15,EST,Natural Gas,1582.0
12/11/2015 01:15,EST,Nuclear,5411.0
12/11/2015 01:15,EST,Other Fossil Fuels,244.0
12/11/2015 01:15,EST,Other Renewables,311.0
12/11/2015 01:15,EST,Wind,876.0
12/11/2015 01:20,EST,Dual Fuel,1799.0
12/11/2015 01:20,EST,Hydro,2617.0
12/11/2015 01:20,EST,Natural Gas,1582.0
12/11/2015 01:20,EST,Nuclear,5410.0
12/11/2015 01:20,EST,Other Fossil Fuels,244.0
12/11/2015 01:20,EST,Other Renewables,310.0
12/11/2015 01:20,EST,Wind,883.0
12/11/2015 01:25,EST,Dual Fuel,1789.0
12/11/2015 01:25,EST,Hydro,2621.0
12/11/2015 01:25,EST,Natural Gas,1584.0
12/11/2015 01:25,EST,Nuclear,5409.0
12/11/2015 01:25,EST,Other Fossil Fuels,244.0
12/11/2015 01:25,EST,Other Renewables,311.0
12/11/2015 01:25,EST,Wind,879.0
12/11/2015 01:30,EST,Dual Fuel,1778.0
12/11/2015 01:30,EST,Hydro,2569.0
12/11/2015 01:30,EST,Natural Gas,1582.0
12/11/2015 01:30,EST,Nuclear,5410.0
12/11/2015 01:30,EST,Other Fossil Fuels,244.0
12/11/2015 01:30,EST,Other Renewables,309.0
12/11/2015 01:30,EST,Wind,876.0
12/11/2015 01:35,EST,Dual Fuel,1770.0
12/11/2015 01:35,EST,Hydro,2496.0
12/11/2015 01:35,EST,Natural Gas,1582.0
12/11/2015 01:35,EST,Nuclear,5410.0
12/11/2015 01:35,EST,Other Fossil Fuels,244.0
12/11/2015 01:35,EST,Other Renewables,308.0
12/11/2015 01:35,EST,Wind,875.0
12/11/2015 01:40,EST,Dual Fuel,1741.0
12/11/2015 01:40,EST,Hydro,2458.0
12/11/2015 01:40,EST,Natural Gas,1580.0
12/11/2015 01:40,EST,Nuclear,5410.0
12/11/2015 01:40,EST,Other Fossil Fuels,246.0
12/11/2015 01:40,EST,Other Renewables,310.0
12/11/2015 01:40,EST,Wind,877.0
12/11/2015 01:45,EST,Dual Fuel,1740.0
12/11/2015 01:45,EST,Hydro,2381.0
12/11/2015 01:45,EST,Natural Gas,1605.0
12/11/2015 01:45,EST,Nuclear,5408.0
12/11/2015 01:45,EST,Other Fossil Fuels,246.0
12/11/2015 01:45,EST,Other Renewables,313.0
12/11/2015 01:45,EST,Wind,886.0
12/11/2015 01:50,EST,Dual Fuel,1747.0
12/11/2015 01:50,EST,Hydro,2324.0
12/11/2015 01:50,EST,Natural Gas,1674.0
12/11/2015 01:50,EST,Nuclear,5409.0
12/11/2015 01:50,EST,Other Fossil Fuels,245.0
12/11/2015 01:50,EST,Other Renewables,312.0
12/11/2015 01:50,EST,Wind,911.0
12/11/2015 01:55,EST,Dual Fuel,1759.0
12/11/2015 01:55,EST,Hydro,2227.0
12/11/2015 01:55,EST,Natural Gas,1686.0
12/11/2015 01:55,EST,Nuclear,5411.0
12/11/2015 01:55,EST,Other Fossil Fuels,246.0
12/11/2015 01:55,EST,Other Renewables,316.0
12/11/2015 01:55,EST,Wind,945.0
12/11/2015 02:00,EST,Dual Fuel,1784.0
12/11/2015 02:00,EST,Hydro,2132.0
12/11/2015 02:00,EST,Natural Gas,1621.0
12/11/2015 02:00,EST,Nuclear,5410.0
12/11/2015 02:00,EST,Other Fossil Fuels,246.0
12/11/2015 02:00,EST,Other Renewables,312.0
12/11/2015 02:00,EST,Wind,964.0
12/11/2015 02:05,EST,Dual Fuel,1858.0
12/11/2015 02:05,EST,Hydro,2023.0
12/11/2015 02:05,EST,Natural Gas,1580.0
12/11/2015 02:05,EST,Nuclear,5408.0
12/11/2015 02:05,EST,Other Fossil Fuels,246.0
12/11/2015 02:05,EST,Other Renewables,311.0
12/11/2015 02:05,EST,Wind,903.0
12/11/2015 02:10,EST,Dual Fuel,1894.0
12/11/2015 02:10,EST,Hydro,1886.0
12/11/2015 02:10,EST,Natural Gas,1580.0
12/11/2015 02:10,EST,Nuclear,5409.0
12/11/2015 02:10,EST,Other Fossil Fuels,246.0
12/11/2015 02:10,EST,Other Renewables,312.0
12/11/2015 02:10,EST,Wind,963.0
12/11/2015 02:15,EST,Dual Fuel,1883.0
12/11/2015 02:15,EST,Hydro,1819.0
12/11/2015 02:15,EST,Natural Gas,1576.0
12/11/2015 02:15,EST,Nuclear,5408.0
12/11/2015 02:15,EST,Other Fossil Fuels,245.0
12/11/2015 02:15,EST,Other Renewables,313.0
12/11/2015 02:15,EST,Wind,1009.0
12/11/2015 02:20,EST,Dual Fuel,1860.0
12/11/2015 02:20,EST,Hydro,1756.0
12/11/2015 02:20,EST,Natural Gas,1580.0
12/11/2015 02:20,EST,Nuclear,5409.0
12/11/2015 02:20,EST,Other Fossil Fuels,246.0
12/11/2015 02:20,EST,Other Renewables,310.0
12/11/2015 02:20,EST,Wind,1008.0
12/11/2015 02:25,EST,Dual Fuel,1833.0
12/11/2015 02:25,EST,Hydro,1755.0
12/11/2015 02:25,EST,Natural Gas,1579.0
12/11/2015 02:25,EST,Nuclear,5405.0
12/11/2015 02:25,EST,Other Fossil Fuels,247.0
12/11/2015 02:25,EST,Other Renewables,305.0
12/11/2015 02:25,EST,Wind,998.0
12/11/2015 02:30,EST,Dual Fuel,1818.0
12/11/2015 02:30,EST,Hydro,1661.0
12/11/2015 02:30,EST,Natural Gas,1579.0
12/11/2015 02:30,EST,Nuclear,5408.0
12/11/2015 02:30,EST,Other Fossil Fuels,246.0
12/11/2015 02:30,EST,Other Renewables,305.0
12/11/2015 02:30,EST,Wind,1008.0
12/11/2015 02:35,EST,Dual Fuel,1817.0
12/11/2015 02:35,EST,Hydro,1626.0
12/11/2015 02:35,EST,Natural Gas,1579.0
12/11/2015 02:35,EST,Nuclear,5407.0
12/11/2015 02:35,EST,Other Fossil Fuels,246.0
12/11/2015 02:35,EST,Other Renewables,306.0
12/11/2015 02:35,EST,Wind,1020.0
12/11/2015 02:40,EST,Dual Fuel,1813.0
12/11/2015 02:40,EST,Hydro,1595.0
12/11/2015 02:40,EST,Natural Gas,1580.0
12/11/2015 02:40,EST,Nuclear,5408.0
12/11/2015 02:40,EST,Other Fossil Fuels,244.0
12/11/2015 02:40,EST,Other Renewables,308.0
12/11/2015 02:40,EST,Wind,1013.0
12/11/2015 02:45,EST,Dual Fuel,1809.0
12/11/2015 02:45,EST,Hydro,1591.0
12/11/2015 02:45,EST,Natural Gas,1581.0
12/11/2015 02:45,EST,Nuclear,5408.0
12/11/2015 02:45,EST,Other Fossil Fuels,244.0
12/11/2015 02:45,EST,Other Renewables,309.0
12/11/2015 02:45,EST,Wind,980.0
12/11/2015 02:50,EST,Dual Fuel,1773.0
12/11/2015 02:50,EST,Hydro,1629.0
12/11/2015 02:50,EST,Natural Gas,1579.0
12/11/2015 02:50,EST,Nuclear,5409.0
12/11/2015 02:50,EST,Other Fossil Fuels,244.0
12/11/2015 02:50,EST,Other Renewables,309.0
12/11/2015 02:50,EST,Wind,964.0
12/11/2015 02:55,EST,Dual Fuel,1744.0
12/11/2015 02:55,EST,Hydro,1718.0
12/11/2015 02:55,EST,Natural Gas,1580.0
12/11/2015 02:55,EST,Nuclear,5410.0
12/11/2015 02:55,EST,Other Fossil Fuels,245.0
12/11/2015 02:55,EST,Other Renewables,307.0
12/11/2015 02:55,EST,Wind,947.0
12/11/2015 03:00,EST,Dual Fuel,1745.0
12/11/2015 03:00,EST,Hydro,1757.0
12/11/2015 03:00,EST,Natural Gas,1580.0
12/11/2015 03:00,EST,Nuclear,5409.0
12/11/2015 03:00,EST,Other Fossil Fuels,244.0
12/11/2015 03:00,EST,Other Renewables,308.0
12/11/2015 03:00,EST,Wind,950.0
12/11/2015 03:05,EST,Dual Fuel,1724.0
12/11/2015 03:05,EST,Hydro,1874.0
12/11/2015 03:05,EST,Natural Gas,1604.0
12/11/2015 03:05,EST,Nuclear,5408.0
12/11/2015 03:05,EST,Other Fossil Fuels,244.0
12/11/2015 03:05,EST,Other Renewables,309.0
12/11/2015 03:05,EST,Wind,957.0
12/11/2015 03:10,EST,Dual Fuel,1720.0
12/11/2015 03:10,EST,Hydro,1993.0
12/11/2015 03:10,EST,Natural Gas,1619.0
12/11/2015 03:10,EST,Nuclear,5408.0
12/11/2015 03:10,EST,Other Fossil Fuels,244.0
12/11/2015 03:10,EST,Other Renewables,311.0
12/11/2015 03:10,EST,Wind,943.0
12/11/2015 03:15,EST,Dual Fuel,1723.0
12/11/2015 03:15,EST,Hydro,2112.0
12/11/2015 03:15,EST,Natural Gas,1567.0
12/11/2015 03:15,EST,Nuclear,5411.0
12/11/2015 03:15,EST,Other Fossil Fuels,243.0
12/11/2015 03:15,EST,Other Renewables,309.0
12/11/2015 03:15,EST,Wind,933.0
12/11/2015 03:20,EST,Dual Fuel,1731.0
12/11/2015 03:20,EST,Hydro,2210.0
12/11/2015 03:20,EST,Natural Gas,1515.0
12/11/2015 03:20,EST,Nuclear,5409.0
12/11/2015 03:20,EST,Other Fossil Fuels,244.0
12/11/2015 03:20,EST,Other Renewables,308.0
12/11/2015 03:20,EST,Wind,938.0
12/11/2015 03:25,EST,Dual Fuel,1741.0
12/11/2015 03:25,EST,Hydro,2139.0
12/11/2015 03:25,EST,Natural Gas,1512.0
12/11/2015 03:25,EST,Nuclear,5409.0
12/11/2015 03:25,EST,Other Fossil Fuels,245.0
12/11/2015 03:25,EST,Other Renewables,309.0
12/11/2015 03:25,EST,Wind,936.0
12/11/2015 03:30,EST,Dual Fuel,1750.0
12/11/2015 03:30,EST,Hydro,2170.0
12/11/2015 03:30,EST,Natural Gas,1510.0
12/11/2015 03:30,EST,Nuclear,5409.0
12/11/2015 03:30,EST,Other Fossil Fuels,245.0
12/11/2015 03:30,EST,Other Renewables,307.0
12/11/2015 03:30,EST,Wind,936.0
12/11/2015 03:35,EST,Dual Fuel,1758.0
12/11/2015 03:35,EST,Hydro,2171.0
12/11/2015 03:35,EST,Natural Gas,1507.0
12/11/2015 03:35,EST,Nuclear,5408.0
12/11/2015 03:35,EST,Other Fossil Fuels,245.0
12/11/2015 03:35,EST,Other Renewables,309.0
12/11/2015 03:35,EST,Wind,942.0
12/11/2015 03:40,EST,Dual Fuel,1766.0
12/11/2015 03:40,EST,Hydro,2162.0
12/11/2015 03:40,EST,Natural Gas,1507.0
12/11/2015 03:40,EST,Nuclear,5409.0
12/11/2015 03:40,EST,Other Fossil Fuels,245.0
12/11/2015 03:40,EST,Other Renewables,309.0
12/11/2015 03:40,EST,Wind,940.0
12/11/2015 03:45,EST,Dual Fuel,1780.0
12/11/2015 03:45,EST,Hydro,2156.0
12/11/2015 03:45,EST,Natural Gas,1522.0
12/11/2015 03:45,EST,Nuclear,5411.0
12/11/2015 03:45,EST,Other Fossil Fuels,245.0
12/11/2015 03:45,EST,Other Renewables,307.0
12/11/2015 03:45,EST,Wind,923.0
12/11/2015 03:50,EST,Dual Fuel,1805.0
12/11/2015 03:50,EST,Hydro,2117.0
12/11/2015 03:50,EST,Natural Gas,1567.0
12/11/2015 03:50,EST,Nuclear,5409.0
12/11/2015 03:50,EST,Other Fossil Fuels,244.0
12/11/2015 03:50,EST,Other Renewables,307.0
12/11/2015 03:50,EST,Wind,906.0
12/11/2015 03:55,EST,Dual Fuel,1814.0
12/11/2015 03:55,EST,Hydro,2018.0
12/11/2015 03:55,EST,Natural Gas,1602.0
12/11/2015 03:55,EST,Nuclear,5408.0
12/11/2015 03:55,EST,Other Fossil Fuels,245.0
12/11/2015 03:55,EST,Other Renewables,309.0
12/11/2015 03:55,EST,Wind,888.0
12/11/2015 04:00,EST,Dual Fuel,1810.0
12/11/2015 04:00,EST,Hydro,1979.0
12/11/2015 04:00,EST,Natural Gas,1555.0
12/11/2015 04:00,EST,Nuclear,5408.0
12/11/2015 04:00,EST,Other Fossil Fuels,245.0
12/11/2015 04:00,EST,Other Renewables,308.0
12/11/2015 04:00,EST,Wind,876.0
12/11/2015 04:05,EST,Dual Fuel,1827.0
12/11/2015 04:05,EST,Hydro,1902.0
12/11/2015 04:05,EST,Natural Gas,1528.0
12/11/2015 04:05,EST,Nuclear,5407.0
12/11/2015 04:05,EST,Other Fossil Fuels,245.0
12/11/2015 04:05,EST,Other Renewables,308.0
12/11/2015 04:05,EST,Wind,843.0
12/11/2015 04:10,EST,Dual Fuel,1836.0
12/11/2015 04:10,EST,Hydro,1751.0
12/11/2015 04:10,EST,Natural Gas,1543.0
12/11/2015 04:10,EST,Nuclear,5409.0
12/11/2015 04:10,EST,Other Fossil Fuels,246.0
12/11/2015 04:10,EST,Other Renewables,311.0
12/11/2015 04:10,EST,Wind,851.0
12/11/2015 04:15,EST,Dual Fuel,1837.0
12/11/2015 04:15,EST,Hydro,1611.0
12/11/2015 04:15,EST,Natural Gas,1537.0
12/11/2015 04:15,EST,Nuclear,5411.0
12/11/2015 04:15,EST,Other Fossil Fuels,246.0
12/11/2015 04:15,EST,Other Renewables,307.0
12/11/2015 04:15,EST,Wind,870.0
12/11/2015 04:20,EST,Dual Fuel,1843.0
12/11/2015 04:20,EST,Hydro,1596.0
12/11/2015 04:20,EST,Natural Gas,1537.0
12/11/2015 04:20,EST,Nuclear,5409.0
12/11/2015 04:20,EST,Other Fossil Fuels,245.0
12/11/2015 04:20,EST,Other Renewables,308.0
12/11/2015 04:20,EST,Wind,856.0
12/11/2015 04:25,EST,Dual Fuel,1846.0
12/11/2015 04:25,EST,Hydro,1589.0
12/11/2015 04:25,EST,Natural Gas,1541.0
12/11/2015 04:25,EST,Nuclear,5410.0
12/11/2015 04:25,EST,Other Fossil Fuels,245.0
12/11/2015 04:25,EST,Other Renewables,309.0
12/11/2015 04:25,EST,Wind,843.0
12/11/2015 04:30,EST,Dual Fuel,1844.0
12/11/2015 04:30,EST,Hydro,1610.0
12/11/2015 04:30,EST,Natural Gas,1539.0
12/11/2015 04:30,EST,Nuclear,5413.0
12/11/2015 04:30,EST,Other Fossil Fuels,245.0
12/11/2015 04:30,EST,Other Renewables,309.0
12/11/2015 04:30,EST,Wind,849.0
12/11/2015 04:35,EST,Dual Fuel,1851.0
12/11/2015 04:35,EST,Hydro,1667.0
12/11/2015 04:35,EST,Natural Gas,1540.0
12/11/2015 04:35,EST,Nuclear,5413.0
12/11/2015 04:35,EST,Other Fossil Fuels,245.0
12/11/2015 04:35,EST,Other Renewables,305.0
12/11/2015 04:35,EST,Wind,862.0
12/11/2015 04:40,EST,Dual Fuel,1863.0
12/11/2015 04:40,EST,Hydro,1713.0
12/11/2015 04:40,EST,Natural Gas,1542.0
12/11/2015 04:40,EST,Nuclear,5412.0
12/11/2015 04:40,EST,Other Fossil Fuels,246.0
12/11/2015 04:40,EST,Other Renewables,306.0
12/11/2015 04:40,EST,Wind,884.0
12/11/2015 04:45,EST,Dual Fuel,1865.0
12/11/2015 04:45,EST,Hydro,1684.0
12/11/2015 04:45,EST,Natural Gas,1545.0
12/11/2015 04:45,EST,Nuclear,5411.0
12/11/2015 04:45,EST,Other Fossil Fuels,245.0
12/11/2015 04:45,EST,Other Renewables,308.0
12/11/2015 04:45,EST,Wind,899.0
12/11/2015 04:50,EST,Dual Fuel,1866.0
12/11/2015 04:50,EST,Hydro,1669.0
12/11/2015 04:50,EST,Natural Gas,1546.0
12/11/2015 04:50,EST,Nuclear,5411.0
12/11/2015 04:50,EST,Other Fossil Fuels,245.0
12/11/2015 04:50,EST,Other Renewables,306.0
12/11/2015 04:50,EST,Wind,907.0
12/11/2015 04:55,EST,Dual Fuel,1903.0
12/11/2015 04:55,EST,Hydro,1726.0
12/11/2015 04:55,EST,Natural Gas,1551.0
12/11/2015 04:55,EST,Nuclear,5411.0
12/11/2015 04:55,EST,Other Fossil Fuels,245.0
12/11/2015 04:55,EST,Other Renewables,307.0
12/11/2015 04:55,EST,Wind,922.0
12/11/2015 05:00,EST,Dual Fuel,1958.0
12/11/2015 05:00,EST,Hydro,1786.0
12/11/2015 05:00,EST,Natural Gas,1556.0
12/11/2015 05:00,EST,Nuclear,5410.0
12/11/2015 05:00,EST,Other Fossil Fuels,245.0
12/11/2015 05:00,EST,Other Renewables,304.0
12/11/2015 05:00,EST,Wind,934.0
12/11/2015 05:05,EST,Dual Fuel,2078.0
12/11/2015 05:05,EST,Hydro,1926.0
12/11/2015 05:05,EST,Natural Gas,1584.0
12/11/2015 05:05,EST,Nuclear,5414.0
12/11/2015 05:05,EST,Other Fossil Fuels,245.0
12/11/2015 05:05,EST,Other Renewables,305.0
12/11/2015 05:05,EST,Wind,935.0
12/11/2015 05:10,EST,Dual Fuel,2182.0
12/11/2015 05:10,EST,Hydro,2037.0
12/11/2015 05:10,EST,Natural Gas,1625.0
12/11/2015 05:10,EST,Nuclear,5414.0
12/11/2015 05:10,EST,Other Fossil Fuels,246.0
12/11/2015 05:10,EST,Other Renewables,308.0
12/11/2015 05:10,EST,Wind,925.0
12/11/2015 05:15,EST,Dual Fuel,2165.0
12/11/2015 05:15,EST,Hydro,2090.0
12/11/2015 05:15,EST,Natural Gas,1596.0
12/11/2015 05:15,EST,Nuclear,5414.0
12/11/2015 05:15,EST,Other Fossil Fuels,246.0
12/11/2015 05:15,EST,Other Renewables,306.0
12/11/2015 05:15,EST,Wind,908.0
12/11/2015 05:20,EST,Dual Fuel,2120.0
12/11/2015 05:20,EST,Hydro,2220.0
12/11/2015 05:20,EST,Natural Gas,1555.0
12/11/2015 05:20,EST,Nuclear,5413.0
12/11/2015 05:20,EST,Other Fossil Fuels,246.0
12/11/2015 05:20,EST,Other Renewables,305.0
12/11/2015 05:20,EST,Wind,889.0
12/11/2015 05:25,EST,Dual Fuel,2118.0
12/11/2015 05:25,EST,Hydro,2361.0
12/11/2015 05:25,EST,Natural Gas,1577.0
12/11/2015 05:25,EST,Nuclear,5409.0
12/11/2015 05:25,EST,Other Fossil Fuels,246.0
12/11/2015 05:25,EST,Other Renewables,306.0
12/11/2015 05:25,EST,Wind,848.0
12/11/2015 05:30,EST,Dual Fuel,2137.0
12/11/2015 05:30,EST,Hydro,2426.0
12/11/2015 05:30,EST,Natural Gas,1612.0
12/11/2015 05:30,EST,Nuclear,5410.0
12/11/2015 05:30,EST,Other Fossil Fuels,246.0
12/11/2015 05:30,EST,Other Renewables,307.0
12/11/2015 05:30,EST,Wind,828.0
12/11/2015 05:35,EST,Dual Fuel,2155.0
12/11/2015 05:35,EST,Hydro,2536.0
12/11/2015 05:35,EST,Natural Gas,1600.0
12/11/2015 05:35,EST,Nuclear,5409.0
12/11/2015 05:35,EST,Other Fossil Fuels,246.0
12/11/2015 05:35,EST,Other Renewables,305.0
12/11/2015 05:35,EST,Wind,821.0
12/11/2015 05:40,EST,Dual Fuel,2178.0
12/11/2015 05:40,EST,Hydro,2637.0
12/11/2015 05:40,EST,Natural Gas,1591.0
12/11/2015 05:40,EST,Nuclear,5411.0
12/11/2015 05:40,EST,Other Fossil Fuels,245.0
12/11/2015 05:40,EST,Other Renewables,304.0
12/11/2015 05:40,EST,Wind,814.0
12/11/2015 05:45,EST,Dual Fuel,2229.0
12/11/2015 05:45,EST,Hydro,2779.0
12/11/2015 05:45,EST,Natural Gas,1591.0
12/11/2015 05:45,EST,Nuclear,5407.0
12/11/2015 05:45,EST,Other Fossil Fuels,246.0
12/11/2015 05:45,EST,Other Renewables,305.0
12/11/2015 05:45,EST,Wind,808.0
12/11/2015 05:50,EST,Dual Fuel,2343.0
12/11/2015 05:50,EST,Hydro,2794.0
12/11/2015 05:50,EST,Natural Gas,1600.0
12/11/2015 05:50,EST,Nuclear,5411.0
12/11/2015 05:50,EST,Other Fossil Fuels,247.0
12/11/2015 05:50,EST,Other Renewables,309.0
12/11/2015 05:50,EST,Wind,772.0
12/11/2015 05:55,EST,Dual Fuel,2347.0
12/11/2015 05:55,EST,Hydro,2829.0
12/11/2015 05:55,EST,Natural Gas,1676.0
12/11/2015 05:55,EST,Nuclear,5410.0
12/11/2015 05:55,EST,Other Fossil Fuels,245.0
12/11/2015 05:55,EST,Other Renewables,306.0
12/11/2015 05:55,EST,Wind,755.0
12/11/2015 06:00,EST,Dual Fuel,2361.0
12/11/2015 06:00,EST,Hydro,2867.0
12/11/2015 06:00,EST,Natural Gas,1708.0
12/11/2015 06:00,EST,Nuclear,5409.0
12/11/2015 06:00,EST,Other Fossil Fuels,250.0
12/11/2015 06:00,EST,Other Renewables,306.0
12/11/2015 06:00,EST,Wind,743.0
12/11/2015 06:05,EST,Dual Fuel,2359.0
12/11/2015 06:05,EST,Hydro,2899.0
12/11/2015 06:05,EST,Natural Gas,1680.0
12/11/2015 06:05,EST,Nuclear,5411.0
12/11/2015 06:05,EST,Other Fossil Fuels,266.0
12/11/2015 06:05,EST,Other Renewables,308.0
12/11/2015 06:05,EST,Wind,747.0
12/11/2015 06:10,EST,Dual Fuel,2378.0
12/11/2015 06:10,EST,Hydro,2906.0
12/11/2015 06:10,EST,Natural Gas,1673.0
12/11/2015 06:10,EST,Nuclear,5409.0
12/11/2015 06:10,EST,Other Fossil Fuels,275.0
12/11/2015 06:10,EST,Other Renewables,308.0
12/11/2015 06:10,EST,Wind,750.0
12/11/2015 06:15,EST,Dual Fuel,2374.0
12/11/2015 06:15,EST,Hydro,2991.0
12/11/2015 06:15,EST,Natural Gas,1678.0
12/11/2015 06:15,EST,Nuclear,5409.0
12/11/2015 06:15,EST,Other Fossil Fuels,279.0
12/11/2015 06:15,EST,Other Renewables,308.0
12/11/2015 06:15,EST,Wind,755.0
12/11/2015 06:20,EST,Dual Fuel,2429.0
12/11/2015 06:20,EST,Hydro,3114.0
12/11/2015 06:20,EST,Natural Gas,1676.0
12/11/2015 06:20,EST,Nuclear,5409.0
12/11/2015 06:20,EST,Other Fossil Fuels,282.0
12/11/2015 06:20,EST,Other Renewables,309.0
12/11/2015 06:20,EST,Wind,751.0
12/11/2015 06:25,EST,Dual Fuel,2496.0
12/11/2015 06:25,EST,Hydro,3115.0
12/11/2015 06:25,EST,Natural Gas,1666.0
12/11/2015 06:25,EST,Nuclear,5410.0
12/11/2015 06:25,EST,Other Fossil Fuels,312.0
12/11/2015 06:25,EST,Other Renewables,307.0
12/11/2015 06:25,EST,Wind,762.0
12/11/2015 06:30,EST,Dual Fuel,2624.0
12/11/2015 06:30,EST,Hydro,3116.0
12/11/2015 06:30,EST,Natural Gas,1671.0
12/11/2015 06:30,EST,Nuclear,5410.0
12/11/2015 06:30,EST,Other Fossil Fuels,321.0
12/11/2015 06:30,EST,Other Renewables,305.0
12/11/2015 06:30,EST,Wind,771.0
12/11/2015 06:35,EST,Dual Fuel,2710.0
12/11/2015 06:35,EST,Hydro,3124.0
12/11/2015 06:35,EST,Natural Gas,1669.0
12/11/2015 06:35,EST,Nuclear,5408.0
12/11/2015 06:35,EST,Other Fossil Fuels,329.0
12/11/2015 06:35,EST,Other Renewables,305.0
12/11/2015 06:35,EST,Wind,783.0
12/11/2015 06:40,EST,Dual Fuel,2800.0
12/11/2015 06:40,EST,Hydro,3110.0
12/11/2015 06:40,EST,Natural Gas,1698.0
12/11/2015 06:40,EST,Nuclear,5409.0
12/11/2015 06:40,EST,Other Fossil Fuels,335.0
12/11/2015 06:40,EST,Other Renewables,305.0
12/11/2015 06:40,EST,Wind,792.0
12/11/2015 06:45,EST,Dual Fuel,2909.0
12/11/2015 06:45,EST,Hydro,3166.0
12/11/2015 06:45,EST,Natural Gas,1714.0
12/11/2015 06:45,EST,Nuclear,5408.0
12/11/2015 06:45,EST,Other Fossil Fuels,344.0
12/11/2015 06:45,EST,Other Renewables,303.0
12/11/2015 06:45,EST,Wind,804.0
12/11/2015 06:50,EST,Dual Fuel,3039.0
12/11/2015 06:50,EST,Hydro,3142.0
12/11/2015 06:50,EST,Natural Gas,1751.0
12/11/2015 06:50,EST,Nuclear,5407.0
12/11/2015 06:50,EST,Other Fossil Fuels,358.0
12/11/2015 06:50,EST,Other Renewables,305.0
12/11/2015 06:50,EST,Wind,809.0
12/11/2015 06:55,EST,Dual Fuel,3108.0
12/11/2015 06:55,EST,Hydro,3079.0
12/11/2015 06:55,EST,Natural Gas,1801.0
12/11/2015 06:55,EST,Nuclear,5408.0
12/11/2015 06:55,EST,Other Fossil Fuels,370.0
12/11/2015 06:55,EST,Other Renewables,303.0
12/11/2015 06:55,EST,Wind,819.0
12/11/2015 07:00,EST,Dual Fuel,3068.0
12/11/2015 07:00,EST,Hydro,3079.0
12/11/2015 07:00,EST,Natural Gas,1806.0
12/11/2015 07:00,EST,Nuclear,5409.0
12/11/2015 07:00,EST,Other Fossil Fuels,384.0
12/11/2015 07:00,EST,Other Renewables,299.0
12/11/2015 07:00,EST,Wind,809.0
12/11/2015 07:05,EST,Dual Fuel,2926.0
12/11/2015 07:05,EST,Hydro,3193.0
12/11/2015 07:05,EST,Natural Gas,1786.0
12/11/2015 07:05,EST,Nuclear,5408.0
12/11/2015 07:05,EST,Other Fossil Fuels,403.0
12/11/2015 07:05,EST,Other Renewables,300.0
12/11/2015 07:05,EST,Wind,794.0
12/11/2015 07:10,EST,Dual Fuel,2874.0
12/11/2015 07:10,EST,Hydro,3217.0
12/11/2015 07:10,EST,Natural Gas,1770.0
12/11/2015 07:10,EST,Nuclear,5408.0
12/11/2015 07:10,EST,Other Fossil Fuels,425.0
12/11/2015 07:10,EST,Other Renewables,295.0
12/11/2015 07:10,EST,Wind,778.0
12/11/2015 07:15,EST,Dual Fuel,2918.0
12/11/2015 07:15,EST,Hydro,3278.0
12/11/2015 07:15,EST,Natural Gas,1779.0
12/11/2015 07:15,EST,Nuclear,5410.0
12/11/2015 07:15,EST,Other Fossil Fuels,434.0
12/11/2015 07:15,EST,Other Renewables,299.0
12/11/2015 07:15,EST,Wind,759.0
12/11/2015 07:20,EST,Dual Fuel,2975.0
12/11/2015 07:20,EST,Hydro,3266.0
12/11/2015 07:20,EST,Natural Gas,1794.0
12/11/2015 07:20,EST,Nuclear,5409.0
12/11/2015 07:20,EST,Other Fossil Fuels,439.0
12/11/2015 07:20,EST,Other Renewables,298.0
12/11/2015 07:20,EST,Wind,748.0
12/11/2015 07:25,EST,Dual Fuel,3036.0
12/11/2015 07:25,EST,Hydro,3205.0
12/11/2015 07:25,EST,Natural Gas,1837.0
12/11/2015 07:25,EST,Nuclear,5408.0
12/11/2015 07:25,EST,Other Fossil Fuels,441.0
12/11/2015 07:25,EST,Other Renewables,295.0
12/11/2015 07:25,EST,Wind,723.0
12/11/2015 07:30,EST,Dual Fuel,3101.0
12/11/2015 07:30,EST,Hydro,3141.0
12/11/2015 07:30,EST,Natural Gas,1893.0
12/11/2015 07:30,EST,Nuclear,5408.0
12/11/2015 07:30,EST,Other Fossil Fuels,443.0
12/11/2015 07:30,EST,Other Renewables,294.0
12/11/2015 07:30,EST,Wind,730.0
12/11/2015 07:35,EST,Dual Fuel,3189.0
12/11/2015 07:35,EST,Hydro,3102.0
12/11/2015 07:35,EST,Natural Gas,1917.0
12/11/2015 07:35,EST,Nuclear,5409.0
12/11/2015 07:35,EST,Other Fossil Fuels,442.0
12/11/2015 07:35,EST,Other Renewables,289.0
12/11/2015 07:35,EST,Wind,738.0
12/11/2015 07:40,EST,Dual Fuel,3158.0
12/11/2015 07:40,EST,Hydro,3096.0
12/11/2015 07:40,EST,Natural Gas,1944.0
12/11/2015 07:40,EST,Nuclear,5408.0
12/11/2015 07:40,EST,Other Fossil Fuels,441.0
12/11/2015 07:40,EST,Other Renewables,292.0
12/11/2015 07:40,EST,Wind,755.0
12/11/2015 07:45,EST,Dual Fuel,3106.0
12/11/2015 07:45,EST,Hydro,3180.0
12/11/2015 07:45,EST,Natural Gas,1974.0
12/11/2015 07:45,EST,Nuclear,5406.0
12/11/2015 07:45,EST,Other Fossil Fuels,442.0
12/11/2015 07:45,EST,Other Renewables,299.0
12/11/2015 07:45,EST,Wind,767.0
12/11/2015 07:50,EST,Dual Fuel,3173.0
12/11/2015 07:50,EST,Hydro,3092.0
12/11/2015 07:50,EST,Natural Gas,1999.0
12/11/2015 07:50,EST,Nuclear,5404.0
12/11/2015 07:50,EST,Other Fossil Fuels,444.0
12/11/2015 07:50,EST,Other Renewables,302.0
12/11/2015 07:50,EST,Wind,784.0
12/11/2015 07:55,EST,Dual Fuel,3256.0
12/11/2015 07:55,EST,Hydro,2969.0
12/11/2015 07:55,EST,Natural Gas,2020.0
12/11/2015 07:55,EST,Nuclear,5405.0
12/11/2015 07:55,EST,Other Fossil Fuels,442.0
12/11/2015 07:55,EST,Other Renewables,303.0
12/11/2015 07:55,EST,Wind,800.0
12/11/2015 08:00,EST,Dual Fuel,3306.0
12/11/2015 08:00,EST,Hydro,2931.0
12/11/2015 08:00,EST,Natural Gas,2006.0
12/11/2015 08:00,EST,Nuclear,5402.0
12/11/2015 08:00,EST,Other Fossil Fuels,442.0
12/11/2015 08:00,EST,Other Renewables,298.0
12/11/2015 08:00,EST,Wind,826.0
12/11/2015 08:05,EST,Dual Fuel,3369.0
12/11/2015 08:05,EST,Hydro,3021.0
12/11/2015 08:05,EST,Natural Gas,1959.0
12/11/2015 08:05,EST,Nuclear,5402.0
12/11/2015 08:05,EST,Other Fossil Fuels,444.0
12/11/2015 08:05,EST,Other Renewables,302.0
12/11/2015 08:05,EST,Wind,824.0
12/11/2015 08:10,EST,Dual Fuel,3433.0
12/11/2015 08:10,EST,Hydro,3050.0
12/11/2015 08:10,EST,Natural Gas,1882.0
12/11/2015 08:10,EST,Nuclear,5405.0
12/11/2015 08:10,EST,Other Fossil Fuels,445.0
12/11/2015 08:10,EST,Other Renewables,300.0
12/11/2015 08:10,EST,Wind,801.0
12/11/2015 08:15,EST,Dual Fuel,3467.0
12/11/2015 08:15,EST,Hydro,3058.0
12/11/2015 08:15,EST,Natural Gas,1838.0
12/11/2015 08:15,EST,Nuclear,5405.0
12/11/2015 08:15,EST,Other Fossil Fuels,443.0
12/11/2015 08:15,EST,Other Renewables,304.0
12/11/2015 08:15,EST,Wind,778.0
12/11/2015 08:20,EST,Dual Fuel,3519.0
12/11/2015 08:20,EST,Hydro,3123.0
12/11/2015 08:20,EST,Natural Gas,1819.0
12/11/2015 08:20,EST,Nuclear,5406.0
12/11/2015 08:20,EST,Other Fossil Fuels,444.0
12/11/2015 08:20,EST,Other Renewables,297.0
12/11/2015 08:20,EST,Wind,769.0
12/11/2015 08:25,EST,Dual Fuel,3545.0
12/11/2015 08:25,EST,Hydro,3120.0
12/11/2015 08:25,EST,Natural Gas,1830.0
12/11/2015 08:25,EST,Nuclear,5403.0
12/11/2015 08:25,EST,Other Fossil Fuels,445.0
12/11/2015 08:25,EST,Other Renewables,294.0
12/11/2015 08:25,EST,Wind,769.0
12/11/2015 08:30,EST,Dual Fuel,3592.0
12/11/2015 08:30,EST,Hydro,3092.0
12/11/2015 08:30,EST,Natural Gas,1851.0
12/11/2015 08:30,EST,Nuclear,5407.0
12/11/2015 08:30,EST,Other Fossil Fuels,443.0
12/11/2015 08:30,EST,Other Renewables,303.0
12/11/2015 08:30,EST,Wind,769.0
12/11/2015 08:35,EST,Dual Fuel,3605.0
12/11/2015 08:35,EST,Hydro,3041.0
12/11/2015 08:35,EST,Natural Gas,1881.0
12/11/2015 08:35,EST,Nuclear,5405.0
12/11/2015 08:35,EST,Other Fossil Fuels,443.0
12/11/2015 08:35,EST,Other Renewables,300.0
12/11/2015 08:35,EST,Wind,759.0
12/11/2015 08:40,EST,Dual Fuel,3632.0
12/11/2015 08:40,EST,Hydro,2992.0
12/11/2015 08:40,EST,Natural Gas,1924.0
12/11/2015 08:40,EST,Nuclear,5406.0
12/11/2015 08:40,EST,Other Fossil Fuels,442.0
12/11/2015 08:40,EST,Other Renewables,298.0
12/11/2015 08:40,EST,Wind,764.0
12/11/2015 08:45,EST,Dual Fuel,3644.0
12/11/2015 08:45,EST,Hydro,2967.0
12/11/2015 08:45,EST,Natural Gas,1889.0
12/11/2015 08:45,EST,Nuclear,5410.0
12/11/2015 08:45,EST,Other Fossil Fuels,443.0
12/11/2015 08:45,EST,Other Renewables,302.0
12/11/2015 08:45,EST,Wind,772.0
12/11/2015 08:50,EST,Dual Fuel,3667.0
12/11/2015 08:50,EST,Hydro,3009.0
12/11/2015 08:50,EST,Natural Gas,1858.0
12/11/2015 08:50,EST,Nuclear,5410.0
12/11/2015 08:50,EST,Other Fossil Fuels,444.0
12/11/2015 08:50,EST,Other Renewables,303.0
12/11/2015 08:50,EST,Wind,743.0
12/11/2015 08:55,EST,Dual Fuel,3704.0
12/11/2015 08:55,EST,Hydro,3008.0
12/11/2015 08:55,EST,Natural Gas,1859.0
12/11/2015 08:55,EST,Nuclear,5409.0
12/11/2015 08:55,EST,Other Fossil Fuels,442.0
12/11/2015 08:55,EST,Other Renewables,303.0
12/11/2015 08:55,EST,Wind,749.0
12/11/2015 09:00,EST,Dual Fuel,3760.0
12/11/2015 09:00,EST,Hydro,2960.0
12/11/2015 09:00,EST,Natural Gas,1895.0
12/11/2015 09:00,EST,Nuclear,5407.0
12/11/2015 09:00,EST,Other Fossil Fuels,442.0
12/11/2015 09:00,EST,Other Renewables,305.0
12/11/2015 09:00,EST,Wind,758.0
12/11/2015 09:05,EST,Dual Fuel,3684.0
12/11/2015 09:05,EST,Hydro,2923.0
12/11/2015 09:05,EST,Natural Gas,1926.0
12/11/2015 09:05,EST,Nuclear,5408.0
12/11/2015 09:05,EST,Other Fossil Fuels,443.0
12/11/2015 09:05,EST,Other Renewables,304.0
12/11/2015 09:05,EST,Wind,762.0
12/11/2015 09:10,EST,Dual Fuel,3540.0
12/11/2015 09:10,EST,Hydro,2925.0
12/11/2015 09:10,EST,Natural Gas,1853.0
12/11/2015 09:10,EST,Nuclear,5407.0
12/11/2015 09:10,EST,Other Fossil Fuels,443.0
12/11/2015 09:10,EST,Other Renewables,299.0
12/11/2015 09:10,EST,Wind,771.0
12/11/2015 09:15,EST,Dual Fuel,3512.0
12/11/2015 09:15,EST,Hydro,2949.0
12/11/2015 09:15,EST,Natural Gas,1817.0
12/11/2015 09:15,EST,Nuclear,5408.0
12/11/2015 09:15,EST,Other Fossil Fuels,444.0
12/11/2015 09:15,EST,Other Renewables,296.0
12/11/2015 09:15,EST,Wind,773.0
12/11/2015 09:20,EST,Dual Fuel,3472.0
12/11/2015 09:20,EST,Hydro,2984.0
12/11/2015 09:20,EST,Natural Gas,1805.0
12/11/2015 09:20,EST,Nuclear,5407.0
12/11/2015 09:20,EST,Other Fossil Fuels,442.0
12/11/2015 09:20,EST,Other Renewables,292.0
12/11/2015 09:20,EST,Wind,768.0
12/11/2015 09:25,EST,Dual Fuel,3475.0
12/11/2015 09:25,EST,Hydro,3035.0
12/11/2015 09:25,EST,Natural Gas,1793.0
12/11/2015 09:25,EST,Nuclear,5406.0
12/11/2015 09:25,EST,Other Fossil Fuels,442.0
12/11/2015 09:25,EST,Other Renewables,290.0
12/11/2015 09:25,EST,Wind,777.0
12/11/2015 09:30,EST,Dual Fuel,3507.0
12/11/2015 09:30,EST,Hydro,2982.0
12/11/2015 09:30,EST,Natural Gas,1806.0
12/11/2015 09:30,EST,Nuclear,5409.0
12/11/2015 09:30,EST,Other Fossil Fuels,442.0
12/11/2015 09:30,EST,Other Renewables,303.0
12/11/2015 09:30,EST,Wind,770.0
12/11/2015 09:35,EST,Dual Fuel,3493.0
12/11/2015 09:35,EST,Hydro,2957.0
12/11/2015 09:35,EST,Natural Gas,1811.0
12/11/2015 09:35,EST,Nuclear,5409.0
12/11/2015 09:35,EST,Other Fossil Fuels,442.0
12/11/2015 09:35,EST,Other Renewables,314.0
12/11/2015 09:35,EST,Wind,767.0
12/11/2015 09:40,EST,Dual Fuel,3513.0
12/11/2015 09:40,EST,Hydro,2990.0
12/11/2015 09:40,EST,Natural Gas,1809.0
12/11/2015 09:40,EST,Nuclear,5408.0
12/11/2015 09:40,EST,Other Fossil Fuels,443.0
12/11/2015 09:40,EST,Other Renewables,317.0
12/11/2015 09:40,EST,Wind,752.0
12/11/2015 09:45,EST,Dual Fuel,3457.0
12/11/2015 09:45,EST,Hydro,3042.0
12/11/2015 09:45,EST,Natural Gas,1807.0
12/11/2015 09:45,EST,Nuclear,5408.0
12/11/2015 09:45,EST,Other Fossil Fuels,442.0
12/11/2015 09:45,EST,Other Renewables,314.0
12/11/2015 09:45,EST,Wind,745.0
12/11/2015 09:50,EST,Dual Fuel,3437.0
12/11/2015 09:50,EST,Hydro,3044.0
12/11/2015 09:50,EST,Natural Gas,1805.0
12/11/2015 09:50,EST,Nuclear,5412.0
12/11/2015 09:50,EST,Other Fossil Fuels,443.0
12/11/2015 09:50,EST,Other Renewables,314.0
12/11/2015 09:50,EST,Wind,761.0
12/11/2015 09:55,EST,Dual Fuel,3445.0
12/11/2015 09:55,EST,Hydro,3075.0
12/11/2015 09:55,EST,Natural Gas,1823.0
12/11/2015 09:55,EST,Nuclear,5412.0
12/11/2015 09:55,EST,Other Fossil Fuels,442.0
12/11/2015 09:55,EST,Other Renewables,316.0
12/11/2015 09:55,EST,Wind,763.0
12/11/2015 10:00,EST,Dual Fuel,3403.0
12/11/2015 10:00,EST,Hydro,3075.0
12/11/2015 10:00,EST,Natural Gas,1876.0
12/11/2015 10:00,EST,Nuclear,5412.0
12/11/2015 10:00,EST,Other Fossil Fuels,442.0
12/11/2015 10:00,EST,Other Renewables,317.0
12/11/2015 10:00,EST,Wind,765.0
12/11/2015 10:05,EST,Dual Fuel,3273.0
12/11/2015 10:05,EST,Hydro,3149.0
12/11/2015 10:05,EST,Natural Gas,1896.0
12/11/2015 10:05,EST,Nuclear,5414.0
12/11/2015 10:05,EST,Other Fossil Fuels,442.0
12/11/2015 10:05,EST,Other Renewables,317.0
12/11/2015 10:05,EST,Wind,764.0
12/11/2015 10:10,EST,Dual Fuel,3264.0
12/11/2015 10:10,EST,Hydro,3180.0
12/11/2015 10:10,EST,Natural Gas,1936.0
12/11/2015 10:10,EST,Nuclear,5413.0
12/11/2015 10:10,EST,Other Fossil Fuels,442.0
12/11/2015 10:10,EST,Other Renewables,317.0
12/11/2015 10:10,EST,Wind,769.0
12/11/2015 10:15,EST,Dual Fuel,3273.0
12/11/2015 10:15,EST,Hydro,3099.0
12/11/2015 10:15,EST,Natural Gas,1977.0
12/11/2015 10:15,EST,Nuclear,5413.0
12/11/2015 10:15,EST,Other Fossil Fuels,444.0
12/11/2015 10:15,EST,Other Renewables,322.0
12/11/2015 10:15,EST,Wind,772.0
12/11/2015 10:20,EST,Dual Fuel,3171.0
12/11/2015 10:20,EST,Hydro,3115.0
12/11/2015 10:20,EST,Natural Gas,2008.0
12/11/2015 10:20,EST,Nuclear,5414.0
12/11/2015 10:20,EST,Other Fossil Fuels,444.0
12/11/2015 10:20,EST,Other Renewables,325.0
12/11/2015 10:20,EST,Wind,784.0
12/11/2015 10:25,EST,Dual Fuel,3109.0
12/11/2015 10:25,EST,Hydro,3138.0
12/11/2015 10:25,EST,Natural Gas,2036.0
12/11/2015 10:25,EST,Nuclear,5414.0
12/11/2015 10:25,EST,Other Fossil Fuels,443.0
12/11/2015 10:25,EST,Other Renewables,325.0
12/11/2015 10:25,EST,Wind,780.0
12/11/2015 10:30,EST,Dual Fuel,3071.0
12/11/2015 10:30,EST,Hydro,3266.0
12/11/2015 10:30,EST,Natural Gas,2024.0
12/11/2015 10:30,EST,Nuclear,5415.0
12/11/2015 10:30,EST,Other Fossil Fuels,444.0
12/11/2015 10:30,EST,Other Renewables,322.0
12/11/2015 10:30,EST,Wind,792.0
12/11/2015 10:35,EST,Dual Fuel,3131.0
12/11/2015 10:35,EST,Hydro,3191.0
12/11/2015 10:35,EST,Natural Gas,2001.0
12/11/2015 10:35,EST,Nuclear,5414.0
12/11/2015 10:35,EST,Other Fossil Fuels,443.0
12/11/2015 10:35,EST,Other Renewables,319.0
12/11/2015 10:35,EST,Wind,808.0
12/11/2015 10:40,EST,Dual Fuel,3098.0
12/11/2015 10:40,EST,Hydro,3219.0
12/11/2015 10:40,EST,Natural Gas,1954.0
12/11/2015 10:40,EST,Nuclear,5412.0
12/11/2015 10:40,EST,Other Fossil Fuels,443.0
12/11/2015 10:40,EST,Other Renewables,311.0
12/11/2015 10:40,EST,Wind,821.0
12/11/2015 10:45,EST,Dual Fuel,3053.0
12/11/2015 10:45,EST,Hydro,3302.0
12/11/2015 10:45,EST,Natural Gas,1915.0
12/11/2015 10:45,EST,Nuclear,5412.0
12/11/2015 10:45,EST,Other Fossil Fuels,444.0
12/11/2015 10:45,EST,Other Renewables,316.0
12/11/2015 10:45,EST,Wind,824.0
12/11/2015 10:50,EST,Dual Fuel,3064.0
12/11/2015 10:50,EST,Hydro,3276.0
12/11/2015 10:50,EST,Natural Gas,1938.0
12/11/2015 10:50,EST,Nuclear,5411.0
12/11/2015 10:50,EST,Other Fossil Fuels,444.0
12/11/2015 10:50,EST,Other Renewables,323.0
12/11/2015 10:50,EST,Wind,835.0
12/11/2015 10:55,EST,Dual Fuel,3088.0
12/11/2015 10:55,EST,Hydro,3303.0
12/11/2015 10:55,EST,Natural Gas,1888.0
12/11/2015 10:55,EST,Nuclear,5409.0
12/11/2015 10:55,EST,Other Fossil Fuels,443.0
12/11/2015 10:55,EST,Other Renewables,313.0
12/11/2015 10:55,EST,Wind,852.0
12/11/2015 11:00,EST,Dual Fuel,3051.0
12/11/2015 11:00,EST,Hydro,3273.0
12/11/2015 11:00,EST,Natural Gas,1819.0
12/11/2015 11:00,EST,Nuclear,5410.0
12/11/2015 11:00,EST,Other Fossil Fuels,443.0
12/11/2015 11:00,EST,Other Renewables,317.0
12/11/2015 11:00,EST,Wind,858.0
12/11/2015 11:05,EST,Dual Fuel,3118.0
12/11/2015 11:05,EST,Hydro,3162.0
12/11/2015 11:05,EST,Natural Gas,1788.0
12/11/2015 11:05,EST,Nuclear,5409.0
12/11/2015 11:05,EST,Other Fossil Fuels,443.0
12/11/2015 11:05,EST,Other Renewables,313.0
12/11/2015 11:05,EST,Wind,820.0
12/11/2015 11:10,EST,Dual Fuel,3157.0
12/11/2015 11:10,EST,Hydro,3012.0
12/11/2015 11:10,EST,Natural Gas,1807.0
12/11/2015 11:10,EST,Nuclear,5405.0
12/11/2015 11:10,EST,Other Fossil Fuels,443.0
12/11/2015 11:10,EST,Other Renewables,314.0
12/11/2015 11:10,EST,Wind,838.0
12/11/2015 11:15,EST,Dual Fuel,3064.0
12/11/2015 11:15,EST,Hydro,2946.0
12/11/2015 11:15,EST,Natural Gas,1812.0
12/11/2015 11:15,EST,Nuclear,5406.0
12/11/2015 11:15,EST,Other Fossil Fuels,443.0
12/11/2015 11:15,EST,Other Renewables,314.0
12/11/2015 11:15,EST,Wind,893.0
12/11/2015 11:20,EST,Dual Fuel,3145.0
12/11/2015 11:20,EST,Hydro,2861.0
12/11/2015 11:20,EST,Natural Gas,1821.0
12/11/2015 11:20,EST,Nuclear,5407.0
12/11/2015 11:20,EST,Other Fossil Fuels,444.0
12/11/2015 11:20,EST,Other Renewables,308.0
12/11/2015 11:20,EST,Wind,897.0
12/11/2015 11:25,EST,Dual Fuel,3074.0
12/11/2015 11:25,EST,Hydro,2884.0
12/11/2015 11:25,EST,Natural Gas,1820.0
12/11/2015 11:25,EST,Nuclear,5409.0
12/11/2015 11:25,EST,Other Fossil Fuels,444.0
12/11/2015 11:25,EST,Other Renewables,312.0
12/11/2015 11:25,EST,Wind,897.0
12/11/2015 11:30,EST,Dual Fuel,3054.0
12/11/2015 11:30,EST,Hydro,2863.0
12/11/2015 11:30,EST,Natural Gas,1809.0
12/11/2015 11:30,EST,Nuclear,5408.0
12/11/2015 11:30,EST,Other Fossil Fuels,441.0
12/11/2015 11:30,EST,Other Renewables,315.0
12/11/2015 11:30,EST,Wind,932.0
12/11/2015 11:35,EST,Dual Fuel,2987.0
12/11/2015 11:35,EST,Hydro,2957.0
12/11/2015 11:35,EST,Natural Gas,1779.0
12/11/2015 11:35,EST,Nuclear,5409.0
12/11/2015 11:35,EST,Other Fossil Fuels,442.0
12/11/2015 11:35,EST,Other Renewables,323.0
12/11/2015 11:35,EST,Wind,973.0
12/11/2015 11:40,EST,Dual Fuel,3018.0
12/11/2015 11:40,EST,Hydro,2963.0
12/11/2015 11:40,EST,Natural Gas,1762.0
12/11/2015 11:40,EST,Nuclear,5407.0
12/11/2015 11:40,EST,Other Fossil Fuels,444.0
12/11/2015 11:40,EST,Other Renewables,318.0
12/11/2015 11:40,EST,Wind,994.0
12/11/2015 11:45,EST,Dual Fuel,3017.0
12/11/2015 11:45,EST,Hydro,2912.0
12/11/2015 11:45,EST,Natural Gas,1768.0
12/11/2015 11:45,EST,Nuclear,5405.0
12/11/2015 11:45,EST,Other Fossil Fuels,444.0
12/11/2015 11:45,EST,Other Renewables,313.0
12/11/2015 11:45,EST,Wind,999.0
12/11/2015 11:50,EST,Dual Fuel,3060.0
12/11/2015 11:50,EST,Hydro,2822.0
12/11/2015 11:50,EST,Natural Gas,1792.0
12/11/2015 11:50,EST,Nuclear,5405.0
12/11/2015 11:50,EST,Other Fossil Fuels,444.0
12/11/2015 11:50,EST,Other Renewables,314.0
12/11/2015 11:50,EST,Wind,1005.0
12/11/2015 11:55,EST,Dual Fuel,3093.0
12/11/2015 11:55,EST,Hydro,2816.0
12/11/2015 11:55,EST,Natural Gas,1800.0
12/11/2015 11:55,EST,Nuclear,5406.0
12/11/2015 11:55,EST,Other Fossil Fuels,444.0
12/11/2015 11:55,EST,Other Renewables,315.0
12/11/2015 11:55,EST,Wind,1006.0
12/11/2015 12:00,EST,Dual Fuel,3042.0
12/11/2015 12:00,EST,Hydro,2918.0
12/11/2015 12:00,EST,Natural Gas,1791.0
12/11/2015 12:00,EST,Nuclear,5405.0
12/11/2015 12:00,EST,Other Fossil Fuels,443.0
12/11/2015 12:00,EST,Other Renewables,312.0
12/11/2015 12:00,EST,Wind,1009.0
12/11/2015 12:05,EST,Dual Fuel,3185.0
12/11/2015 12:05,EST,Hydro,3057.0
12/11/2015 12:05,EST,Natural Gas,1823.0
12/11/2015 12:05,EST,Nuclear,5407.0
12/11/2015 12:05,EST,Other Fossil Fuels,443.0
12/11/2015 12:05,EST,Other Renewables,313.0
12/11/2015 12:05,EST,Wind,1000.0
12/11/2015 12:10,EST,Dual Fuel,3282.0
12/11/2015 12:10,EST,Hydro,3192.0
12/11/2015 12:10,EST,Natural Gas,1830.0
12/11/2015 12:10,EST,Nuclear,5406.0
12/11/2015 12:10,EST,Other Fossil Fuels,442.0
12/11/2015 12:10,EST,Other Renewables,313.0
12/11/2015 12:10,EST,Wind,1000.0
12/11/2015 12:15,EST,Dual Fuel,3325.0
12/11/2015 12:15,EST,Hydro,3214.0
12/11/2015 12:15,EST,Natural Gas,1806.0
12/11/2015 12:15,EST,Nuclear,5403.0
12/11/2015 12:15,EST,Other Fossil Fuels,442.0
12/11/2015 12:15,EST,Other Renewables,312.0
12/11/2015 12:15,EST,Wind,994.0
12/11/2015 12:20,EST,Dual Fuel,3366.0
12/11/2015 12:20,EST,Hydro,3216.0
12/11/2015 12:20,EST,Natural Gas,1807.0
12/11/2015 12:20,EST,Nuclear,5407.0
12/11/2015 12:20,EST,Other Fossil Fuels,442.0
12/11/2015 12:20,EST,Other Renewables,314.0
12/11/2015 12:20,EST,Wind,1019.0
12/11/2015 12:25,EST,Dual Fuel,3314.0
12/11/2015 12:25,EST,Hydro,3238.0
12/11/2015 12:25,EST,Natural Gas,1806.0
12/11/2015 12:25,EST,Nuclear,5406.0
12/11/2015 12:25,EST,Other Fossil Fuels,443.0
12/11/2015 12:25,EST,Other Renewables,313.0
12/11/2015 12:25,EST,Wind,1047.0
12/11/2015 12:30,EST,Dual Fuel,3287.0
12/11/2015 12:30,EST,Hydro,3141.0
12/11/2015 12:30,EST,Natural Gas,1805.0
12/11/2015 12:30,EST,Nuclear,5407.0
12/11/2015 12:30,EST,Other Fossil Fuels,444.0
12/11/2015 12:30,EST,Other Renewables,319.0
12/11/2015 12:30,EST,Wind,1061.0
12/11/2015 12:35,EST,Dual Fuel,3334.0
12/11/2015 12:35,EST,Hydro,3012.0
12/11/2015 12:35,EST,Natural Gas,1806.0
12/11/2015 12:35,EST,Nuclear,5405.0
12/11/2015 12:35,EST,Other Fossil Fuels,445.0
12/11/2015 12:35,EST,Other Renewables,317.0
12/11/2015 12:35,EST,Wind,1055.0
12/11/2015 12:40,EST,Dual Fuel,3338.0
12/11/2015 12:40,EST,Hydro,2977.0
12/11/2015 12:40,EST,Natural Gas,1808.0
12/11/2015 12:40,EST,Nuclear,5404.0
12/11/2015 12:40,EST,Other Fossil Fuels,445.0
12/11/2015 12:40,EST,Other Renewables,317.0
12/11/2015 12:40,EST,Wind,1056.0
12/11/2015 12:45,EST,Dual Fuel,3302.0
12/11/2015 12:45,EST,Hydro,3041.0
12/11/2015 12:45,EST,Natural Gas,1813.0
12/11/2015 12:45,EST,Nuclear,5405.0
12/11/2015 12:45,EST,Other Fossil Fuels,444.0
12/11/2015 12:45,EST,Other Renewables,314.0
12/11/2015 12:45,EST,Wind,1072.0
12/11/2015 12:50,EST,Dual Fuel,3321.0
12/11/2015 12:50,EST,Hydro,3091.0
12/11/2015 12:50,EST,Natural Gas,1815.0
12/11/2015 12:50,EST,Nuclear,5406.0
12/11/2015 12:50,EST,Other Fossil Fuels,444.0
12/11/2015 12:50,EST,Other Renewables,316.0
12/11/2015 12:50,EST,Wind,1054.0
12/11/2015 12:55,EST,Dual Fuel,3293.0
12/11/2015 12:55,EST,Hydro,3142.0
12/11/2015 12:55,EST,Natural Gas,1815.0
12/11/2015 12:55,EST,Nuclear,5406.0
12/11/2015 12:55,EST,Other Fossil Fuels,444.0
12/11/2015 12:55,EST,Other Renewables,317.0
12/11/2015 12:55,EST,Wind,1043.0
12/11/2015 13:00,EST,Dual Fuel,3288.0
12/11/2015 13:00,EST,Hydro,3091.0
12/11/2015 13:00,EST,Natural Gas,1816.0
12/11/2015 13:00,EST,Nuclear,5408.0
12/11/2015 13:00,EST,Other Fossil Fuels,444.0
12/11/2015 13:00,EST,Other Renewables,321.0
12/11/2015 13:00,EST,Wind,1057.0
12/11/2015 13:05,EST,Dual Fuel,3335.0
12/11/2015 13:05,EST,Hydro,2942.0
12/11/2015 13:05,EST,Natural Gas,1813.0
12/11/2015 13:05,EST,Nuclear,5407.0
12/11/2015 13:05,EST,Other Fossil Fuels,444.0
12/11/2015 13:05,EST,Other Renewables,319.0
12/11/2015 13:05,EST,Wind,1088.0
12/11/2015 13:10,EST,Dual Fuel,3360.0
12/11/2015 13:10,EST,Hydro,2859.0
12/11/2015 13:10,EST,Natural Gas,1811.0
12/11/2015 13:10,EST,Nuclear,5407.0
12/11/2015 13:10,EST,Other Fossil Fuels,445.0
12/11/2015 13:10,EST,Other Renewables,317.0
12/11/2015 13:10,EST,Wind,1113.0
12/11/2015 13:15,EST,Dual Fuel,3394.0
12/11/2015 13:15,EST,Hydro,2843.0
12/11/2015 13:15,EST,Natural Gas,1808.0
12/11/2015 13:15,EST,Nuclear,5408.0
12/11/2015 13:15,EST,Other Fossil Fuels,444.0
12/11/2015 13:15,EST,Other Renewables,317.0
12/11/2015 13:15,EST,Wind,1137.0
12/11/2015 13:20,EST,Dual Fuel,3365.0
12/11/2015 13:20,EST,Hydro,2836.0
12/11/2015 13:20,EST,Natural Gas,1805.0
12/11/2015 13:20,EST,Nuclear,5406.0
12/11/2015 13:20,EST,Other Fossil Fuels,442.0
12/11/2015 13:20,EST,Other Renewables,315.0
12/11/2015 13:20,EST,Wind,1173.0
12/11/2015 13:25,EST,Dual Fuel,3332.0
12/11/2015 13:25,EST,Hydro,2782.0
12/11/2015 13:25,EST,Natural Gas,1809.0
12/11/2015 13:25,EST,Nuclear,5407.0
12/11/2015 13:25,EST,Other Fossil Fuels,443.0
12/11/2015 13:25,EST,Other Renewables,317.0
12/11/2015 13:25,EST,Wind,1162.0
12/11/2015 13:30,EST,Dual Fuel,3395.0
12/11/2015 13:30,EST,Hydro,2712.0
12/11/2015 13:30,EST,Natural Gas,1808.0
12/11/2015 13:30,EST,Nuclear,5407.0
12/11/2015 13:30,EST,Other Fossil Fuels,444.0
12/11/2015 13:30,EST,Other Renewables,314.0
12/11/2015 13:30,EST,Wind,1160.0
12/11/2015 13:35,EST,Dual Fuel,3444.0
12/11/2015 13:35,EST,Hydro,2688.0
12/11/2015 13:35,EST,Natural Gas,1808.0
12/11/2015 13:35,EST,Nuclear,5409.0
12/11/2015 13:35,EST,Other Fossil Fuels,445.0
12/11/2015 13:35,EST,Other Renewables,310.0
12/11/2015 13:35,EST,Wind,1150.0
12/11/2015 13:40,EST,Dual Fuel,3476.0
12/11/2015 13:40,EST,Hydro,2692.0
12/11/2015 13:40,EST,Natural Gas,1807.0
12/11/2015 13:40,EST,Nuclear,5409.0
12/11/2015 13:40,EST,Other Fossil Fuels,446.0
12/11/2015 13:40,EST,Other Renewables,307.0
12/11/2015 13:40,EST,Wind,1138.0
12/11/2015 13:45,EST,Dual Fuel,3481.0
12/11/2015 13:45,EST,Hydro,2753.0
12/11/2015 13:45,EST,Natural Gas,1807.0
12/11/2015 13:45,EST,Nuclear,5408.0
12/11/2015 13:45,EST,Other Fossil Fuels,445.0
12/11/2015 13:45,EST,Other Renewables,310.0
12/11/2015 13:45,EST,Wind,1133.0
12/11/2015 13:50,EST,Dual Fuel,3405.0
12/11/2015 13:50,EST,Hydro,2806.0
12/11/2015 13:50,EST,Natural Gas,1808.0
12/11/2015 13:50,EST,Nuclear,5408.0
12/11/2015 13:50,EST,Other Fossil Fuels,444.0
12/11/2015 13:50,EST,Other Renewables,313.0
12/11/2015 13:50,EST,Wind,1135.0
12/11/2015 13:55,EST,Dual Fuel,3392.0
12/11/2015 13:55,EST,Hydro,2805.0
12/11/2015 13:55,EST,Natural Gas,1808.0
12/11/2015 13:55,EST,Nuclear,5408.0
12/11/2015 13:55,EST,Other Fossil Fuels,444.0
12/11/2015 13:55,EST,Other Renewables,313.0
12/11/2015 13:55,EST,Wind,1141.0
12/11/2015 14:00,EST,Dual Fuel,3322.0
12/11/2015 14:00,EST,Hydro,2822.0
12/11/2015 14:00,EST,Natural Gas,1806.0
12/11/2015 14:00,EST,Nuclear,5408.0
12/11/2015 14:00,EST,Other Fossil Fuels,443.0
12/11/2015 14:00,EST,Other Renewables,306.0
12/11/2015 14:00,EST,Wind,1172.0
12/11/2015 14:05,EST,Dual Fuel,3272.0
12/11/2015 14:05,EST,Hydro,2982.0
12/11/2015 14:05,EST,Natural Gas,1818.0
12/11/2015 14:05,EST,Nuclear,5406.0
12/11/2015 14:05,EST,Other Fossil Fuels,443.0
12/11/2015 14:05,EST,Other Renewables,303.0
12/11/2015 14:05,EST,Wind,1186.0
12/11/2015 14:10,EST,Dual Fuel,3269.0
12/11/2015 14:10,EST,Hydro,3118.0
12/11/2015 14:10,EST,Natural Gas,1817.0
12/11/2015 14:10,EST,Nuclear,5400.0
12/11/2015 14:10,EST,Other Fossil Fuels,444.0
12/11/2015 14:10,EST,Other Renewables,306.0
12/11/2015 14:10,EST,Wind,1179.0
12/11/2015 14:15,EST,Dual Fuel,3318.0
12/11/2015 14:15,EST,Hydro,3110.0
12/11/2015 14:15,EST,Natural Gas,1814.0
12/11/2015 14:15,EST,Nuclear,5403.0
12/11/2015 14:15,EST,Other Fossil Fuels,444.0
12/11/2015 14:15,EST,Other Renewables,300.0
12/11/2015 14:15,EST,Wind,1179.0
12/11/2015 14:20,EST,Dual Fuel,3339.0
12/11/2015 14:20,EST,Hydro,3045.0
12/11/2015 14:20,EST,Natural Gas,1825.0
12/11/2015 14:20,EST,Nuclear,5405.0
12/11/2015 14:20,EST,Other Fossil Fuels,443.0
12/11/2015 14:20,EST,Other Renewables,306.0
12/11/2015 14:20,EST,Wind,1163.0
12/11/2015 14:25,EST,Dual Fuel,3292.0
12/11/2015 14:25,EST,Hydro,3092.0
12/11/2015 14:25,EST,Natural Gas,1821.0
12/11/2015 14:25,EST,Nuclear,5405.0
12/11/2015 14:25,EST,Other Fossil Fuels,442.0
12/11/2015 14:25,EST,Other Renewables,299.0
12/11/2015 14:25,EST,Wind,1185.0
12/11/2015 14:30,EST,Dual Fuel,3326.0
12/11/2015 14:30,EST,Hydro,3091.0
12/11/2015 14:30,EST,Natural Gas,1819.0
12/11/2015 14:30,EST,Nuclear,5404.0
12/11/2015 14:30,EST,Other Fossil Fuels,442.0
12/11/2015 14:30,EST,Other Renewables,299.0
12/11/2015 14:30,EST,Wind,1172.0
12/11/2015 14:35,EST,Dual Fuel,3257.0
12/11/2015 14:35,EST,Hydro,3106.0
12/11/2015 14:35,EST,Natural Gas,1817.0
12/11/2015 14:35,EST,Nuclear,5404.0
12/11/2015 14:35,EST,Other Fossil Fuels,444.0
12/11/2015 14:35,EST,Other Renewables,301.0
12/11/2015 14:35,EST,Wind,1153.0
12/11/2015 14:40,EST,Dual Fuel,3267.0
12/11/2015 14:40,EST,Hydro,3125.0
12/11/2015 14:40,EST,Natural Gas,1817.0
12/11/2015 14:40,EST,Nuclear,5404.0
12/11/2015 14:40,EST,Other Fossil Fuels,445.0
12/11/2015 14:40,EST,Other Renewables,303.0
12/11/2015 14:40,EST,Wind,1128.0
12/11/2015 14:45,EST,Dual Fuel,3281.0
12/11/2015 14:45,EST,Hydro,3138.0
12/11/2015 14:45,EST,Natural Gas,1818.0
12/11/2015 14:45,EST,Nuclear,5406.0
12/11/2015 14:45,EST,Other Fossil Fuels,445.0
12/11/2015 14:45,EST,Other Renewables,301.0
12/11/2015 14:45,EST,Wind,1126.0
12/11/2015 14:50,EST,Dual Fuel,3259.0
12/11/2015 14:50,EST,Hydro,3152.0
12/11/2015 14:50,EST,Natural Gas,1830.0
12/11/2015 14:50,EST,Nuclear,5407.0
12/11/2015 14:50,EST,Other Fossil Fuels,444.0
12/11/2015 14:50,EST,Other Renewables,306.0
12/11/2015 14:50,EST,Wind,1116.0
12/11/2015 14:55,EST,Dual Fuel,3305.0
12/11/2015 14:55,EST,Hydro,3079.0
12/11/2015 14:55,EST,Natural Gas,1856.0
12/11/2015 14:55,EST,Nuclear,5408.0
12/11/2015 14:55,EST,Other Fossil Fuels,445.0
12/11/2015 14:55,EST,Other Renewables,302.0
12/11/2015 14:55,EST,Wind,1119.0
12/11/2015 15:00,EST,Dual Fuel,3219.0
12/11/2015 15:00,EST,Hydro,3032.0
12/11/2015 15:00,EST,Natural Gas,1838.0
12/11/2015 15:00,EST,Nuclear,5410.0
12/11/2015 15:00,EST,Other Fossil Fuels,445.0
12/11/2015 15:00,EST,Other Renewables,305.0
12/11/2015 15:00,EST,Wind,1120.0
12/11/2015 15:05,EST,Dual Fuel,3155.0
12/11/2015 15:05,EST,Hydro,2921.0
12/11/2015 15:05,EST,Natural Gas,1816.0
12/11/2015 15:05,EST,Nuclear,5408.0
12/11/2015 15:05,EST,Other Fossil Fuels,444.0
12/11/2015 15:05,EST,Other Renewables,311.0
12/11/2015 15:05,EST,Wind,1106.0
12/11/2015 15:10,EST,Dual Fuel,3123.0
12/11/2015 15:10,EST,Hydro,2878.0
12/11/2015 15:10,EST,Natural Gas,1804.0
12/11/2015 15:10,EST,Nuclear,5407.0
12/11/2015 15:10,EST,Other Fossil Fuels,443.0
12/11/2015 15:10,EST,Other Renewables,308.0
12/11/2015 15:10,EST,Wind,1093.0
12/11/2015 15:15,EST,Dual Fuel,3163.0
12/11/2015 15:15,EST,Hydro,2829.0
12/11/2015 15:15,EST,Natural Gas,1794.0
12/11/2015 15:15,EST,Nuclear,5407.0
12/11/2015 15:15,EST,Other Fossil Fuels,443.0
12/11/2015 15:15,EST,Other Renewables,307.0
12/11/2015 15:15,EST,Wind,1105.0
12/11/2015 15:20,EST,Dual Fuel,3186.0
12/11/2015 15:20,EST,Hydro,2758.0
12/11/2015 15:20,EST,Natural Gas,1808.0
12/11/2015 15:20,EST,Nuclear,5406.0
12/11/2015 15:20,EST,Other Fossil Fuels,443.0
12/11/2015 15:20,EST,Other Renewables,308.0
12/11/2015 15:20,EST,Wind,1097.0
12/11/2015 15:25,EST,Dual Fuel,3194.0
12/11/2015 15:25,EST,Hydro,2777.0
12/11/2015 15:25,EST,Natural Gas,1812.0
12/11/2015 15:25,EST,Nuclear,5407.0
12/11/2015 15:25,EST,Other Fossil Fuels,445.0
12/11/2015 15:25,EST,Other Renewables,309.0
12/11/2015 15:25,EST,Wind,1087.0
12/11/2015 15:30,EST,Dual Fuel,3256.0
12/11/2015 15:30,EST,Hydro,2705.0
12/11/2015 15:30,EST,Natural Gas,1816.0
12/11/2015 15:30,EST,Nuclear,5405.0
12/11/2015 15:30,EST,Other Fossil Fuels,446.0
12/11/2015 15:30,EST,Other Renewables,309.0
12/11/2015 15:30,EST,Wind,1061.0
12/11/2015 15:35,EST,Dual Fuel,3275.0
12/11/2015 15:35,EST,Hydro,2735.0
12/11/2015 15:35,EST,Natural Gas,1814.0
12/11/2015 15:35,EST,Nuclear,5404.0
12/11/2015 15:35,EST,Other Fossil Fuels,445.0
12/11/2015 15:35,EST,Other Renewables,303.0
12/11/2015 15:35,EST,Wind,1047.0
12/11/2015 15:40,EST,Dual Fuel,3268.0
12/11/2015 15:40,EST,Hydro,2778.0
12/11/2015 15:40,EST,Natural Gas,1815.0
12/11/2015 15:40,EST,Nuclear,5407.0
12/11/2015 15:40,EST,Other Fossil Fuels,444.0
12/11/2015 15:40,EST,Other Renewables,303.0
12/11/2015 15:40,EST,Wind,1038.0
12/11/2015 15:45,EST,Dual Fuel,3244.0
12/11/2015 15:45,EST,Hydro,2828.0
12/11/2015 15:45,EST,Natural Gas,1833.0
12/11/2015 15:45,EST,Nuclear,5410.0
12/11/2015 15:45,EST,Other Fossil Fuels,445.0
12/11/2015 15:45,EST,Other Renewables,300.0
12/11/2015 15:45,EST,Wind,1066.0
12/11/2015 15:50,EST,Dual Fuel,3251.0
12/11/2015 15:50,EST,Hydro,2828.0
12/11/2015 15:50,EST,Natural Gas,1891.0
12/11/2015 15:50,EST,Nuclear,5411.0
12/11/2015 15:50,EST,Other Fossil Fuels,445.0
12/11/2015 15:50,EST,Other Renewables,300.0
12/11/2015 15:50,EST,Wind,1054.0
12/11/2015 15:55,EST,Dual Fuel,3292.0
12/11/2015 15:55,EST,Hydro,2796.0
12/11/2015 15:55,EST,Natural Gas,1922.0
12/11/2015 15:55,EST,Nuclear,5409.0
12/11/2015 15:55,EST,Other Fossil Fuels,444.0
12/11/2015 15:55,EST,Other Renewables,298.0
12/11/2015 15:55,EST,Wind,1063.0
12/11/2015 16:00,EST,Dual Fuel,3316.0
12/11/2015 16:00,EST,Hydro,2847.0
12/11/2015 16:00,EST,Natural Gas,1924.0
12/11/2015 16:00,EST,Nuclear,5409.0
12/11/2015 16:00,EST,Other Fossil Fuels,443.0
12/11/2015 16:00,EST,Other Renewables,298.0
12/11/2015 16:00,EST,Wind,1077.0
12/11/2015 16:05,EST,Dual Fuel,3355.0
12/11/2015 16:05,EST,Hydro,2963.0
12/11/2015 16:05,EST,Natural Gas,1949.0
12/11/2015 16:05,EST,Nuclear,5409.0
12/11/2015 16:05,EST,Other Fossil Fuels,440.0
12/11/2015 16:05,EST,Other Renewables,296.0
12/11/2015 16:05,EST,Wind,1056.0
12/11/2015 16:10,EST,Dual Fuel,3429.0
12/11/2015 16:10,EST,Hydro,3109.0
12/11/2015 16:10,EST,Natural Gas,2020.0
12/11/2015 16:10,EST,Nuclear,5409.0
12/11/2015 16:10,EST,Other Fossil Fuels,436.0
12/11/2015 16:10,EST,Other Renewables,297.0
12/11/2015 16:10,EST,Wind,1004.0
12/11/2015 16:15,EST,Dual Fuel,3560.0
12/11/2015 16:15,EST,Hydro,3199.0
12/11/2015 16:15,EST,Natural Gas,2045.0
12/11/2015 16:15,EST,Nuclear,5411.0
12/11/2015 16:15,EST,Other Fossil Fuels,433.0
12/11/2015 16:15,EST,Other Renewables,298.0
12/11/2015 16:15,EST,Wind,978.0
12/11/2015 16:20,EST,Dual Fuel,3726.0
12/11/2015 16:20,EST,Hydro,3196.0
12/11/2015 16:20,EST,Natural Gas,2015.0
12/11/2015 16:20,EST,Nuclear,5410.0
12/11/2015 16:20,EST,Other Fossil Fuels,431.0
12/11/2015 16:20,EST,Other Renewables,301.0
12/11/2015 16:20,EST,Wind,974.0
12/11/2015 16:25,EST,Dual Fuel,3783.0
12/11/2015 16:25,EST,Hydro,3240.0
12/11/2015 16:25,EST,Natural Gas,1985.0
12/11/2015 16:25,EST,Nuclear,5409.0
12/11/2015 16:25,EST,Other Fossil Fuels,429.0
12/11/2015 16:25,EST,Other Renewables,299.0
12/11/2015 16:25,EST,Wind,946.0
12/11/2015 16:30,EST,Dual Fuel,3863.0
12/11/2015 16:30,EST,Hydro,3369.0
12/11/2015 16:30,EST,Natural Gas,1964.0
12/11/2015 16:30,EST,Nuclear,5409.0
12/11/2015 16:30,EST,Other Fossil Fuels,426.0
12/11/2015 16:30,EST,Other Renewables,300.0
12/11/2015 16:30,EST,Wind,936.0
12/11/2015 16:35,EST,Dual Fuel,3891.0
12/11/2015 16:35,EST,Hydro,3387.0
12/11/2015 16:35,EST,Natural Gas,1966.0
12/11/2015 16:35,EST,Nuclear,5410.0
12/11/2015 16:35,EST,Other Fossil Fuels,424.0
12/11/2015 16:35,EST,Other Renewables,303.0
12/11/2015 16:35,EST,Wind,925.0
12/11/2015 16:40,EST,Dual Fuel,3954.0
12/11/2015 16:40,EST,Hydro,3356.0
12/11/2015 16:40,EST,Natural Gas,1973.0
12/11/2015 16:40,EST,Nuclear,5411.0
12/11/2015 16:40,EST,Other Fossil Fuels,422.0
12/11/2015 16:40,EST,Other Renewables,303.0
12/11/2015 16:40,EST,Wind,934.0
12/11/2015 16:45,EST,Dual Fuel,4044.0
12/11/2015 16:45,EST,Hydro,3435.0
12/11/2015 16:45,EST,Natural Gas,1986.0
12/11/2015 16:45,EST,Nuclear,5409.0
12/11/2015 16:45,EST,Other Fossil Fuels,421.0
12/11/2015 16:45,EST,Other Renewables,304.0
12/11/2015 16:45,EST,Wind,928.0
12/11/2015 16:50,EST,Dual Fuel,4120.0
12/11/2015 16:50,EST,Hydro,3498.0
12/11/2015 16:50,EST,Natural Gas,1997.0
12/11/2015 16:50,EST,Nuclear,5410.0
12/11/2015 16:50,EST,Other Fossil Fuels,419.0
12/11/2015 16:50,EST,Other Renewables,303.0
12/11/2015 16:50,EST,Wind,933.0
12/11/2015 16:55,EST,Dual Fuel,4192.0
12/11/2015 16:55,EST,Hydro,3589.0
12/11/2015 16:55,EST,Natural Gas,2006.0
12/11/2015 16:55,EST,Nuclear,5411.0
12/11/2015 16:55,EST,Other Fossil Fuels,416.0
12/11/2015 16:55,EST,Other Renewables,304.0
12/11/2015 16:55,EST,Wind,943.0
12/11/2015 17:00,EST,Dual Fuel,4252.0
12/11/2015 17:00,EST,Hydro,3664.0
12/11/2015 17:00,EST,Natural Gas,2021.0
12/11/2015 17:00,EST,Nuclear,5412.0
12/11/2015 17:00,EST,Other Fossil Fuels,411.0
12/11/2015 17:00,EST,Other Renewables,302.0
12/11/2015 17:00,EST,Wind,962.0
12/11/2015 17:05,EST,Dual Fuel,4215.0
12/11/2015 17:05,EST,Hydro,3727.0
12/11/2015 17:05,EST,Natural Gas,2066.0
12/11/2015 17:05,EST,Nuclear,5411.0
12/11/2015 17:05,EST,Other Fossil Fuels,393.0
12/11/2015 17:05,EST,Other Renewables,308.0
12/11/2015 17:05,EST,Wind,985.0
12/11/2015 17:10,EST,Dual Fuel,4186.0
12/11/2015 17:10,EST,Hydro,3783.0
12/11/2015 17:10,EST,Natural Gas,2091.0
12/11/2015 17:10,EST,Nuclear,5413.0
12/11/2015 17:10,EST,Other Fossil Fuels,374.0
12/11/2015 17:10,EST,Other Renewables,305.0
12/11/2015 17:10,EST,Wind,1026.0
12/11/2015 17:15,EST,Dual Fuel,4247.0
12/11/2015 17:15,EST,Hydro,3817.0
12/11/2015 17:15,EST,Natural Gas,2058.0
12/11/2015 17:15,EST,Nuclear,5412.0
12/11/2015 17:15,EST,Other Fossil Fuels,358.0
12/11/2015 17:15,EST,Other Renewables,305.0
12/11/2015 17:15,EST,Wind,1035.0
12/11/2015 17:20,EST,Dual Fuel,4274.0
12/11/2015 17:20,EST,Hydro,3848.0
12/11/2015 17:20,EST,Natural Gas,2052.0
12/11/2015 17:20,EST,Nuclear,5413.0
12/11/2015 17:20,EST,Other Fossil Fuels,340.0
12/11/2015 17:20,EST,Other Renewables,306.0
12/11/2015 17:20,EST,Wind,1066.0
12/11/2015 17:25,EST,Dual Fuel,4285.0
12/11/2015 17:25,EST,Hydro,3831.0
12/11/2015 17:25,EST,Natural Gas,2048.0
12/11/2015 17:25,EST,Nuclear,5412.0
12/11/2015 17:25,EST,Other Fossil Fuels,333.0
12/11/2015 17:25,EST,Other Renewables,306.0
12/11/2015 17:25,EST,Wind,1094.0
12/11/2015 17:30,EST,Dual Fuel,4293.0
12/11/2015 17:30,EST,Hydro,3798.0
12/11/2015 17:30,EST,Natural Gas,2055.0
12/11/2015 17:30,EST,Nuclear,5411.0
12/11/2015 17:30,EST,Other Fossil Fuels,325.0
12/11/2015 17:30,EST,Other Renewables,306.0
12/11/2015 17:30,EST,Wind,1113.0
12/11/2015 17:35,EST,Dual Fuel,4284.0
12/11/2015 17:35,EST,Hydro,3832.0
12/11/2015 17:35,EST,Natural Gas,2068.0
12/11/2015 17:35,EST,Nuclear,5410.0
12/11/2015 17:35,EST,Other Fossil Fuels,308.0
12/11/2015 17:35,EST,Other Renewables,303.0
12/11/2015 17:35,EST,Wind,1126.0
12/11/2015 17:40,EST,Dual Fuel,4251.0
12/11/2015 17:40,EST,Hydro,3828.0
12/11/2015 17:40,EST,Natural Gas,2055.0
12/11/2015 17:40,EST,Nuclear,5411.0
12/11/2015 17:40,EST,Other Fossil Fuels,294.0
12/11/2015 17:40,EST,Other Renewables,303.0
12/11/2015 17:40,EST,Wind,1147.0
12/11/2015 17:45,EST,Dual Fuel,4273.0
12/11/2015 17:45,EST,Hydro,3868.0
12/11/2015 17:45,EST,Natural Gas,2057.0
12/11/2015 17:45,EST,Nuclear,5409.0
12/11/2015 17:45,EST,Other Fossil Fuels,279.0
12/11/2015 17:45,EST,Other Renewables,305.0
12/11/2015 17:45,EST,Wind,1172.0
12/11/2015 17:50,EST,Dual Fuel,4278.0
12/11/2015 17:50,EST,Hydro,3873.0
12/11/2015 17:50,EST,Natural Gas,2057.0
12/11/2015 17:50,EST,Nuclear,5411.0
12/11/2015 17:50,EST,Other Fossil Fuels,263.0
12/11/2015 17:50,EST,Other Renewables,304.0
12/11/2015 17:50,EST,Wind,1194.0
12/11/2015 17:55,EST,Dual Fuel,4251.0
12/11/2015 17:55,EST,Hydro,3862.0
12/11/2015 17:55,EST,Natural Gas,2054.0
12/11/2015 17:55,EST,Nuclear,5410.0
12/11/2015 17:55,EST,Other Fossil Fuels,253.0
12/11/2015 17:55,EST,Other Renewables,304.0
12/11/2015 17:55,EST,Wind,1209.0
12/11/2015 18:00,EST,Dual Fuel,4251.0
12/11/2015 18:00,EST,Hydro,3833.0
12/11/2015 18:00,EST,Natural Gas,2061.0
12/11/2015 18:00,EST,Nuclear,5413.0
12/11/2015 18:00,EST,Other Fossil Fuels,243.0
12/11/2015 18:00,EST,Other Renewables,305.0
12/11/2015 18:00,EST,Wind,1226.0
12/11/2015 18:05,EST,Dual Fuel,4274.0
12/11/2015 18:05,EST,Hydro,3812.0
12/11/2015 18:05,EST,Natural Gas,2050.0
12/11/2015 18:05,EST,Nuclear,5411.0
12/11/2015 18:05,EST,Other Fossil Fuels,236.0
12/11/2015 18:05,EST,Other Renewables,304.0
12/11/2015 18:05,EST,Wind,1236.0
12/11/2015 18:10,EST,Dual Fuel,4220.0
12/11/2015 18:10,EST,Hydro,3839.0
12/11/2015 18:10,EST,Natural Gas,2039.0
12/11/2015 18:10,EST,Nuclear,5410.0
12/11/2015 18:10,EST,Other Fossil Fuels,232.0
12/11/2015 18:10,EST,Other Renewables,305.0
12/11/2015 18:10,EST,Wind,1255.0
12/11/2015 18:15,EST,Dual Fuel,4149.0
12/11/2015 18:15,EST,Hydro,3879.0
12/11/2015 18:15,EST,Natural Gas,2051.0
12/11/2015 18:15,EST,Nuclear,5410.0
12/11/2015 18:15,EST,Other Fossil Fuels,221.0
12/11/2015 18:15,EST,Other Renewables,305.0
12/11/2015 18:15,EST,Wind,1273.0
12/11/2015 18:20,EST,Dual Fuel,4087.0
12/11/2015 18:20,EST,Hydro,3850.0
12/11/2015 18:20,EST,Natural Gas,2061.0
12/11/2015 18:20,EST,Nuclear,5409.0
12/11/2015 18:20,EST,Other Fossil Fuels,208.0
12/11/2015 18:20,EST,Other Renewables,306.0
12/11/2015 18:20,EST,Wind,1300.0
12/11/2015 18:25,EST,Dual Fuel,4059.0
12/11/2015 18:25,EST,Hydro,3839.0
12/11/2015 18:25,EST,Natural Gas,2049.0
12/11/2015 18:25,EST,Nuclear,5411.0
12/11/2015 18:25,EST,Other Fossil Fuels,205.0
12/11/2015 18:25,EST,Other Renewables,302.0
12/11/2015 18:25,EST,Wind,1318.0
12/11/2015 18:30,EST,Dual Fuel,3982.0
12/11/2015 18:30,EST,Hydro,3871.0
12/11/2015 18:30,EST,Natural Gas,2046.0
12/11/2015 18:30,EST,Nuclear,5411.0
12/11/2015 18:30,EST,Other Fossil Fuels,206.0
12/11/2015 18:30,EST,Other Renewables,304.0
12/11/2015 18:30,EST,Wind,1324.0
12/11/2015 18:35,EST,Dual Fuel,3940.0
12/11/2015 18:35,EST,Hydro,3879.0
12/11/2015 18:35,EST,Natural Gas,2051.0
12/11/2015 18:35,EST,Nuclear,5408.0
12/11/2015 18:35,EST,Other Fossil Fuels,205.0
12/11/2015 18:35,EST,Other Renewables,303.0
12/11/2015 18:35,EST,Wind,1320.0
12/11/2015 18:40,EST,Dual Fuel,3916.0
12/11/2015 18:40,EST,Hydro,3876.0
12/11/2015 18:40,EST,Natural Gas,2046.0
12/11/2015 18:40,EST,Nuclear,5410.0
12/11/2015 18:40,EST,Other Fossil Fuels,204.0
12/11/2015 18:40,EST,Other Renewables,302.0
12/11/2015 18:40,EST,Wind,1300.0
12/11/2015 18:45,EST,Dual Fuel,3894.0
12/11/2015 18:45,EST,Hydro,3878.0
12/11/2015 18:45,EST,Natural Gas,2044.0
12/11/2015 18:45,EST,Nuclear,5411.0
12/11/2015 18:45,EST,Other Fossil Fuels,206.0
12/11/2015 18:45,EST,Other Renewables,300.0
12/11/2015 18:45,EST,Wind,1293.0
12/11/2015 18:50,EST,Dual Fuel,3875.0
12/11/2015 18:50,EST,Hydro,3951.0
12/11/2015 18:50,EST,Natural Gas,2053.0
12/11/2015 18:50,EST,Nuclear,5411.0
12/11/2015 18:50,EST,Other Fossil Fuels,207.0
12/11/2015 18:50,EST,Other Renewables,303.0
12/11/2015 18:50,EST,Wind,1268.0
12/11/2015 18:55,EST,Dual Fuel,3781.0
12/11/2015 18:55,EST,Hydro,3941.0
12/11/2015 18:55,EST,Natural Gas,2018.0
12/11/2015 18:55,EST,Nuclear,5409.0
12/11/2015 18:55,EST,Other Fossil Fuels,207.0
12/11/2015 18:55,EST,Other Renewables,302.0
12/11/2015 18:55,EST,Wind,1267.0
12/11/2015 19:00,EST,Dual Fuel,3685.0
12/11/2015 19:00,EST,Hydro,3931.0
12/11/2015 19:00,EST,Natural Gas,2024.0
12/11/2015 19:00,EST,Nuclear,5408.0
12/11/2015 19:00,EST,Other Fossil Fuels,206.0
12/11/2015 19:00,EST,Other Renewables,301.0
12/11/2015 19:00,EST,Wind,1288.0
12/11/2015 19:04,EST,Dual Fuel,3847.0
12/11/2015 19:04,EST,Hydro,3908.0
12/11/2015 19:04,EST,Natural Gas,2063.0
12/11/2015 19:04,EST,Nuclear,5410.0
12/11/2015 19:04,EST,Other Fossil Fuels,206.0
12/11/2015 19:04,EST,Other Renewables,304.0
12/11/2015 19:04,EST,Wind,1296.0
12/11/2015 19:05,EST,Dual Fuel,3911.0
12/11/2015 19:05,EST,Hydro,3878.0
12/11/2015 19:05,EST,Natural Gas,2068.0
12/11/2015 19:05,EST,Nuclear,5410.0
12/11/2015 19:05,EST,Other Fossil Fuels,207.0
12/11/2015 19:05,EST,Other Renewables,305.0
12/11/2015 19:05,EST,Wind,1293.0
12/11/2015 19:05,EST,Dual Fuel,3925.0
12/11/2015 19:05,EST,Hydro,3858.0
12/11/2015 19:05,EST,Natural Gas,2068.0
12/11/2015 19:05,EST,Nuclear,5412.0
12/11/2015 19:05,EST,Other Fossil Fuels,207.0
12/11/2015 19:05,EST,Other Renewables,306.0
12/11/2015 19:05,EST,Wind,1297.0
12/11/2015 19:10,EST,Dual Fuel,3977.0
12/11/2015 19:10,EST,Hydro,3833.0
12/11/2015 19:10,EST,Natural Gas,2064.0
12/11/2015 19:10,EST,Nuclear,5410.0
12/11/2015 19:10,EST,Other Fossil Fuels,206.0
12/11/2015 19:10,EST,Other Renewables,306.0
12/11/2015 19:10,EST,Wind,1283.0
12/11/2015 19:15,EST,Dual Fuel,4075.0
12/11/2015 19:15,EST,Hydro,3790.0
12/11/2015 19:15,EST,Natural Gas,2055.0
12/11/2015 19:15,EST,Nuclear,5411.0
12/11/2015 19:15,EST,Other Fossil Fuels,205.0
12/11/2015 19:15,EST,Other Renewables,307.0
12/11/2015 19:15,EST,Wind,1259.0
12/11/2015 19:20,EST,Dual Fuel,4069.0
12/11/2015 19:20,EST,Hydro,3791.0
12/11/2015 19:20,EST,Natural Gas,2044.0
12/11/2015 19:20,EST,Nuclear,5409.0
12/11/2015 19:20,EST,Other Fossil Fuels,205.0
12/11/2015 19:20,EST,Other Renewables,306.0
12/11/2015 19:20,EST,Wind,1230.0
12/11/2015 19:25,EST,Dual Fuel,4089.0
12/11/2015 19:25,EST,Hydro,3806.0
12/11/2015 19:25,EST,Natural Gas,2026.0
12/11/2015 19:25,EST,Nuclear,5411.0
12/11/2015 19:25,EST,Other Fossil Fuels,206.0
12/11/2015 19:25,EST,Other Renewables,307.0
12/11/2015 19:25,EST,Wind,1217.0
12/11/2015 19:30,EST,Dual Fuel,4121.0
12/11/2015 19:30,EST,Hydro,3787.0
12/11/2015 19:30,EST,Natural Gas,2024.0
12/11/2015 19:30,EST,Nuclear,5411.0
12/11/2015 19:30,EST,Other Fossil Fuels,206.0
12/11/2015 19:30,EST,Other Renewables,307.0
12/11/2015 19:30,EST,Wind,1217.0
12/11/2015 19:35,EST,Dual Fuel,4224.0
12/11/2015 19:35,EST,Hydro,3801.0
12/11/2015 19:35,EST,Natural Gas,2024.0
12/11/2015 19:35,EST,Nuclear,5410.0
12/11/2015 19:35,EST,Other Fossil Fuels,208.0
12/11/2015 19:35,EST,Other Renewables,307.0
12/11/2015 19:35,EST,Wind,1220.0
12/11/2015 19:40,EST,Dual Fuel,4267.0
12/11/2015 19:40,EST,Hydro,3704.0
12/11/2015 19:40,EST,Natural Gas,2023.0
12/11/2015 19:40,EST,Nuclear,5411.0
12/11/2015 19:40,EST,Other Fossil Fuels,208.0
12/11/2015 19:40,EST,Other Renewables,305.0
12/11/2015 19:40,EST,Wind,1219.0
12/11/2015 19:45,EST,Dual Fuel,4241.0
12/11/2015 19:45,EST,Hydro,3621.0
12/11/2015 19:45,EST,Natural Gas,2017.0
12/11/2015 19:45,EST,Nuclear,5411.0
12/11/2015 19:45,EST,Other Fossil Fuels,208.0
12/11/2015 19:45,EST,Other Renewables,305.0
12/11/2015 19:45,EST,Wind,1212.0
12/11/2015 19:50,EST,Dual Fuel,4030.0
12/11/2015 19:50,EST,Hydro,3620.0
12/11/2015 19:50,EST,Natural Gas,2001.0
12/11/2015 19:50,EST,Nuclear,5410.0
12/11/2015 19:50,EST,Other Fossil Fuels,208.0
12/11/2015 19:50,EST,Other Renewables,304.0
12/11/2015 19:50,EST,Wind,1199.0
12/11/2015 19:55,EST,Dual Fuel,4016.0
12/11/2015 19:55,EST,Hydro,3560.0
12/11/2015 19:55,EST,Natural Gas,2005.0
12/11/2015 19:55,EST,Nuclear,5411.0
12/11/2015 19:55,EST,Other Fossil Fuels,209.0
12/11/2015 19:55,EST,Other Renewables,301.0
12/11/2015 19:55,EST,Wind,1180.0
12/11/2015 20:00,EST,Dual Fuel,3983.0
12/11/2015 20:00,EST,Hydro,3572.0
12/11/2015 20:00,EST,Natural Gas,1972.0
12/11/2015 20:00,EST,Nuclear,5411.0
12/11/2015 20:00,EST,Other Fossil Fuels,209.0
12/11/2015 20:00,EST,Other Renewables,305.0
12/11/2015 20:00,EST,Wind,1160.0
12/11/2015 20:05,EST,Dual Fuel,3949.0
12/11/2015 20:05,EST,Hydro,3681.0
12/11/2015 20:05,EST,Natural Gas,1922.0
12/11/2015 20:05,EST,Nuclear,5412.0
12/11/2015 20:05,EST,Other Fossil Fuels,210.0
12/11/2015 20:05,EST,Other Renewables,305.0
12/11/2015 20:05,EST,Wind,1149.0
12/11/2015 20:10,EST,Dual Fuel,3925.0
12/11/2015 20:10,EST,Hydro,3765.0
12/11/2015 20:10,EST,Natural Gas,1851.0
12/11/2015 20:10,EST,Nuclear,5412.0
12/11/2015 20:10,EST,Other Fossil Fuels,207.0
12/11/2015 20:10,EST,Other Renewables,302.0
12/11/2015 20:10,EST,Wind,1146.0
12/11/2015 20:15,EST,Dual Fuel,3940.0
12/11/2015 20:15,EST,Hydro,3783.0
12/11/2015 20:15,EST,Natural Gas,1846.0
12/11/2015 20:15,EST,Nuclear,5410.0
12/11/2015 20:15,EST,Other Fossil Fuels,206.0
12/11/2015 20:15,EST,Other Renewables,301.0
12/11/2015 20:15,EST,Wind,1124.0
12/11/2015 20:20,EST,Dual Fuel,3979.0
12/11/2015 20:20,EST,Hydro,3741.0
12/11/2015 20:20,EST,Natural Gas,1884.0
12/11/2015 20:20,EST,Nuclear,5411.0
12/11/2015 20:20,EST,Other Fossil Fuels,206.0
12/11/2015 20:20,EST,Other Renewables,297.0
12/11/2015 20:20,EST,Wind,1104.0
12/11/2015 20:25,EST,Dual Fuel,4002.0
12/11/2015 20:25,EST,Hydro,3750.0
12/11/2015 20:25,EST,Natural Gas,1885.0
12/11/2015 20:25,EST,Nuclear,5412.0
12/11/2015 20:25,EST,Other Fossil Fuels,208.0
12/11/2015 20:25,EST,Other Renewables,299.0
12/11/2015 20:25,EST,Wind,1109.0
12/11/2015 20:30,EST,Dual Fuel,3947.0
12/11/2015 20:30,EST,Hydro,3817.0
12/11/2015 20:30,EST,Natural Gas,1853.0
12/11/2015 20:30,EST,Nuclear,5413.0
12/11/2015 20:30,EST,Other Fossil Fuels,209.0
12/11/2015 20:30,EST,Other Renewables,301.0
12/11/2015 20:30,EST,Wind,1129.0
12/11/2015 20:35,EST,Dual Fuel,3931.0
12/11/2015 20:35,EST,Hydro,3837.0
12/11/2015 20:35,EST,Natural Gas,1846.0
12/11/2015 20:35,EST,Nuclear,5413.0
12/11/2015 20:35,EST,Other Fossil Fuels,207.0
12/11/2015 20:35,EST,Other Renewables,300.0
12/11/2015 20:35,EST,Wind,1136.0
12/11/2015 20:40,EST,Dual Fuel,3860.0
12/11/2015 20:40,EST,Hydro,3836.0
12/11/2015 20:40,EST,Natural Gas,1871.0
12/11/2015 20:40,EST,Nuclear,5412.0
12/11/2015 20:40,EST,Other Fossil Fuels,208.0
12/11/2015 20:40,EST,Other Renewables,303.0
12/11/2015 20:40,EST,Wind,1157.0
12/11/2015 20:45,EST,Dual Fuel,3833.0
12/11/2015 20:45,EST,Hydro,3797.0
12/11/2015 20:45,EST,Natural Gas,1882.0
12/11/2015 20:45,EST,Nuclear,5409.0
12/11/2015 20:45,EST,Other Fossil Fuels,208.0
12/11/2015 20:45,EST,Other Renewables,304.0
12/11/2015 20:45,EST,Wind,1164.0
12/11/2015 20:50,EST,Dual Fuel,3846.0
12/11/2015 20:50,EST,Hydro,3751.0
12/11/2015 20:50,EST,Natural Gas,1898.0
12/11/2015 20:50,EST,Nuclear,5404.0
12/11/2015 20:50,EST,Other Fossil Fuels,208.0
12/11/2015 20:50,EST,Other Renewables,303.0
12/11/2015 20:50,EST,Wind,1179.0
12/11/2015 20:55,EST,Dual Fuel,3856.0
12/11/2015 20:55,EST,Hydro,3648.0
12/11/2015 20:55,EST,Natural Gas,1913.0
12/11/2015 20:55,EST,Nuclear,5402.0
12/11/2015 20:55,EST,Other Fossil Fuels,207.0
12/11/2015 20:55,EST,Other Renewables,305.0
12/11/2015 20:55,EST,Wind,1187.0
12/11/2015 21:00,EST,Dual Fuel,3852.0
12/11/2015 21:00,EST,Hydro,3569.0
12/11/2015 21:00,EST,Natural Gas,1860.0
12/11/2015 21:00,EST,Nuclear,5403.0
12/11/2015 21:00,EST,Other Fossil Fuels,207.0
12/11/2015 21:00,EST,Other Renewables,304.0
12/11/2015 21:00,EST,Wind,1205.0
12/11/2015 21:05,EST,Dual Fuel,3824.0
12/11/2015 21:05,EST,Hydro,3518.0
12/11/2015 21:05,EST,Natural Gas,1816.0
12/11/2015 21:05,EST,Nuclear,5409.0
12/11/2015 21:05,EST,Other Fossil Fuels,204.0
12/11/2015 21:05,EST,Other Renewables,305.0
12/11/2015 21:05,EST,Wind,1198.0
12/11/2015 21:10,EST,Dual Fuel,3780.0
12/11/2015 21:10,EST,Hydro,3459.0
12/11/2015 21:10,EST,Natural Gas,1815.0
12/11/2015 21:10,EST,Nuclear,5402.0
12/11/2015 21:10,EST,Other Fossil Fuels,178.0
12/11/2015 21:10,EST,Other Renewables,303.0
12/11/2015 21:10,EST,Wind,1175.0
12/11/2015 21:15,EST,Dual Fuel,3698.0
12/11/2015 21:15,EST,Hydro,3470.0
12/11/2015 21:15,EST,Natural Gas,1813.0
12/11/2015 21:15,EST,Nuclear,5403.0
12/11/2015 21:15,EST,Other Fossil Fuels,158.0
12/11/2015 21:15,EST,Other Renewables,304.0
12/11/2015 21:15,EST,Wind,1161.0
12/11/2015 21:20,EST,Dual Fuel,3599.0
12/11/2015 21:20,EST,Hydro,3496.0
12/11/2015 21:20,EST,Natural Gas,1812.0
12/11/2015 21:20,EST,Nuclear,5400.0
12/11/2015 21:20,EST,Other Fossil Fuels,151.0
12/11/2015 21:20,EST,Other Renewables,303.0
12/11/2015 21:20,EST,Wind,1166.0
12/11/2015 21:25,EST,Dual Fuel,3534.0
12/11/2015 21:25,EST,Hydro,3503.0
12/11/2015 21:25,EST,Natural Gas,1832.0
12/11/2015 21:25,EST,Nuclear,5399.0
12/11/2015 21:25,EST,Other Fossil Fuels,144.0
12/11/2015 21:25,EST,Other Renewables,306.0
12/11/2015 21:25,EST,Wind,1159.0
12/11/2015 21:30,EST,Dual Fuel,3517.0
12/11/2015 21:30,EST,Hydro,3486.0
12/11/2015 21:30,EST,Natural Gas,1831.0
12/11/2015 21:30,EST,Nuclear,5405.0
12/11/2015 21:30,EST,Other Fossil Fuels,126.0
12/11/2015 21:30,EST,Other Renewables,306.0
12/11/2015 21:30,EST,Wind,1140.0
12/11/2015 21:35,EST,Dual Fuel,3497.0
12/11/2015 21:35,EST,Hydro,3452.0
12/11/2015 21:35,EST,Natural Gas,1826.0
12/11/2015 21:35,EST,Nuclear,5413.0
12/11/2015 21:35,EST,Other Fossil Fuels,120.0
12/11/2015 21:35,EST,Other Renewables,305.0
12/11/2015 21:35,EST,Wind,1144.0
12/11/2015 21:40,EST,Dual Fuel,3445.0
12/11/2015 21:40,EST,Hydro,3413.0
12/11/2015 21:40,EST,Natural Gas,1833.0
12/11/2015 21:40,EST,Nuclear,5403.0
12/11/2015 21:40,EST,Other Fossil Fuels,120.0
12/11/2015 21:40,EST,Other Renewables,300.0
12/11/2015 21:40,EST,Wind,1154.0
12/11/2015 21:45,EST,Dual Fuel,3386.0
12/11/2015 21:45,EST,Hydro,3368.0
12/11/2015 21:45,EST,Natural Gas,1833.0
12/11/2015 21:45,EST,Nuclear,5397.0
12/11/2015 21:45,EST,Other Fossil Fuels,119.0
12/11/2015 21:45,EST,Other Renewables,305.0
12/11/2015 21:45,EST,Wind,1136.0
12/11/2015 21:50,EST,Dual Fuel,3348.0
12/11/2015 21:50,EST,Hydro,3353.0
12/11/2015 21:50,EST,Natural Gas,1832.0
12/11/2015 21:50,EST,Nuclear,5398.0
12/11/2015 21:50,EST,Other Fossil Fuels,119.0
12/11/2015 21:50,EST,Other Renewables,306.0
12/11/2015 21:50,EST,Wind,1111.0
12/11/2015 21:55,EST,Dual Fuel,3317.0
12/11/2015 21:55,EST,Hydro,3347.0
12/11/2015 21:55,EST,Natural Gas,1819.0
12/11/2015 21:55,EST,Nuclear,5397.0
12/11/2015 21:55,EST,Other Fossil Fuels,120.0
12/11/2015 21:55,EST,Other Renewables,303.0
12/11/2015 21:55,EST,Wind,1068.0
12/11/2015 22:00,EST,Dual Fuel,3305.0
12/11/2015 22:00,EST,Hydro,3312.0
12/11/2015 22:00,EST,Natural Gas,1807.0
12/11/2015 22:00,EST,Nuclear,5394.0
12/11/2015 22:00,EST,Other Fossil Fuels,117.0
12/11/2015 22:00,EST,Other Renewables,301.0
12/11/2015 22:00,EST,Wind,1052.0
12/11/2015 22:05,EST,Dual Fuel,3260.0
12/11/2015 22:05,EST,Hydro,3354.0
12/11/2015 22:05,EST,Natural Gas,1801.0
12/11/2015 22:05,EST,Nuclear,5397.0
12/11/2015 22:05,EST,Other Fossil Fuels,107.0
12/11/2015 22:05,EST,Other Renewables,301.0
12/11/2015 22:05,EST,Wind,1057.0
12/11/2015 22:10,EST,Dual Fuel,3233.0
12/11/2015 22:10,EST,Hydro,3275.0
12/11/2015 22:10,EST,Natural Gas,1804.0
12/11/2015 22:10,EST,Nuclear,5409.0
12/11/2015 22:10,EST,Other Fossil Fuels,96.0
12/11/2015 22:10,EST,Other Renewables,307.0
12/11/2015 22:10,EST,Wind,1066.0
12/11/2015 22:15,EST,Dual Fuel,3190.0
12/11/2015 22:15,EST,Hydro,3256.0
12/11/2015 22:15,EST,Natural Gas,1807.0
12/11/2015 22:15,EST,Nuclear,5414.0
12/11/2015 22:15,EST,Other Fossil Fuels,81.0
12/11/2015 22:15,EST,Other Renewables,304.0
12/11/2015 22:15,EST,Wind,1058.0
12/11/2015 22:20,EST,Dual Fuel,3133.0
12/11/2015 22:20,EST,Hydro,3301.0
12/11/2015 22:20,EST,Natural Gas,1814.0
12/11/2015 22:20,EST,Nuclear,5406.0
12/11/2015 22:20,EST,Other Fossil Fuels,67.0
12/11/2015 22:20,EST,Other Renewables,307.0
12/11/2015 22:20,EST,Wind,1059.0
12/11/2015 22:25,EST,Dual Fuel,3072.0
12/11/2015 22:25,EST,Hydro,3260.0
12/11/2015 22:25,EST,Natural Gas,1816.0
12/11/2015 22:25,EST,Nuclear,5407.0
12/11/2015 22:25,EST,Other Fossil Fuels,54.0
12/11/2015 22:25,EST,Other Renewables,304.0
12/11/2015 22:25,EST,Wind,1055.0
12/11/2015 22:30,EST,Dual Fuel,3030.0
12/11/2015 22:30,EST,Hydro,3224.0
12/11/2015 22:30,EST,Natural Gas,1819.0
12/11/2015 22:30,EST,Nuclear,5406.0
12/11/2015 22:30,EST,Other Fossil Fuels,39.0
12/11/2015 22:30,EST,Other Renewables,304.0
12/11/2015 22:30,EST,Wind,1047.0
12/11/2015 22:35,EST,Dual Fuel,2951.0
12/11/2015 22:35,EST,Hydro,3200.0
12/11/2015 22:35,EST,Natural Gas,1823.0
12/11/2015 22:35,EST,Nuclear,5407.0
12/11/2015 22:35,EST,Other Fossil Fuels,38.0
12/11/2015 22:35,EST,Other Renewables,302.0
12/11/2015 22:35,EST,Wind,1022.0
12/11/2015 22:40,EST,Dual Fuel,2872.0
12/11/2015 22:40,EST,Hydro,3164.0
12/11/2015 22:40,EST,Natural Gas,1826.0
12/11/2015 22:40,EST,Nuclear,5416.0
12/11/2015 22:40,EST,Other Fossil Fuels,38.0
12/11/2015 22:40,EST,Other Renewables,306.0
12/11/2015 22:40,EST,Wind,984.0
12/11/2015 22:45,EST,Dual Fuel,2811.0
12/11/2015 22:45,EST,Hydro,3151.0
12/11/2015 22:45,EST,Natural Gas,1828.0
12/11/2015 22:45,EST,Nuclear,5415.0
12/11/2015 22:45,EST,Other Fossil Fuels,38.0
12/11/2015 22:45,EST,Other Renewables,308.0
12/11/2015 22:45,EST,Wind,968.0
12/11/2015 22:50,EST,Dual Fuel,2738.0
12/11/2015 22:50,EST,Hydro,3136.0
12/11/2015 22:50,EST,Natural Gas,1829.0
12/11/2015 22:50,EST,Nuclear,5416.0
12/11/2015 22:50,EST,Other Fossil Fuels,38.0
12/11/2015 22:50,EST,Other Renewables,306.0
12/11/2015 22:50,EST,Wind,960.0
12/11/2015 22:55,EST,Dual Fuel,2675.0
12/11/2015 22:55,EST,Hydro,3119.0
12/11/2015 22:55,EST,Natural Gas,1815.0
12/11/2015 22:55,EST,Nuclear,5416.0
12/11/2015 22:55,EST,Other Fossil Fuels,38.0
12/11/2015 22:55,EST,Other Renewables,303.0
12/11/2015 22:55,EST,Wind,942.0
12/11/2015 23:00,EST,Dual Fuel,2638.0
12/11/2015 23:00,EST,Hydro,3062.0
12/11/2015 23:00,EST,Natural Gas,1763.0
12/11/2015 23:00,EST,Nuclear,5416.0
12/11/2015 23:00,EST,Other Fossil Fuels,38.0
12/11/2015 23:00,EST,Other Renewables,304.0
12/11/2015 23:00,EST,Wind,936.0
12/11/2015 23:05,EST,Dual Fuel,2553.0
12/11/2015 23:05,EST,Hydro,3006.0
12/11/2015 23:05,EST,Natural Gas,1706.0
12/11/2015 23:05,EST,Nuclear,5414.0
12/11/2015 23:05,EST,Other Fossil Fuels,38.0
12/11/2015 23:05,EST,Other Renewables,305.0
12/11/2015 23:05,EST,Wind,903.0
12/11/2015 23:10,EST,Dual Fuel,2428.0
12/11/2015 23:10,EST,Hydro,3018.0
12/11/2015 23:10,EST,Natural Gas,1677.0
12/11/2015 23:10,EST,Nuclear,5416.0
12/11/2015 23:10,EST,Other Fossil Fuels,38.0
12/11/2015 23:10,EST,Other Renewables,304.0
12/11/2015 23:10,EST,Wind,870.0
12/11/2015 23:15,EST,Dual Fuel,2343.0
12/11/2015 23:15,EST,Hydro,2992.0
12/11/2015 23:15,EST,Natural Gas,1664.0
12/11/2015 23:15,EST,Nuclear,5415.0
12/11/2015 23:15,EST,Other Fossil Fuels,38.0
12/11/2015 23:15,EST,Other Renewables,304.0
12/11/2015 23:15,EST,Wind,850.0
12/11/2015 23:20,EST,Dual Fuel,2321.0
12/11/2015 23:20,EST,Hydro,3028.0
12/11/2015 23:20,EST,Natural Gas,1660.0
12/11/2015 23:20,EST,Nuclear,5415.0
12/11/2015 23:20,EST,Other Fossil Fuels,38.0
12/11/2015 23:20,EST,Other Renewables,302.0
12/11/2015 23:20,EST,Wind,833.0
12/11/2015 23:25,EST,Dual Fuel,2300.0
12/11/2015 23:25,EST,Hydro,2995.0
12/11/2015 23:25,EST,Natural Gas,1656.0
12/11/2015 23:25,EST,Nuclear,5417.0
12/11/2015 23:25,EST,Other Fossil Fuels,37.0
12/11/2015 23:25,EST,Other Renewables,306.0
12/11/2015 23:25,EST,Wind,817.0
12/11/2015 23:30,EST,Dual Fuel,2271.0
12/11/2015 23:30,EST,Hydro,2966.0
12/11/2015 23:30,EST,Natural Gas,1655.0
12/11/2015 23:30,EST,Nuclear,5413.0
12/11/2015 23:30,EST,Other Fossil Fuels,37.0
12/11/2015 23:30,EST,Other Renewables,306.0
12/11/2015 23:30,EST,Wind,796.0
12/11/2015 23:35,EST,Dual Fuel,2193.0
12/11/2015 23:35,EST,Hydro,2953.0
12/11/2015 23:35,EST,Natural Gas,1655.0
12/11/2015 23:35,EST,Nuclear,5416.0
12/11/2015 23:35,EST,Other Fossil Fuels,37.0
12/11/2015 23:35,EST,Other Renewables,301.0
12/11/2015 23:35,EST,Wind,779.0
12/11/2015 23:40,EST,Dual Fuel,2168.0
12/11/2015 23:40,EST,Hydro,2902.0
12/11/2015 23:40,EST,Natural Gas,1657.0
12/11/2015 23:40,EST,Nuclear,5417.0
12/11/2015 23:40,EST,Other Fossil Fuels,37.0
12/11/2015 23:40,EST,Other Renewables,302.0
12/11/2015 23:40,EST,Wind,759.0
12/11/2015 23:45,EST,Dual Fuel,2158.0
12/11/2015 23:45,EST,Hydro,2830.0
12/11/2015 23:45,EST,Natural Gas,1667.0
12/11/2015 23:45,EST,Nuclear,5416.0
12/11/2015 23:45,EST,Other Fossil Fuels,37.0
12/11/2015 23:45,EST,Other Renewables,299.0
12/11/2015 23:45,EST,Wind,747.0
12/11/2015 23:50,EST,Dual Fuel,2138.0
12/11/2015 23:50,EST,Hydro,2745.0
12/11/2015 23:50,EST,Natural Gas,1663.0
12/11/2015 23:50,EST,Nuclear,5416.0
12/11/2015 23:50,EST,Other Fossil Fuels,36.0
12/11/2015 23:50,EST,Other Renewables,299.0
12/11/2015 23:50,EST,Wind,732.0
12/11/2015 23:55,EST,Dual Fuel,2052.0
12/11/2015 23:55,EST,Hydro,2660.0
12/11/2015 23:55,EST,Natural Gas,1663.0
12/11/2015 23:55,EST,Nuclear,5416.0
12/11/2015 23:55,EST,Other Fossil Fuels,37.0
12/11/2015 23:55,EST,Other Renewables,304.0
12/11/2015 23:55,EST,Wind,730.0
12/12/2015 00:00,EST,Dual Fuel,1996.0
12/12/2015 00:00,EST,Hydro,2678.0
12/12/2015 00:00,EST,Natural Gas,1686.0
12/12/2015 00:00,EST,Nuclear,5415.0
12/12/2015 00:00,EST,Other Fossil Fuels,37.0
12/12/2015 00:00,EST,Other Renewables,304.0
12/12/2015 00:00,EST,Wind,726.0